-- MySQL dump 10.13  Distrib 5.7.12, for Win64 (x86_64)
--
-- Host: 127.0.0.1    Database: test
-- ------------------------------------------------------
-- Server version	5.5.5-10.1.14-MariaDB

/*!40101 SET @OLD_CHARACTER_SET_CLIENT=@@CHARACTER_SET_CLIENT */;
/*!40101 SET @OLD_CHARACTER_SET_RESULTS=@@CHARACTER_SET_RESULTS */;
/*!40101 SET @OLD_COLLATION_CONNECTION=@@COLLATION_CONNECTION */;
/*!40101 SET NAMES utf8 */;
/*!40103 SET @OLD_TIME_ZONE=@@TIME_ZONE */;
/*!40103 SET TIME_ZONE='+00:00' */;
/*!40014 SET @OLD_UNIQUE_CHECKS=@@UNIQUE_CHECKS, UNIQUE_CHECKS=0 */;
/*!40014 SET @OLD_FOREIGN_KEY_CHECKS=@@FOREIGN_KEY_CHECKS, FOREIGN_KEY_CHECKS=0 */;
/*!40101 SET @OLD_SQL_MODE=@@SQL_MODE, SQL_MODE='NO_AUTO_VALUE_ON_ZERO' */;
/*!40111 SET @OLD_SQL_NOTES=@@SQL_NOTES, SQL_NOTES=0 */;

--
-- Table structure for table `sys_domain_info`
--

DROP TABLE IF EXISTS `sys_domain_info`;
/*!40101 SET @saved_cs_client     = @@character_set_client */;
/*!40101 SET character_set_client = utf8 */;
CREATE TABLE `sys_domain_info` (
  `domain_id` varchar(30) NOT NULL,
  `domain_name` varchar(300) NOT NULL,
  `domain_status_id` char(1) NOT NULL,
  `domain_create_date` datetime NOT NULL,
  `domain_owner` varchar(30) NOT NULL,
  `domain_maintance_date` datetime DEFAULT NULL,
  `domain_maintance_user` varchar(30) DEFAULT NULL,
  PRIMARY KEY (`domain_id`),
  KEY `fk_sys_idx_05` (`domain_status_id`),
  CONSTRAINT `fk_sys_idx_05` FOREIGN KEY (`domain_status_id`) REFERENCES `sys_domain_status_attr` (`domain_status_id`)
) ENGINE=InnoDB DEFAULT CHARSET=utf8 COMMENT='域管理';
/*!40101 SET character_set_client = @saved_cs_client */;

--
-- Dumping data for table `sys_domain_info`
--

LOCK TABLES `sys_domain_info` WRITE;
/*!40000 ALTER TABLE `sys_domain_info` DISABLE KEYS */;
INSERT INTO `sys_domain_info` VALUES ('mas','管理会计','0','2017-03-01 10:58:18','admin','2017-03-13 19:58:27','demo'),('test','测试','1','2017-03-14 13:48:06','demo','2017-03-14 14:31:09','demo'),('vertex_root','系统顶级域空间','0','2016-12-26 16:43:19','sys','2017-03-13 19:44:37','demo');
/*!40000 ALTER TABLE `sys_domain_info` ENABLE KEYS */;
UNLOCK TABLES;

--
-- Table structure for table `sys_domain_share_info`
--

DROP TABLE IF EXISTS `sys_domain_share_info`;
/*!40101 SET @saved_cs_client     = @@character_set_client */;
/*!40101 SET character_set_client = utf8 */;
CREATE TABLE `sys_domain_share_info` (
  `uuid` varchar(66) NOT NULL,
  `domain_id` varchar(30) NOT NULL,
  `target_domain_id` varchar(30) NOT NULL,
  `Authorization_level` char(1) NOT NULL,
  `create_user` varchar(30) DEFAULT NULL,
  `create_date` date DEFAULT NULL,
  `modify_date` date DEFAULT NULL,
  `modify_user` varchar(30) DEFAULT NULL,
  PRIMARY KEY (`uuid`),
  KEY `fk_sys_domain_share_info_01_idx` (`domain_id`),
  CONSTRAINT `fk_sys_domain_share_info_01` FOREIGN KEY (`domain_id`) REFERENCES `sys_domain_info` (`domain_id`) ON DELETE CASCADE ON UPDATE CASCADE,
  CONSTRAINT `fk_sys_domain_share_info_02` FOREIGN KEY (`domain_id`) REFERENCES `sys_domain_info` (`domain_id`) ON DELETE CASCADE ON UPDATE CASCADE
) ENGINE=InnoDB DEFAULT CHARSET=utf8;
/*!40101 SET character_set_client = @saved_cs_client */;

--
-- Dumping data for table `sys_domain_share_info`
--

LOCK TABLES `sys_domain_share_info` WRITE;
/*!40000 ALTER TABLE `sys_domain_share_info` DISABLE KEYS */;
INSERT INTO `sys_domain_share_info` VALUES ('05918939-0d35-11e7-9c4f-a0c58951c8d5','test','vertex_root','1','demo','2017-03-20','2017-03-20','demo'),('b642fdaa-0866-11e7-952f-a0c58951c8d5','mas','vertex_root','2','admin','2017-03-14','2017-03-14','admin');
/*!40000 ALTER TABLE `sys_domain_share_info` ENABLE KEYS */;
UNLOCK TABLES;

--
-- Table structure for table `sys_domain_status_attr`
--

DROP TABLE IF EXISTS `sys_domain_status_attr`;
/*!40101 SET @saved_cs_client     = @@character_set_client */;
/*!40101 SET character_set_client = utf8 */;
CREATE TABLE `sys_domain_status_attr` (
  `domain_status_id` char(1) NOT NULL,
  `domain_status_name` varchar(300) DEFAULT NULL,
  PRIMARY KEY (`domain_status_id`)
) ENGINE=InnoDB DEFAULT CHARSET=utf8;
/*!40101 SET character_set_client = @saved_cs_client */;

--
-- Dumping data for table `sys_domain_status_attr`
--

LOCK TABLES `sys_domain_status_attr` WRITE;
/*!40000 ALTER TABLE `sys_domain_status_attr` DISABLE KEYS */;
INSERT INTO `sys_domain_status_attr` VALUES ('0','正常'),('1','锁定'),('2','失效');
/*!40000 ALTER TABLE `sys_domain_status_attr` ENABLE KEYS */;
UNLOCK TABLES;

--
-- Table structure for table `sys_handle_logs`
--

DROP TABLE IF EXISTS `sys_handle_logs`;
/*!40101 SET @saved_cs_client     = @@character_set_client */;
/*!40101 SET character_set_client = utf8 */;
CREATE TABLE `sys_handle_logs` (
  `uuid` varchar(60) NOT NULL,
  `user_id` varchar(30) DEFAULT NULL,
  `handle_time` datetime DEFAULT NULL,
  `client_ip` varchar(30) DEFAULT NULL,
  `status_code` varchar(10) DEFAULT NULL,
  `method` varchar(45) DEFAULT NULL,
  `url` varchar(45) DEFAULT NULL,
  `data` varchar(3000) DEFAULT NULL,
  `domain_id` varchar(30) DEFAULT NULL,
  PRIMARY KEY (`uuid`)
) ENGINE=InnoDB DEFAULT CHARSET=utf8;
/*!40101 SET character_set_client = @saved_cs_client */;

--
-- Dumping data for table `sys_handle_logs`
--

LOCK TABLES `sys_handle_logs` WRITE;
/*!40000 ALTER TABLE `sys_handle_logs` DISABLE KEYS */;
INSERT INTO `sys_handle_logs` VALUES ('0021e9ba-0d4f-11e7-964b-a0c58951c8d5','admin','2017-03-20 17:24:21','127.0.0.1','200','GET','/','','vertex_root'),('0087093a-0d56-11e7-964b-a0c58951c8d5','caadmin','2017-03-20 18:14:28','127.0.0.1','200','GET','/HomePage','','mas'),('00b8cfe5-0d56-11e7-964b-a0c58951c8d5','caadmin','2017-03-20 18:14:28','127.0.0.1','200','GET','/v1/auth/main/menu','Id=-1&TypeId=0&_=1490004868737','mas'),('00ef8e74-0d33-11e7-9c4f-a0c58951c8d5','demo','2017-03-20 14:03:54','127.0.0.1','200','GET','/v1/auth/domain/share/page','_=1489989815713&domain_id=vertex_root','mas'),('00f40430-0d33-11e7-9c4f-a0c58951c8d5','demo','2017-03-20 14:03:54','127.0.0.1','200','GET','/v1/auth/domain/owner','','mas'),('00f865f9-0d33-11e7-9c4f-a0c58951c8d5','demo','2017-03-20 14:03:54','127.0.0.1','200','GET','/v1/auth/domain/share/get','domain_id=vertex_root&limit=10&offset=0&order=asc','mas'),('01156429-0d57-11e7-964b-a0c58951c8d5','admin','2017-03-20 18:21:38','127.0.0.1','200','GET','/HomePage','','vertex_root'),('01420b54-0d56-11e7-964b-a0c58951c8d5','caadmin','2017-03-20 18:14:29','127.0.0.1','200','GET','/v1/auth/index/entry','Id=0200000000&_=1490004868738','mas'),('0144524f-0d57-11e7-964b-a0c58951c8d5','admin','2017-03-20 18:21:39','127.0.0.1','200','GET','/v1/auth/main/menu','Id=-1&TypeId=0&_=1490005299145','vertex_root'),('0147cccb-0d56-11e7-964b-a0c58951c8d5','caadmin','2017-03-20 18:14:29','127.0.0.1','200','GET','/v1/auth/main/menu','Id=0200000000&TypeId=1&_=1490004868739','mas'),('01545e5c-0d55-11e7-964b-a0c58951c8d5','demo','2017-03-20 18:07:20','127.0.0.1','200','GET','/v1/auth/HandleLogsPage','_=1490004431218','mas'),('015cbd7e-0d55-11e7-964b-a0c58951c8d5','demo','2017-03-20 18:07:20','127.0.0.1','200','GET','/v1/auth/handle/logs','limit=80&offset=0&order=asc','mas'),('017182c1-0d35-11e7-9c4f-a0c58951c8d5','demo','2017-03-20 14:18:14','127.0.0.1','420','GET','/v1/auth/domain/share/page','_=1489990687823&domain_id=vertex_root','mas'),('01872ef2-0d56-11e7-964b-a0c58951c8d5','caadmin','2017-03-20 18:14:30','127.0.0.1','200','GET','/v1/ca/responsibility/page','','mas'),('018aacb6-0d56-11e7-964b-a0c58951c8d5','caadmin','2017-03-20 18:14:30','127.0.0.1','200','GET','/v1/auth/domain/owner','','mas'),('018f9c36-0d56-11e7-964b-a0c58951c8d5','caadmin','2017-03-20 18:14:30','127.0.0.1','200','GET','/v1/auth/domain/id','','mas'),('01910058-0d56-11e7-964b-a0c58951c8d5','caadmin','2017-03-20 18:14:30','127.0.0.1','403','GET','/v1/auth/resource/org/get','domain_id=mas','mas'),('01928283-0d56-11e7-964b-a0c58951c8d5','caadmin','2017-03-20 18:14:30','127.0.0.1','403','GET','/v1/auth/resource/org/get','domain_id=mas','mas'),('01986883-0d56-11e7-964b-a0c58951c8d5','caadmin','2017-03-20 18:14:30','127.0.0.1','403','GET','/v1/auth/resource/org/get','domain_id=mas&limit=10&offset=0&order=asc','mas'),('01ea009b-0d35-11e7-9c4f-a0c58951c8d5','demo','2017-03-20 14:18:15','127.0.0.1','200','GET','/v1/auth/domain/share/page','_=1489990687824&domain_id=test','mas'),('01ec5f3d-0d35-11e7-9c4f-a0c58951c8d5','demo','2017-03-20 14:18:15','127.0.0.1','200','GET','/v1/auth/domain/owner','','mas'),('01ef85c5-0d35-11e7-9c4f-a0c58951c8d5','demo','2017-03-20 14:18:15','127.0.0.1','200','GET','/v1/auth/domain/share/get','domain_id=test&limit=10&offset=0&order=asc','mas'),('01f39368-0d35-11e7-9c4f-a0c58951c8d5','demo','2017-03-20 14:18:15','127.0.0.1','200','GET','/v1/auth/domain/row/details','domain_id=test','mas'),('01f47da8-0d35-11e7-9c4f-a0c58951c8d5','demo','2017-03-20 14:18:15','127.0.0.1','200','GET','/v1/auth/domain/share/get','domain_id=test','mas'),('021df7a9-0d57-11e7-964b-a0c58951c8d5','admin','2017-03-20 18:21:40','127.0.0.1','200','GET','/v1/auth/index/entry','Id=0100000000&_=1490005299146','vertex_root'),('02267cad-0d57-11e7-964b-a0c58951c8d5','admin','2017-03-20 18:21:40','127.0.0.1','200','GET','/v1/auth/main/menu','Id=0100000000&TypeId=1&_=1490005299147','vertex_root'),('028ff04b-0d57-11e7-964b-a0c58951c8d5','admin','2017-03-20 18:21:41','127.0.0.1','200','GET','/v1/auth/resource/org/page','_=1490005299148','vertex_root'),('02932303-0d57-11e7-964b-a0c58951c8d5','admin','2017-03-20 18:21:41','127.0.0.1','200','GET','/v1/auth/domain/owner','','vertex_root'),('0296320f-0d57-11e7-964b-a0c58951c8d5','admin','2017-03-20 18:21:41','127.0.0.1','200','GET','/v1/auth/domain/id','','vertex_root'),('0297dd1c-0d57-11e7-964b-a0c58951c8d5','admin','2017-03-20 18:21:41','127.0.0.1','200','GET','/v1/auth/resource/org/get','domain_id=vertex_root','vertex_root'),('0298be76-0d57-11e7-964b-a0c58951c8d5','admin','2017-03-20 18:21:41','127.0.0.1','200','GET','/v1/auth/resource/org/get','domain_id=vertex_root','vertex_root'),('029de68f-0d57-11e7-964b-a0c58951c8d5','admin','2017-03-20 18:21:41','127.0.0.1','200','GET','/v1/auth/resource/org/get','domain_id=vertex_root&limit=10&offset=0&order=asc','vertex_root'),('029f598b-0d57-11e7-964b-a0c58951c8d5','admin','2017-03-20 18:21:41','127.0.0.1','200','GET','/v1/auth/resource/org/get','domain_id=vertex_root&limit=10&offset=0&order=asc','vertex_root'),('02a00769-0d57-11e7-964b-a0c58951c8d5','admin','2017-03-20 18:21:41','127.0.0.1','200','GET','/v1/auth/resource/org/get','domain_id=vertex_root&limit=10&offset=0&order=asc','vertex_root'),('02ad134f-0d53-11e7-964b-a0c58951c8d5','dev','2017-03-20 17:53:03','127.0.0.1','200','POST','/login','password=123456&username=caadmin','dev'),('02b06665-0d53-11e7-964b-a0c58951c8d5','caadmin','2017-03-20 17:53:03','127.0.0.1','200','GET','/HomePage','','mas'),('02efef6d-0d53-11e7-964b-a0c58951c8d5','caadmin','2017-03-20 17:53:04','127.0.0.1','200','GET','/v1/auth/main/menu','Id=-1&TypeId=0&_=1490003583977','mas'),('03321707-0d56-11e7-964b-a0c58951c8d5','caadmin','2017-03-20 18:14:33','127.0.0.1','200','GET','/v1/ca/driver/page','','mas'),('0339015c-0d56-11e7-964b-a0c58951c8d5','caadmin','2017-03-20 18:14:33','127.0.0.1','200','GET','/v1/auth/domain/owner','','mas'),('03667c16-0d33-11e7-9c4f-a0c58951c8d5','demo','2017-03-20 14:03:58','127.0.0.1','200','GET','/v1/auth/domain/share/page','_=1489989815714&domain_id=mas','mas'),('0368a98a-0d33-11e7-9c4f-a0c58951c8d5','demo','2017-03-20 14:03:58','127.0.0.1','200','GET','/v1/auth/domain/owner','','mas'),('036bfef0-0d33-11e7-9c4f-a0c58951c8d5','demo','2017-03-20 14:03:58','127.0.0.1','200','GET','/v1/auth/domain/share/get','domain_id=mas&limit=10&offset=0&order=asc','mas'),('036e6901-0d33-11e7-9c4f-a0c58951c8d5','demo','2017-03-20 14:03:58','127.0.0.1','200','GET','/v1/auth/domain/row/details','domain_id=mas','mas'),('036f3639-0d33-11e7-9c4f-a0c58951c8d5','demo','2017-03-20 14:03:58','127.0.0.1','200','GET','/v1/auth/domain/share/get','domain_id=mas','mas'),('03828469-0d55-11e7-964b-a0c58951c8d5','demo','2017-03-20 18:07:24','127.0.0.1','200','GET','/logout','','mas'),('03864947-0d55-11e7-964b-a0c58951c8d5','dev','2017-03-20 18:07:24','127.0.0.1','200','GET','/','','dev'),('03f49d85-0d35-11e7-9c4f-a0c58951c8d5','demo','2017-03-20 14:18:18','127.0.0.1','200','GET','/v1/auth/domain/share/unauth','domain_id=test','mas'),('04ad9472-0d4f-11e7-964b-a0c58951c8d5','admin','2017-03-20 17:24:29','127.0.0.1','200','GET','/','','vertex_root'),('04c98e23-0d33-11e7-9c4f-a0c58951c8d5','demo','2017-03-20 14:04:00','127.0.0.1','200','GET','/v1/auth/domain/share/page','_=1489989815715&domain_id=test','mas'),('04ce5012-0d33-11e7-9c4f-a0c58951c8d5','demo','2017-03-20 14:04:01','127.0.0.1','200','GET','/v1/auth/domain/owner','','mas'),('04d29e05-0d33-11e7-9c4f-a0c58951c8d5','demo','2017-03-20 14:04:01','127.0.0.1','200','GET','/v1/auth/domain/share/get','domain_id=test&limit=10&offset=0&order=asc','mas'),('04d55ca8-0d33-11e7-9c4f-a0c58951c8d5','demo','2017-03-20 14:04:01','127.0.0.1','200','GET','/v1/auth/domain/row/details','domain_id=test','mas'),('04d5a3c1-0d33-11e7-9c4f-a0c58951c8d5','demo','2017-03-20 14:04:01','127.0.0.1','200','GET','/v1/auth/domain/share/get','domain_id=test','mas'),('0509c9ba-0d51-11e7-964b-a0c58951c8d5','demo','2017-03-20 17:38:48','127.0.0.1','200','GET','/v1/auth/user/query','','mas'),('05803d0f-0d68-11e7-964b-a0c58951c8d5','caadmin','2017-03-20 20:23:25','127.0.0.1','200','GET','/HomePage','','mas'),('0593792c-0d35-11e7-9c4f-a0c58951c8d5','demo','2017-03-20 14:18:21','127.0.0.1','200','POST','/v1/auth/domain/share/post','auth_level=1&domain_id=test&target_domain_id=vertex_root','mas'),('05971896-0d35-11e7-9c4f-a0c58951c8d5','demo','2017-03-20 14:18:21','127.0.0.1','200','GET','/v1/auth/domain/share/get','domain_id=test&limit=10&offset=0&order=asc','mas'),('05ae1503-0d57-11e7-964b-a0c58951c8d5','admin','2017-03-20 18:21:46','127.0.0.1','200','GET','/v1/auth/domain/page','','vertex_root'),('05b1ecd8-0d57-11e7-964b-a0c58951c8d5','admin','2017-03-20 18:21:46','127.0.0.1','200','GET','/v1/auth/domain/get','limit=40&offset=0&order=asc','vertex_root'),('05b9d0cf-0d68-11e7-964b-a0c58951c8d5','caadmin','2017-03-20 20:23:26','127.0.0.1','200','GET','/v1/auth/main/menu','Id=-1&TypeId=0&_=1490012606169','mas'),('05ce2292-0d33-11e7-9c4f-a0c58951c8d5','demo','2017-03-20 14:04:02','127.0.0.1','200','GET','/v1/auth/domain/share/page','_=1489989815716&domain_id=vertex_root','mas'),('05d0e66c-0d33-11e7-9c4f-a0c58951c8d5','demo','2017-03-20 14:04:02','127.0.0.1','200','GET','/v1/auth/domain/owner','','mas'),('05d3615f-0d33-11e7-9c4f-a0c58951c8d5','demo','2017-03-20 14:04:02','127.0.0.1','200','GET','/v1/auth/domain/share/get','domain_id=vertex_root&limit=10&offset=0&order=asc','mas'),('05fd6ebe-0d68-11e7-964b-a0c58951c8d5','caadmin','2017-03-20 20:23:26','127.0.0.1','200','GET','/v1/auth/user/query','','mas'),('06241283-0d55-11e7-964b-a0c58951c8d5','dev','2017-03-20 18:07:28','127.0.0.1','200','POST','/login','password=123456&username=caadmin','dev'),('06268e4b-0d55-11e7-964b-a0c58951c8d5','caadmin','2017-03-20 18:07:28','127.0.0.1','200','GET','/HomePage','','mas'),('067ae7e1-0d55-11e7-964b-a0c58951c8d5','caadmin','2017-03-20 18:07:29','127.0.0.1','200','GET','/v1/auth/main/menu','Id=-1&TypeId=0&_=1490004448910','mas'),('07054501-0d35-11e7-9c4f-a0c58951c8d5','demo','2017-03-20 14:18:23','127.0.0.1','200','POST','/v1/auth/domain/share/delete','JSON=%5B%7B%22uuid%22%3A%22cf509506-0879-11e7-952f-a0c58951c8d5%22%2C%22target_domain_id%22%3A%22mas%22%2C%22domain_name%22%3A%22%E7%AE%A1%E7%90%86%E4%BC%9A%E8%AE%A1%22%2C%22auth_level%22%3A%222%22%2C%22create_user%22%3A%22demo%22%2C%22create_date%22%3A%222017-03-14%22%2C%22modify_user%22%3A%22demo%22%2C%22modify_date%22%3A%222017-03-14%22%2C%22state%22%3Atrue%7D%5D&domain_id=test','mas'),('0707d2ca-0d35-11e7-9c4f-a0c58951c8d5','demo','2017-03-20 14:18:23','127.0.0.1','200','GET','/v1/auth/domain/share/get','domain_id=test&limit=10&offset=0&order=asc','mas'),('0739d6cb-0d51-11e7-964b-a0c58951c8d5','demo','2017-03-20 17:38:52','127.0.0.1','200','GET','/logout','','mas'),('073c8f07-0d51-11e7-964b-a0c58951c8d5','dev','2017-03-20 17:38:52','127.0.0.1','200','GET','/','','dev'),('0910d121-0d67-11e7-964b-a0c58951c8d5','caadmin','2017-03-20 20:16:22','127.0.0.1','200','GET','/HomePage','','mas'),('095de71c-0d67-11e7-964b-a0c58951c8d5','caadmin','2017-03-20 20:16:22','127.0.0.1','200','GET','/v1/auth/main/menu','Id=-1&TypeId=0&_=1490012182701','mas'),('0a6c1298-0d67-11e7-964b-a0c58951c8d5','caadmin','2017-03-20 20:16:24','127.0.0.1','200','GET','/v1/auth/user/query','','mas'),('0bffafbe-0d54-11e7-964b-a0c58951c8d5','caadmin','2017-03-20 18:00:28','127.0.0.1','200','GET','/HomePage','','mas'),('0d03e6c7-0d67-11e7-964b-a0c58951c8d5','caadmin','2017-03-20 20:16:29','127.0.0.1','200','GET','/logout','','mas'),('0d05e6ed-0d67-11e7-964b-a0c58951c8d5','dev','2017-03-20 20:16:29','127.0.0.1','200','GET','/','','dev'),('0e1291ec-0d35-11e7-9c4f-a0c58951c8d5','demo','2017-03-20 14:18:35','127.0.0.1','420','GET','/v1/auth/domain/share/page','_=1489990687825&domain_id=test','mas'),('0f1d5556-0d35-11e7-9c4f-a0c58951c8d5','demo','2017-03-20 14:18:37','127.0.0.1','420','GET','/v1/auth/domain/share/page','_=1489990687826&domain_id=test','mas'),('0f8e358a-0d35-11e7-9c4f-a0c58951c8d5','demo','2017-03-20 14:18:38','127.0.0.1','420','GET','/v1/auth/domain/share/page','_=1489990687827&domain_id=test','mas'),('0f8e4418-0d67-11e7-964b-a0c58951c8d5','dev','2017-03-20 20:16:33','127.0.0.1','200','POST','/login','password=123456&username=demo','dev'),('0f9ab1ed-0d67-11e7-964b-a0c58951c8d5','demo','2017-03-20 20:16:33','127.0.0.1','200','GET','/HomePage','','mas'),('0fbd687a-0d67-11e7-964b-a0c58951c8d5','demo','2017-03-20 20:16:33','127.0.0.1','200','GET','/v1/auth/main/menu','Id=-1&TypeId=0&_=1490012193505','mas'),('1083f618-0d6e-11e7-964b-a0c58951c8d5','admin','2017-03-20 21:06:41','127.0.0.1','200','GET','/HomePage','','vertex_root'),('10b7e89c-0d6e-11e7-964b-a0c58951c8d5','admin','2017-03-20 21:06:41','127.0.0.1','200','GET','/v1/auth/main/menu','Id=-1&TypeId=0&_=1490015201600','vertex_root'),('10ee1ccb-0d67-11e7-964b-a0c58951c8d5','demo','2017-03-20 20:16:35','127.0.0.1','200','GET','/v1/auth/user/query','','mas'),('11f64efa-0d55-11e7-964b-a0c58951c8d5','caadmin','2017-03-20 18:07:48','127.0.0.1','200','GET','/HomePage','','mas'),('1259f43a-0d55-11e7-964b-a0c58951c8d5','caadmin','2017-03-20 18:07:48','127.0.0.1','200','GET','/v1/auth/main/menu','Id=-1&TypeId=0&_=1490004468797','mas'),('1275ec29-0d6c-11e7-964b-a0c58951c8d5','admin','2017-03-20 20:52:25','127.0.0.1','200','GET','/v1/auth/domain/page','','vertex_root'),('127b9a43-0d6c-11e7-964b-a0c58951c8d5','admin','2017-03-20 20:52:25','127.0.0.1','200','GET','/v1/auth/domain/get','limit=40&offset=0&order=asc','vertex_root'),('1382f90a-0d35-11e7-9c4f-a0c58951c8d5','demo','2017-03-20 14:18:44','127.0.0.1','403','PUT','/v1/auth/domain/update','domainDesc=%E6%B5%8B%E8%AF%95&domainId=test&domainStatus=0','mas'),('13bd2632-0d55-11e7-964b-a0c58951c8d5','caadmin','2017-03-20 18:07:51','127.0.0.1','200','GET','/HomePage','','mas'),('13c1e6f6-0d56-11e7-964b-a0c58951c8d5','caadmin','2017-03-20 18:15:00','127.0.0.1','200','GET','/HomePage','','mas'),('13ee1718-0d56-11e7-964b-a0c58951c8d5','caadmin','2017-03-20 18:15:01','127.0.0.1','200','GET','/v1/auth/main/menu','Id=-1&TypeId=0&_=1490004900972','mas'),('141701a5-0d55-11e7-964b-a0c58951c8d5','caadmin','2017-03-20 18:07:51','127.0.0.1','200','GET','/v1/auth/main/menu','Id=-1&TypeId=0&_=1490004471745','mas'),('1430c343-0d6c-11e7-964b-a0c58951c8d5','admin','2017-03-20 20:52:28','127.0.0.1','200','GET','/v1/auth/domain/page','','vertex_root'),('1435ee2d-0d6c-11e7-964b-a0c58951c8d5','admin','2017-03-20 20:52:28','127.0.0.1','200','GET','/v1/auth/domain/get','limit=40&offset=0&order=asc','vertex_root'),('14515f83-0d55-11e7-964b-a0c58951c8d5','caadmin','2017-03-20 18:07:52','127.0.0.1','200','GET','/v1/auth/user/query','','mas'),('14ca0f3a-0d56-11e7-964b-a0c58951c8d5','caadmin','2017-03-20 18:15:02','127.0.0.1','200','GET','/v1/auth/index/entry','Id=0200000000&_=1490004900973','mas'),('14cde9be-0d56-11e7-964b-a0c58951c8d5','caadmin','2017-03-20 18:15:02','127.0.0.1','200','GET','/v1/auth/main/menu','Id=0200000000&TypeId=1&_=1490004900974','mas'),('14f22861-0d52-11e7-964b-a0c58951c8d5','caadmin','2017-03-20 17:46:24','127.0.0.1','200','GET','/HomePage','','mas'),('15152036-0d67-11e7-964b-a0c58951c8d5','demo','2017-03-20 20:16:42','127.0.0.1','200','GET','/v1/auth/user/query','','mas'),('153a318b-0d52-11e7-964b-a0c58951c8d5','caadmin','2017-03-20 17:46:25','127.0.0.1','200','GET','/v1/auth/main/menu','Id=-1&TypeId=0&_=1490003185147','mas'),('153e6765-0d56-11e7-964b-a0c58951c8d5','caadmin','2017-03-20 18:15:03','127.0.0.1','200','GET','/v1/ca/responsibility/page','','mas'),('1543f9cf-0d56-11e7-964b-a0c58951c8d5','caadmin','2017-03-20 18:15:03','127.0.0.1','200','GET','/v1/auth/domain/owner','','mas'),('1546d358-0d56-11e7-964b-a0c58951c8d5','caadmin','2017-03-20 18:15:03','127.0.0.1','200','GET','/v1/auth/domain/id','','mas'),('154961be-0d56-11e7-964b-a0c58951c8d5','caadmin','2017-03-20 18:15:03','127.0.0.1','403','GET','/v1/auth/resource/org/get','domain_id=mas','mas'),('154a22d8-0d56-11e7-964b-a0c58951c8d5','caadmin','2017-03-20 18:15:03','127.0.0.1','403','GET','/v1/auth/resource/org/get','domain_id=mas','mas'),('154f1814-0d56-11e7-964b-a0c58951c8d5','caadmin','2017-03-20 18:15:03','127.0.0.1','403','GET','/v1/auth/resource/org/get','domain_id=mas&limit=10&offset=0&order=asc','mas'),('157f7e7a-0d6c-11e7-964b-a0c58951c8d5','admin','2017-03-20 20:52:30','127.0.0.1','200','GET','/v1/auth/resource/org/page','_=1490014270891','vertex_root'),('15872458-0d6c-11e7-964b-a0c58951c8d5','admin','2017-03-20 20:52:30','127.0.0.1','200','GET','/v1/auth/domain/owner','','vertex_root'),('1589f18f-0d6c-11e7-964b-a0c58951c8d5','admin','2017-03-20 20:52:30','127.0.0.1','200','GET','/v1/auth/domain/id','','vertex_root'),('158b4fa3-0d35-11e7-9c4f-a0c58951c8d5','demo','2017-03-20 14:18:48','127.0.0.1','200','GET','/HomePage','','mas'),('158c6de5-0d6c-11e7-964b-a0c58951c8d5','admin','2017-03-20 20:52:30','127.0.0.1','200','GET','/v1/auth/resource/org/get','domain_id=vertex_root','vertex_root'),('158d17e1-0d6c-11e7-964b-a0c58951c8d5','admin','2017-03-20 20:52:30','127.0.0.1','200','GET','/v1/auth/resource/org/get','domain_id=vertex_root','vertex_root'),('158fcf58-0d6c-11e7-964b-a0c58951c8d5','admin','2017-03-20 20:52:30','127.0.0.1','200','GET','/v1/auth/resource/org/get','domain_id=vertex_root&limit=10&offset=0&order=asc','vertex_root'),('159246cb-0d6c-11e7-964b-a0c58951c8d5','admin','2017-03-20 20:52:30','127.0.0.1','200','GET','/v1/auth/resource/org/get','domain_id=vertex_root&limit=10&offset=0&order=asc','vertex_root'),('15931207-0d6c-11e7-964b-a0c58951c8d5','admin','2017-03-20 20:52:30','127.0.0.1','200','GET','/v1/auth/resource/org/get','domain_id=vertex_root&limit=10&offset=0&order=asc','vertex_root'),('15d484b0-0d35-11e7-9c4f-a0c58951c8d5','demo','2017-03-20 14:18:48','127.0.0.1','200','GET','/v1/auth/main/menu','Id=-1&TypeId=0&_=1489990728442','mas'),('15e2b798-0d68-11e7-964b-a0c58951c8d5','caadmin','2017-03-20 20:23:53','127.0.0.1','200','GET','/HomePage','','mas'),('160ccd69-0d68-11e7-964b-a0c58951c8d5','caadmin','2017-03-20 20:23:53','127.0.0.1','200','GET','/v1/auth/main/menu','Id=-1&TypeId=0&_=1490012633557','mas'),('164467b6-0d52-11e7-964b-a0c58951c8d5','caadmin','2017-03-20 17:46:27','127.0.0.1','200','GET','/HomePage','','mas'),('168eda36-0d52-11e7-964b-a0c58951c8d5','caadmin','2017-03-20 17:46:27','127.0.0.1','200','GET','/v1/auth/main/menu','Id=-1&TypeId=0&_=1490003187307','mas'),('169c0007-0d68-11e7-964b-a0c58951c8d5','caadmin','2017-03-20 20:23:54','127.0.0.1','200','GET','/v1/auth/user/query','','mas'),('16c8850b-0d56-11e7-964b-a0c58951c8d5','caadmin','2017-03-20 18:15:05','127.0.0.1','200','GET','/v1/ca/cost/direction/page','','mas'),('16ce74f6-0d56-11e7-964b-a0c58951c8d5','caadmin','2017-03-20 18:15:05','127.0.0.1','200','GET','/v1/auth/domain/owner','','mas'),('16d8a472-0d67-11e7-964b-a0c58951c8d5','demo','2017-03-20 20:16:45','127.0.0.1','200','GET','/logout','','mas'),('16da5d43-0d67-11e7-964b-a0c58951c8d5','dev','2017-03-20 20:16:45','127.0.0.1','200','GET','/','','dev'),('1802a654-0d55-11e7-964b-a0c58951c8d5','caadmin','2017-03-20 18:07:58','127.0.0.1','200','GET','/v1/auth/user/query','','mas'),('18d0e7ed-0d6c-11e7-964b-a0c58951c8d5','admin','2017-03-20 20:52:36','127.0.0.1','200','GET','/v1/auth/user/page','_=1490014270892','vertex_root'),('18d474ed-0d6c-11e7-964b-a0c58951c8d5','admin','2017-03-20 20:52:36','127.0.0.1','200','GET','/v1/auth/domain/owner','','vertex_root'),('18d61c3e-0d6c-11e7-964b-a0c58951c8d5','admin','2017-03-20 20:52:36','127.0.0.1','200','GET','/v1/auth/domain/id','','vertex_root'),('18d96ccb-0d6c-11e7-964b-a0c58951c8d5','admin','2017-03-20 20:52:36','127.0.0.1','200','GET','/v1/auth/resource/org/get','domain_id=vertex_root','vertex_root'),('18dca836-0d6c-11e7-964b-a0c58951c8d5','admin','2017-03-20 20:52:36','127.0.0.1','200','GET','/v1/auth/user/get','domain_id=vertex_root&limit=10&offset=0&order=asc','vertex_root'),('18df83c3-0d6c-11e7-964b-a0c58951c8d5','admin','2017-03-20 20:52:36','127.0.0.1','200','GET','/v1/auth/user/get','domain_id=vertex_root&limit=10&offset=0&order=asc','vertex_root'),('19f5cef2-0d55-11e7-964b-a0c58951c8d5','caadmin','2017-03-20 18:08:01','127.0.0.1','200','GET','/HomePage','','mas'),('1a4a06dc-0d6c-11e7-964b-a0c58951c8d5','admin','2017-03-20 20:52:38','127.0.0.1','200','GET','/v1/auth/domain/page','','vertex_root'),('1a4aeac5-0d34-11e7-9c4f-a0c58951c8d5','demo','2017-03-20 14:11:46','127.0.0.1','200','GET','/v1/auth/index/entry','Id=0100000000&_=1489990236262','mas'),('1a4ef6cf-0d6c-11e7-964b-a0c58951c8d5','admin','2017-03-20 20:52:38','127.0.0.1','200','GET','/v1/auth/domain/get','limit=40&offset=0&order=asc','vertex_root'),('1a53731f-0d34-11e7-9c4f-a0c58951c8d5','demo','2017-03-20 14:11:46','127.0.0.1','200','GET','/v1/auth/main/menu','Id=0100000000&TypeId=1&_=1489990236263','mas'),('1a54c154-0d55-11e7-964b-a0c58951c8d5','caadmin','2017-03-20 18:08:02','127.0.0.1','200','GET','/v1/auth/main/menu','Id=-1&TypeId=0&_=1490004482189','mas'),('1b0a92c3-0d6d-11e7-964b-a0c58951c8d5','admin','2017-03-20 20:59:49','127.0.0.1','200','GET','/v1/auth/resource/page','_=1490014647750','vertex_root'),('1b0ccbc1-0d34-11e7-9c4f-a0c58951c8d5','demo','2017-03-20 14:11:47','127.0.0.1','200','GET','/v1/auth/domain/page','','mas'),('1b0ec61c-0d6d-11e7-964b-a0c58951c8d5','admin','2017-03-20 20:59:49','127.0.0.1','200','GET','/v1/auth/resource/get','','vertex_root'),('1b126174-0d34-11e7-9c4f-a0c58951c8d5','demo','2017-03-20 14:11:47','127.0.0.1','200','GET','/v1/auth/domain/get','limit=40&offset=0&order=asc','mas'),('1b2de7a1-0d55-11e7-964b-a0c58951c8d5','caadmin','2017-03-20 18:08:03','127.0.0.1','200','GET','/HomePage','','mas'),('1b7f7b3e-0d55-11e7-964b-a0c58951c8d5','caadmin','2017-03-20 18:08:04','127.0.0.1','200','GET','/v1/auth/main/menu','Id=-1&TypeId=0&_=1490004484140','mas'),('1b951603-0d6c-11e7-964b-a0c58951c8d5','admin','2017-03-20 20:52:40','127.0.0.1','200','GET','/v1/auth/HandleLogsPage','_=1490014270894','vertex_root'),('1b9caf43-0d6c-11e7-964b-a0c58951c8d5','admin','2017-03-20 20:52:40','127.0.0.1','200','GET','/v1/auth/handle/logs','limit=80&offset=0&order=asc','vertex_root'),('1bb97c72-0d6f-11e7-964b-a0c58951c8d5','admin','2017-03-20 21:14:09','127.0.0.1','200','GET','/HomePage','','vertex_root'),('1be2bd07-0d6f-11e7-964b-a0c58951c8d5','admin','2017-03-20 21:14:09','127.0.0.1','200','GET','/v1/auth/main/menu','Id=-1&TypeId=0&_=1490015649842','vertex_root'),('1be63ffa-0d55-11e7-964b-a0c58951c8d5','caadmin','2017-03-20 18:08:04','127.0.0.1','200','GET','/v1/auth/user/query','','mas'),('1ca09d25-0d67-11e7-964b-a0c58951c8d5','dev','2017-03-20 20:16:55','127.0.0.1','200','POST','/login','password=123456&username=caadmin','dev'),('1ca4724f-0d67-11e7-964b-a0c58951c8d5','caadmin','2017-03-20 20:16:55','127.0.0.1','200','GET','/HomePage','','mas'),('1cced4dc-0d67-11e7-964b-a0c58951c8d5','caadmin','2017-03-20 20:16:55','127.0.0.1','200','GET','/v1/auth/main/menu','Id=-1&TypeId=0&_=1490012215404','mas'),('1db47fe9-0d6f-11e7-964b-a0c58951c8d5','admin','2017-03-20 21:14:12','127.0.0.1','200','GET','/logout','','vertex_root'),('1db68bd4-0d6f-11e7-964b-a0c58951c8d5','dev','2017-03-20 21:14:13','127.0.0.1','200','GET','/','','dev'),('1dbccf7e-0d67-11e7-964b-a0c58951c8d5','caadmin','2017-03-20 20:16:57','127.0.0.1','200','GET','/v1/auth/user/query','','mas'),('1df47e8e-0d34-11e7-9c4f-a0c58951c8d5','demo','2017-03-20 14:11:52','127.0.0.1','200','GET','/v1/auth/domain/share/page','_=1489990236265&domain_id=vertex_root','mas'),('1df85d70-0d34-11e7-9c4f-a0c58951c8d5','demo','2017-03-20 14:11:52','127.0.0.1','200','GET','/v1/auth/domain/owner','','mas'),('1dfc8cd2-0d34-11e7-9c4f-a0c58951c8d5','demo','2017-03-20 14:11:52','127.0.0.1','200','GET','/v1/auth/domain/share/get','domain_id=vertex_root&limit=10&offset=0&order=asc','mas'),('1fc95d8f-0d6d-11e7-964b-a0c58951c8d5','admin','2017-03-20 20:59:57','127.0.0.1','200','GET','/v1/auth/resource/queryTheme','res_id=1100000000&theme_id=1001','vertex_root'),('1fc95dba-0d6d-11e7-964b-a0c58951c8d5','admin','2017-03-20 20:59:57','127.0.0.1','200','GET','/v1/auth/resource/query','res_id=1100000000','vertex_root'),('1ff07e2d-0d6b-11e7-964b-a0c58951c8d5','caadmin','2017-03-20 20:45:38','127.0.0.1','200','GET','/HomePage','','mas'),('201a2f8f-0d6b-11e7-964b-a0c58951c8d5','caadmin','2017-03-20 20:45:39','127.0.0.1','200','GET','/v1/auth/main/menu','Id=-1&TypeId=0&_=1490013938926','mas'),('2033469c-0d55-11e7-964b-a0c58951c8d5','caadmin','2017-03-20 18:08:12','127.0.0.1','200','GET','/logout','','mas'),('20363354-0d55-11e7-964b-a0c58951c8d5','dev','2017-03-20 18:08:12','127.0.0.1','200','GET','/','','dev'),('21e1a0f2-0d6b-11e7-964b-a0c58951c8d5','caadmin','2017-03-20 20:45:42','127.0.0.1','200','GET','/v1/auth/user/query','','mas'),('229bf072-0d6b-11e7-964b-a0c58951c8d5','caadmin','2017-03-20 20:45:43','127.0.0.1','200','POST','/v1/auth/theme/update','theme_id=1001','mas'),('229e694f-0d6b-11e7-964b-a0c58951c8d5','caadmin','2017-03-20 20:45:43','127.0.0.1','200','GET','/HomePage','','mas'),('22c6d432-0d6b-11e7-964b-a0c58951c8d5','caadmin','2017-03-20 20:45:43','127.0.0.1','200','GET','/v1/auth/main/menu','Id=-1&TypeId=0&_=1490013943411','mas'),('230e8a5c-0d52-11e7-964b-a0c58951c8d5','caadmin','2017-03-20 17:46:48','127.0.0.1','200','GET','/HomePage','','mas'),('23409847-0d51-11e7-964b-a0c58951c8d5','dev','2017-03-20 17:39:39','127.0.0.1','200','GET','/','','dev'),('23567703-0d55-11e7-964b-a0c58951c8d5','dev','2017-03-20 18:08:17','127.0.0.1','200','POST','/login','password=123456&username=caadmin','dev'),('235abdb6-0d55-11e7-964b-a0c58951c8d5','caadmin','2017-03-20 18:08:17','127.0.0.1','200','GET','/HomePage','','mas'),('235bd41c-0d52-11e7-964b-a0c58951c8d5','caadmin','2017-03-20 17:46:48','127.0.0.1','200','GET','/v1/auth/main/menu','Id=-1&TypeId=0&_=1490003208826','mas'),('23b47c0f-0d55-11e7-964b-a0c58951c8d5','caadmin','2017-03-20 18:08:18','127.0.0.1','200','GET','/v1/auth/main/menu','Id=-1&TypeId=0&_=1490004497915','mas'),('23d9cf6d-0d6b-11e7-964b-a0c58951c8d5','caadmin','2017-03-20 20:45:45','127.0.0.1','200','GET','/v1/auth/user/query','','mas'),('24152298-0d3d-11e7-964b-a0c58951c8d5','admin','2017-03-20 15:16:30','127.0.0.1','200','GET','/HomePage','','vertex_root'),('2445845c-0d3d-11e7-964b-a0c58951c8d5','admin','2017-03-20 15:16:31','127.0.0.1','200','GET','/v1/auth/main/menu','Id=-1&TypeId=0&_=1489994190979','vertex_root'),('24a191a5-0d3d-11e7-964b-a0c58951c8d5','admin','2017-03-20 15:16:31','127.0.0.1','200','GET','/v1/auth/index/entry','Id=0100000000&_=1489994190980','vertex_root'),('24ab0a1c-0d3d-11e7-964b-a0c58951c8d5','admin','2017-03-20 15:16:31','127.0.0.1','200','GET','/v1/auth/main/menu','Id=0100000000&TypeId=1&_=1489994190981','vertex_root'),('24add19c-0d6b-11e7-964b-a0c58951c8d5','caadmin','2017-03-20 20:45:46','127.0.0.1','200','POST','/v1/auth/theme/update','theme_id=1004','mas'),('24b0b93e-0d6b-11e7-964b-a0c58951c8d5','caadmin','2017-03-20 20:45:46','127.0.0.1','200','GET','/HomePage','','mas'),('24d3d6e9-0d6b-11e7-964b-a0c58951c8d5','caadmin','2017-03-20 20:45:46','127.0.0.1','200','GET','/v1/auth/main/menu','Id=-1&TypeId=0&_=1490013946870','mas'),('24f5d38f-0d3d-11e7-964b-a0c58951c8d5','admin','2017-03-20 15:16:32','127.0.0.1','200','GET','/v1/auth/domain/page','','vertex_root'),('24ffd8e9-0d3d-11e7-964b-a0c58951c8d5','admin','2017-03-20 15:16:32','127.0.0.1','200','GET','/v1/auth/domain/get','limit=40&offset=0&order=asc','vertex_root'),('25525343-0d55-11e7-964b-a0c58951c8d5','caadmin','2017-03-20 18:08:20','127.0.0.1','200','GET','/logout','','mas'),('2555292d-0d55-11e7-964b-a0c58951c8d5','dev','2017-03-20 18:08:20','127.0.0.1','200','GET','/','','dev'),('25bfe036-0d3d-11e7-964b-a0c58951c8d5','admin','2017-03-20 15:16:33','127.0.0.1','200','GET','/v1/auth/domain/share/page','_=1489994190983&domain_id=vertex_root','vertex_root'),('25c3de72-0d3d-11e7-964b-a0c58951c8d5','admin','2017-03-20 15:16:33','127.0.0.1','200','GET','/v1/auth/domain/owner','','vertex_root'),('25c68e5c-0d3d-11e7-964b-a0c58951c8d5','admin','2017-03-20 15:16:33','127.0.0.1','200','GET','/v1/auth/domain/share/get','domain_id=vertex_root&limit=10&offset=0&order=asc','vertex_root'),('25cd5187-0d3d-11e7-964b-a0c58951c8d5','admin','2017-03-20 15:16:33','127.0.0.1','200','GET','/v1/auth/domain/row/details','domain_id=vertex_root','vertex_root'),('25cdc25c-0d3d-11e7-964b-a0c58951c8d5','admin','2017-03-20 15:16:33','127.0.0.1','200','GET','/v1/auth/domain/share/get','domain_id=vertex_root','vertex_root'),('26553218-0d3d-11e7-964b-a0c58951c8d5','admin','2017-03-20 15:16:34','127.0.0.1','200','GET','/HomePage','','vertex_root'),('267d2e07-0d3d-11e7-964b-a0c58951c8d5','admin','2017-03-20 15:16:34','127.0.0.1','200','GET','/v1/auth/main/menu','Id=-1&TypeId=0&_=1489994194698','vertex_root'),('268ffc54-0d51-11e7-964b-a0c58951c8d5','dev','2017-03-20 17:39:44','127.0.0.1','200','POST','/login','password=123456&username=caadmin','dev'),('2691efc3-0d51-11e7-964b-a0c58951c8d5','caadmin','2017-03-20 17:39:44','127.0.0.1','200','GET','/HomePage','','mas'),('26bf3c98-0d51-11e7-964b-a0c58951c8d5','caadmin','2017-03-20 17:39:45','127.0.0.1','200','GET','/v1/auth/main/menu','Id=-1&TypeId=0&_=1490002785039','mas'),('26efadf6-0d3d-11e7-964b-a0c58951c8d5','admin','2017-03-20 15:16:35','127.0.0.1','200','GET','/v1/auth/index/entry','Id=0400000000&_=1489994194699','vertex_root'),('26f3d36d-0d3d-11e7-964b-a0c58951c8d5','admin','2017-03-20 15:16:35','127.0.0.1','200','GET','/v1/auth/main/menu','Id=0400000000&TypeId=1&_=1489994194700','vertex_root'),('278748fe-0d3d-11e7-964b-a0c58951c8d5','admin','2017-03-20 15:16:36','127.0.0.1','200','GET','/v1/auth/resource/org/page','_=1489994194701','vertex_root'),('278c6b2d-0d3d-11e7-964b-a0c58951c8d5','admin','2017-03-20 15:16:36','127.0.0.1','200','GET','/v1/auth/domain/owner','','vertex_root'),('278f2472-0d3d-11e7-964b-a0c58951c8d5','admin','2017-03-20 15:16:36','127.0.0.1','200','GET','/v1/auth/domain/id','','vertex_root'),('279150ad-0d3d-11e7-964b-a0c58951c8d5','admin','2017-03-20 15:16:36','127.0.0.1','200','GET','/v1/auth/resource/org/get','domain_id=vertex_root','vertex_root'),('2791fd4f-0d3d-11e7-964b-a0c58951c8d5','admin','2017-03-20 15:16:36','127.0.0.1','200','GET','/v1/auth/resource/org/get','domain_id=vertex_root','vertex_root'),('2795d4cb-0d3d-11e7-964b-a0c58951c8d5','admin','2017-03-20 15:16:36','127.0.0.1','200','GET','/v1/auth/resource/org/get','domain_id=vertex_root&limit=10&offset=0&order=asc','vertex_root'),('2796aa4f-0d3d-11e7-964b-a0c58951c8d5','admin','2017-03-20 15:16:36','127.0.0.1','200','GET','/v1/auth/resource/org/get','domain_id=vertex_root&limit=10&offset=0&order=asc','vertex_root'),('27970e3e-0d3d-11e7-964b-a0c58951c8d5','admin','2017-03-20 15:16:36','127.0.0.1','200','GET','/v1/auth/resource/org/get','domain_id=vertex_root&limit=10&offset=0&order=asc','vertex_root'),('27f047c7-0d55-11e7-964b-a0c58951c8d5','dev','2017-03-20 18:08:25','127.0.0.1','200','POST','/login','password=zhanwei&username=admin','dev'),('27f36629-0d55-11e7-964b-a0c58951c8d5','admin','2017-03-20 18:08:25','127.0.0.1','200','GET','/HomePage','','vertex_root'),('28080132-0d3d-11e7-964b-a0c58951c8d5','admin','2017-03-20 15:16:37','127.0.0.1','200','GET','/HomePage','','vertex_root'),('2828fd18-0d3d-11e7-964b-a0c58951c8d5','admin','2017-03-20 15:16:37','127.0.0.1','200','GET','/v1/auth/main/menu','Id=-1&TypeId=0&_=1489994197528','vertex_root'),('28398d61-0d55-11e7-964b-a0c58951c8d5','admin','2017-03-20 18:08:25','127.0.0.1','200','GET','/v1/auth/main/menu','Id=-1&TypeId=0&_=1490004505502','vertex_root'),('2898060f-0d3d-11e7-964b-a0c58951c8d5','admin','2017-03-20 15:16:38','127.0.0.1','200','GET','/v1/auth/index/entry','Id=0200000000&_=1489994197529','vertex_root'),('289dd707-0d3d-11e7-964b-a0c58951c8d5','admin','2017-03-20 15:16:38','127.0.0.1','200','GET','/v1/auth/main/menu','Id=0200000000&TypeId=1&_=1489994197530','vertex_root'),('28a2a332-0d55-11e7-964b-a0c58951c8d5','admin','2017-03-20 18:08:26','127.0.0.1','200','GET','/v1/auth/index/entry','Id=0100000000&_=1490004505503','vertex_root'),('28afa8ad-0d55-11e7-964b-a0c58951c8d5','admin','2017-03-20 18:08:26','127.0.0.1','200','GET','/v1/auth/main/menu','Id=0100000000&TypeId=1&_=1490004505504','vertex_root'),('28f67e61-0d55-11e7-964b-a0c58951c8d5','admin','2017-03-20 18:08:26','127.0.0.1','200','GET','/v1/auth/domain/page','','vertex_root'),('29081d36-0d55-11e7-964b-a0c58951c8d5','admin','2017-03-20 18:08:26','127.0.0.1','200','GET','/v1/auth/domain/get','limit=40&offset=0&order=asc','vertex_root'),('294e78f2-0d6e-11e7-964b-a0c58951c8d5','admin','2017-03-20 21:07:22','127.0.0.1','200','GET','/HomePage','','vertex_root'),('2976b7e5-0d6e-11e7-964b-a0c58951c8d5','admin','2017-03-20 21:07:23','127.0.0.1','200','GET','/v1/auth/main/menu','Id=-1&TypeId=0&_=1490015243125','vertex_root'),('2a5b683a-0d3d-11e7-964b-a0c58951c8d5','admin','2017-03-20 15:16:41','127.0.0.1','200','GET','/HomePage','','vertex_root'),('2a7f6536-0d3d-11e7-964b-a0c58951c8d5','admin','2017-03-20 15:16:41','127.0.0.1','200','GET','/v1/auth/main/menu','Id=-1&TypeId=0&_=1489994201446','vertex_root'),('2a99c44b-0d6e-11e7-964b-a0c58951c8d5','admin','2017-03-20 21:07:25','127.0.0.1','200','GET','/v1/auth/index/entry','Id=0100000000&_=1490015243126','vertex_root'),('2aa20d76-0d6e-11e7-964b-a0c58951c8d5','admin','2017-03-20 21:07:25','127.0.0.1','200','GET','/v1/auth/main/menu','Id=0100000000&TypeId=1&_=1490015243127','vertex_root'),('2ae8b698-0d55-11e7-964b-a0c58951c8d5','admin','2017-03-20 18:08:30','127.0.0.1','200','GET','/logout','','vertex_root'),('2aeb4f07-0d55-11e7-964b-a0c58951c8d5','dev','2017-03-20 18:08:30','127.0.0.1','200','GET','/','','dev'),('2b2a7f9c-0d6e-11e7-964b-a0c58951c8d5','admin','2017-03-20 21:07:26','127.0.0.1','200','GET','/v1/auth/user/query','','vertex_root'),('2b529ad8-0d3d-11e7-964b-a0c58951c8d5','admin','2017-03-20 15:16:42','127.0.0.1','200','GET','/v1/auth/index/entry','Id=0200000000&_=1489994201447','vertex_root'),('2b56519c-0d3d-11e7-964b-a0c58951c8d5','admin','2017-03-20 15:16:42','127.0.0.1','200','GET','/v1/auth/main/menu','Id=0200000000&TypeId=1&_=1489994201448','vertex_root'),('2ba29b69-0d6e-11e7-964b-a0c58951c8d5','admin','2017-03-20 21:07:26','127.0.0.1','200','POST','/v1/auth/theme/update','theme_id=1001','vertex_root'),('2ba542be-0d6e-11e7-964b-a0c58951c8d5','admin','2017-03-20 21:07:26','127.0.0.1','200','GET','/HomePage','','vertex_root'),('2bc4ad7e-0d6e-11e7-964b-a0c58951c8d5','admin','2017-03-20 21:07:27','127.0.0.1','200','GET','/v1/auth/main/menu','Id=-1&TypeId=0&_=1490015247015','vertex_root'),('2c4c4858-0d6e-11e7-964b-a0c58951c8d5','admin','2017-03-20 21:07:27','127.0.0.1','200','GET','/v1/auth/index/entry','Id=0100000000&_=1490015247016','vertex_root'),('2c5366a1-0d6e-11e7-964b-a0c58951c8d5','admin','2017-03-20 21:07:28','127.0.0.1','200','GET','/v1/auth/main/menu','Id=0100000000&TypeId=1&_=1490015247017','vertex_root'),('2c61917e-0d3d-11e7-964b-a0c58951c8d5','admin','2017-03-20 15:16:44','127.0.0.1','200','GET','/HomePage','','vertex_root'),('2c82b887-0d3d-11e7-964b-a0c58951c8d5','admin','2017-03-20 15:16:44','127.0.0.1','200','GET','/v1/auth/main/menu','Id=-1&TypeId=0&_=1489994204828','vertex_root'),('2d56d525-0d6e-11e7-964b-a0c58951c8d5','admin','2017-03-20 21:07:29','127.0.0.1','200','GET','/v1/auth/user/query','','vertex_root'),('2d7e016d-0d3f-11e7-964b-a0c58951c8d5','admin','2017-03-20 15:31:05','127.0.0.1','200','GET','/HomePage','','vertex_root'),('2da6f5e1-0d3f-11e7-964b-a0c58951c8d5','admin','2017-03-20 15:31:05','127.0.0.1','200','GET','/v1/auth/main/menu','Id=-1&TypeId=0&_=1489995065720','vertex_root'),('2df13d43-0d6b-11e7-964b-a0c58951c8d5','caadmin','2017-03-20 20:46:02','127.0.0.1','200','GET','/v1/auth/index/entry','Id=0200000000&_=1490013946871','mas'),('2df76714-0d6b-11e7-964b-a0c58951c8d5','caadmin','2017-03-20 20:46:02','127.0.0.1','200','GET','/v1/auth/main/menu','Id=0200000000&TypeId=1&_=1490013946872','mas'),('2e3cc64f-0d55-11e7-964b-a0c58951c8d5','dev','2017-03-20 18:08:35','127.0.0.1','200','POST','/login','password=123456&username=caadmin','dev'),('2e3fa56d-0d55-11e7-964b-a0c58951c8d5','caadmin','2017-03-20 18:08:35','127.0.0.1','200','GET','/HomePage','','mas'),('2e41a03e-0d6e-11e7-964b-a0c58951c8d5','admin','2017-03-20 21:07:31','127.0.0.1','200','POST','/v1/auth/theme/update','theme_id=1004','vertex_root'),('2e44c27e-0d6e-11e7-964b-a0c58951c8d5','admin','2017-03-20 21:07:31','127.0.0.1','200','GET','/HomePage','','vertex_root'),('2e67680b-0d6e-11e7-964b-a0c58951c8d5','admin','2017-03-20 21:07:31','127.0.0.1','200','GET','/v1/auth/main/menu','Id=-1&TypeId=0&_=1490015251438','vertex_root'),('2e794b8f-0d6b-11e7-964b-a0c58951c8d5','caadmin','2017-03-20 20:46:03','127.0.0.1','200','GET','/v1/auth/user/query','','mas'),('2e9848f2-0d55-11e7-964b-a0c58951c8d5','caadmin','2017-03-20 18:08:36','127.0.0.1','200','GET','/v1/auth/main/menu','Id=-1&TypeId=0&_=1490004516197','mas'),('2f0a7665-0d6b-11e7-964b-a0c58951c8d5','caadmin','2017-03-20 20:46:04','127.0.0.1','200','POST','/v1/auth/theme/update','theme_id=1001','mas'),('2f0cef72-0d6b-11e7-964b-a0c58951c8d5','caadmin','2017-03-20 20:46:04','127.0.0.1','200','GET','/HomePage','','mas'),('2f340cb2-0d6b-11e7-964b-a0c58951c8d5','caadmin','2017-03-20 20:46:04','127.0.0.1','200','GET','/v1/auth/main/menu','Id=-1&TypeId=0&_=1490013964265','mas'),('2fd6db25-0d6b-11e7-964b-a0c58951c8d5','caadmin','2017-03-20 20:46:05','127.0.0.1','200','GET','/v1/auth/index/entry','Id=0200000000&_=1490013964266','mas'),('2fddac9c-0d6b-11e7-964b-a0c58951c8d5','caadmin','2017-03-20 20:46:05','127.0.0.1','200','GET','/v1/auth/main/menu','Id=0200000000&TypeId=1&_=1490013964267','mas'),('308e863a-0d6b-11e7-964b-a0c58951c8d5','caadmin','2017-03-20 20:46:06','127.0.0.1','200','GET','/v1/ca/responsibility/page','','mas'),('3091db0f-0d6b-11e7-964b-a0c58951c8d5','caadmin','2017-03-20 20:46:06','127.0.0.1','200','GET','/v1/auth/domain/owner','','mas'),('3094b461-0d6b-11e7-964b-a0c58951c8d5','caadmin','2017-03-20 20:46:06','127.0.0.1','200','GET','/v1/auth/domain/id','','mas'),('30973fe5-0d6b-11e7-964b-a0c58951c8d5','caadmin','2017-03-20 20:46:06','127.0.0.1','403','GET','/v1/auth/resource/org/get','domain_id=mas','mas'),('309816d8-0d6b-11e7-964b-a0c58951c8d5','caadmin','2017-03-20 20:46:06','127.0.0.1','403','GET','/v1/auth/resource/org/get','domain_id=mas','mas'),('309c3607-0d6b-11e7-964b-a0c58951c8d5','caadmin','2017-03-20 20:46:06','127.0.0.1','403','GET','/v1/auth/resource/org/get','domain_id=mas&limit=10&offset=0&order=asc','mas'),('30de0569-0d3f-11e7-964b-a0c58951c8d5','admin','2017-03-20 15:31:11','127.0.0.1','200','GET','/v1/auth/index/entry','Id=0100000000&_=1489995065721','vertex_root'),('30e5603a-0d3f-11e7-964b-a0c58951c8d5','admin','2017-03-20 15:31:11','127.0.0.1','200','GET','/v1/auth/main/menu','Id=0100000000&TypeId=1&_=1489995065722','vertex_root'),('313697a5-0d6b-11e7-964b-a0c58951c8d5','caadmin','2017-03-20 20:46:07','127.0.0.1','200','GET','/v1/auth/user/query','','mas'),('313b4ca1-0d3f-11e7-964b-a0c58951c8d5','admin','2017-03-20 15:31:11','127.0.0.1','200','GET','/v1/auth/domain/page','','vertex_root'),('3142693a-0d3f-11e7-964b-a0c58951c8d5','admin','2017-03-20 15:31:11','127.0.0.1','200','GET','/v1/auth/domain/get','limit=40&offset=0&order=asc','vertex_root'),('31e1dded-0d6b-11e7-964b-a0c58951c8d5','caadmin','2017-03-20 20:46:08','127.0.0.1','200','POST','/v1/auth/theme/update','theme_id=1004','mas'),('31e497a9-0d6b-11e7-964b-a0c58951c8d5','caadmin','2017-03-20 20:46:08','127.0.0.1','200','GET','/HomePage','','mas'),('31ef5218-0d57-11e7-964b-a0c58951c8d5','admin','2017-03-20 18:23:00','127.0.0.1','200','GET','/HomePage','','vertex_root'),('32051d0b-0d6b-11e7-964b-a0c58951c8d5','caadmin','2017-03-20 20:46:09','127.0.0.1','200','GET','/v1/auth/main/menu','Id=-1&TypeId=0&_=1490013969014','mas'),('321b3efe-0d57-11e7-964b-a0c58951c8d5','admin','2017-03-20 18:23:01','127.0.0.1','200','GET','/v1/auth/main/menu','Id=-1&TypeId=0&_=1490005381088','vertex_root'),('3277dbe1-0d57-11e7-964b-a0c58951c8d5','admin','2017-03-20 18:23:01','127.0.0.1','200','GET','/HomePage','','vertex_root'),('327a1f76-0d3f-11e7-964b-a0c58951c8d5','admin','2017-03-20 15:31:13','127.0.0.1','200','GET','/v1/auth/domain/page','','vertex_root'),('327d6ba5-0d3f-11e7-964b-a0c58951c8d5','admin','2017-03-20 15:31:13','127.0.0.1','200','GET','/v1/auth/domain/get','limit=40&offset=0&order=asc','vertex_root'),('32a67747-0d57-11e7-964b-a0c58951c8d5','admin','2017-03-20 18:23:02','127.0.0.1','200','GET','/v1/auth/main/menu','Id=-1&TypeId=0&_=1490005382029','vertex_root'),('32bcbd47-0d57-11e7-964b-a0c58951c8d5','admin','2017-03-20 18:23:02','127.0.0.1','200','GET','/v1/auth/index/entry','Id=0100000000&_=1490005382030','vertex_root'),('32c54a54-0d57-11e7-964b-a0c58951c8d5','admin','2017-03-20 18:23:02','127.0.0.1','200','GET','/v1/auth/main/menu','Id=0100000000&TypeId=1&_=1490005382031','vertex_root'),('332ff8a5-0d57-11e7-964b-a0c58951c8d5','admin','2017-03-20 18:23:03','127.0.0.1','200','GET','/v1/auth/domain/page','','vertex_root'),('3336bdc3-0d57-11e7-964b-a0c58951c8d5','admin','2017-03-20 18:23:03','127.0.0.1','200','GET','/v1/auth/domain/get','limit=40&offset=0&order=asc','vertex_root'),('3353e73e-0d3f-11e7-964b-a0c58951c8d5','admin','2017-03-20 15:31:15','127.0.0.1','200','GET','/v1/auth/domain/share/page','_=1489995065725&domain_id=vertex_root','vertex_root'),('33563283-0d3f-11e7-964b-a0c58951c8d5','admin','2017-03-20 15:31:15','127.0.0.1','200','GET','/v1/auth/domain/owner','','vertex_root'),('33582214-0d3f-11e7-964b-a0c58951c8d5','admin','2017-03-20 15:31:15','127.0.0.1','200','GET','/v1/auth/domain/share/get','domain_id=vertex_root&limit=10&offset=0&order=asc','vertex_root'),('335a4b8f-0d3f-11e7-964b-a0c58951c8d5','admin','2017-03-20 15:31:15','127.0.0.1','200','GET','/v1/auth/domain/share/get','domain_id=vertex_root','vertex_root'),('335c04b2-0d3f-11e7-964b-a0c58951c8d5','admin','2017-03-20 15:31:15','127.0.0.1','200','GET','/v1/auth/domain/row/details','domain_id=vertex_root','vertex_root'),('337a008f-0d6b-11e7-964b-a0c58951c8d5','caadmin','2017-03-20 20:46:11','127.0.0.1','200','GET','/v1/auth/user/query','','mas'),('340cf9d8-0d3f-11e7-964b-a0c58951c8d5','admin','2017-03-20 15:31:16','127.0.0.1','200','GET','/HomePage','','vertex_root'),('3435ad47-0d3f-11e7-964b-a0c58951c8d5','admin','2017-03-20 15:31:16','127.0.0.1','200','GET','/v1/auth/main/menu','Id=-1&TypeId=0&_=1489995076709','vertex_root'),('347a1354-0d6b-11e7-964b-a0c58951c8d5','caadmin','2017-03-20 20:46:13','127.0.0.1','200','POST','/v1/auth/theme/update','theme_id=1001','mas'),('347c81f2-0d6b-11e7-964b-a0c58951c8d5','caadmin','2017-03-20 20:46:13','127.0.0.1','200','GET','/HomePage','','mas'),('349061fe-0d54-11e7-964b-a0c58951c8d5','caadmin','2017-03-20 18:01:36','127.0.0.1','200','GET','/HomePage','','mas'),('349c6f54-0d6b-11e7-964b-a0c58951c8d5','caadmin','2017-03-20 20:46:13','127.0.0.1','200','GET','/v1/auth/main/menu','Id=-1&TypeId=0&_=1490013973361','mas'),('35284043-0d57-11e7-964b-a0c58951c8d5','admin','2017-03-20 18:23:06','127.0.0.1','200','GET','/v1/auth/resource/org/page','_=1490005382033','vertex_root'),('352a517e-0d57-11e7-964b-a0c58951c8d5','admin','2017-03-20 18:23:06','127.0.0.1','200','GET','/v1/auth/domain/owner','','vertex_root'),('352e217e-0d57-11e7-964b-a0c58951c8d5','admin','2017-03-20 18:23:06','127.0.0.1','200','GET','/v1/auth/domain/id','','vertex_root'),('35314965-0d57-11e7-964b-a0c58951c8d5','admin','2017-03-20 18:23:06','127.0.0.1','200','GET','/v1/auth/resource/org/get','domain_id=vertex_root','vertex_root'),('3531c607-0d57-11e7-964b-a0c58951c8d5','admin','2017-03-20 18:23:06','127.0.0.1','200','GET','/v1/auth/resource/org/get','domain_id=vertex_root','vertex_root'),('3534c072-0d57-11e7-964b-a0c58951c8d5','admin','2017-03-20 18:23:06','127.0.0.1','200','GET','/v1/auth/resource/org/get','domain_id=vertex_root&limit=10&offset=0&order=asc','vertex_root'),('3537aa07-0d57-11e7-964b-a0c58951c8d5','admin','2017-03-20 18:23:06','127.0.0.1','200','GET','/v1/auth/resource/org/get','domain_id=vertex_root&limit=10&offset=0&order=asc','vertex_root'),('35395332-0d57-11e7-964b-a0c58951c8d5','admin','2017-03-20 18:23:06','127.0.0.1','200','GET','/v1/auth/resource/org/get','domain_id=vertex_root&limit=10&offset=0&order=asc','vertex_root'),('355d2b76-0d3f-11e7-964b-a0c58951c8d5','admin','2017-03-20 15:31:18','127.0.0.1','200','GET','/logout','','vertex_root'),('355f928f-0d3f-11e7-964b-a0c58951c8d5','dev','2017-03-20 15:31:18','127.0.0.1','200','GET','/','','dev'),('357b683a-0d6b-11e7-964b-a0c58951c8d5','caadmin','2017-03-20 20:46:14','127.0.0.1','200','GET','/v1/auth/user/query','','mas'),('35bc05fe-0d6c-11e7-964b-a0c58951c8d5','admin','2017-03-20 20:53:24','127.0.0.1','200','GET','/v1/auth/domain/page','','vertex_root'),('35bf036d-0d6c-11e7-964b-a0c58951c8d5','admin','2017-03-20 20:53:24','127.0.0.1','200','GET','/v1/auth/domain/get','limit=40&offset=0&order=asc','vertex_root'),('36516f32-0d6b-11e7-964b-a0c58951c8d5','caadmin','2017-03-20 20:46:16','127.0.0.1','200','POST','/v1/auth/theme/update','theme_id=1004','mas'),('3653af76-0d6b-11e7-964b-a0c58951c8d5','caadmin','2017-03-20 20:46:16','127.0.0.1','200','GET','/HomePage','','mas'),('36746af2-0d6b-11e7-964b-a0c58951c8d5','caadmin','2017-03-20 20:46:16','127.0.0.1','200','GET','/v1/auth/main/menu','Id=-1&TypeId=0&_=1490013976457','mas'),('37012c7a-0d6b-11e7-964b-a0c58951c8d5','caadmin','2017-03-20 20:46:17','127.0.0.1','200','GET','/v1/auth/index/entry','Id=0200000000&_=1490013976458','mas'),('37073a61-0d6b-11e7-964b-a0c58951c8d5','caadmin','2017-03-20 20:46:17','127.0.0.1','200','GET','/v1/auth/main/menu','Id=0200000000&TypeId=1&_=1490013976459','mas'),('37182869-0d6c-11e7-964b-a0c58951c8d5','admin','2017-03-20 20:53:27','127.0.0.1','200','GET','/v1/auth/user/query','','vertex_root'),('379d077a-0d3f-11e7-964b-a0c58951c8d5','dev','2017-03-20 15:31:22','127.0.0.1','200','POST','/login','password=123456&username=demo','dev'),('379e8383-0d3f-11e7-964b-a0c58951c8d5','demo','2017-03-20 15:31:22','127.0.0.1','200','GET','/HomePage','','mas'),('37af7e83-0d6b-11e7-964b-a0c58951c8d5','caadmin','2017-03-20 20:46:18','127.0.0.1','200','GET','/v1/ca/responsibility/page','','mas'),('37b1bef6-0d6b-11e7-964b-a0c58951c8d5','caadmin','2017-03-20 20:46:18','127.0.0.1','200','GET','/v1/auth/domain/owner','','mas'),('37b48143-0d6b-11e7-964b-a0c58951c8d5','caadmin','2017-03-20 20:46:18','127.0.0.1','200','GET','/v1/auth/domain/id','','mas'),('37b631cf-0d6b-11e7-964b-a0c58951c8d5','caadmin','2017-03-20 20:46:18','127.0.0.1','403','GET','/v1/auth/resource/org/get','domain_id=mas','mas'),('37b72094-0d6b-11e7-964b-a0c58951c8d5','caadmin','2017-03-20 20:46:18','127.0.0.1','403','GET','/v1/auth/resource/org/get','domain_id=mas','mas'),('37b97565-0d6b-11e7-964b-a0c58951c8d5','caadmin','2017-03-20 20:46:18','127.0.0.1','403','GET','/v1/auth/resource/org/get','domain_id=mas&limit=10&offset=0&order=asc','mas'),('37bd4332-0d3f-11e7-964b-a0c58951c8d5','demo','2017-03-20 15:31:22','127.0.0.1','200','GET','/v1/auth/main/menu','Id=-1&TypeId=0&_=1489995082670','mas'),('3805bd2d-0d6c-11e7-964b-a0c58951c8d5','admin','2017-03-20 20:53:28','127.0.0.1','200','POST','/v1/auth/theme/update','theme_id=1001','vertex_root'),('38095b18-0d6c-11e7-964b-a0c58951c8d5','admin','2017-03-20 20:53:28','127.0.0.1','200','GET','/HomePage','','vertex_root'),('38240aad-0d3f-11e7-964b-a0c58951c8d5','demo','2017-03-20 15:31:23','127.0.0.1','200','GET','/v1/auth/index/entry','Id=0100000000&_=1489995082671','mas'),('382ae5e5-0d3f-11e7-964b-a0c58951c8d5','demo','2017-03-20 15:31:23','127.0.0.1','200','GET','/v1/auth/main/menu','Id=0100000000&TypeId=1&_=1489995082672','mas'),('3831fcad-0d6c-11e7-964b-a0c58951c8d5','admin','2017-03-20 20:53:28','127.0.0.1','200','GET','/v1/auth/main/menu','Id=-1&TypeId=0&_=1490014408836','vertex_root'),('38457dac-0d34-11e7-9c4f-a0c58951c8d5','demo','2017-03-20 14:12:36','127.0.0.1','200','GET','/v1/auth/main/menu','Id=-1&TypeId=0&_=1489990356727','mas'),('38a821db-0d34-11e7-9c4f-a0c58951c8d5','demo','2017-03-20 14:12:37','127.0.0.1','200','GET','/v1/auth/index/entry','Id=0100000000&_=1489990356728','mas'),('38afbc9f-0d34-11e7-9c4f-a0c58951c8d5','demo','2017-03-20 14:12:37','127.0.0.1','200','GET','/v1/auth/main/menu','Id=0100000000&TypeId=1&_=1489990356729','mas'),('38b709c7-0d3f-11e7-964b-a0c58951c8d5','demo','2017-03-20 15:31:24','127.0.0.1','200','GET','/v1/auth/domain/page','','mas'),('38be49be-0d3f-11e7-964b-a0c58951c8d5','demo','2017-03-20 15:31:24','127.0.0.1','200','GET','/v1/auth/domain/get','limit=40&offset=0&order=asc','mas'),('38fc52a1-0d6c-11e7-964b-a0c58951c8d5','admin','2017-03-20 20:53:30','127.0.0.1','200','GET','/v1/auth/user/query','','vertex_root'),('391c43f9-0d34-11e7-9c4f-a0c58951c8d5','demo','2017-03-20 14:12:38','127.0.0.1','200','GET','/v1/auth/domain/page','','mas'),('3928d5ce-0d34-11e7-9c4f-a0c58951c8d5','demo','2017-03-20 14:12:38','127.0.0.1','200','GET','/v1/auth/domain/get','limit=40&offset=0&order=asc','mas'),('3935c918-0d6b-11e7-964b-a0c58951c8d5','caadmin','2017-03-20 20:46:21','127.0.0.1','200','GET','/v1/auth/user/query','','mas'),('3981674b-0d3f-11e7-964b-a0c58951c8d5','demo','2017-03-20 15:31:25','127.0.0.1','420','GET','/v1/auth/domain/share/page','_=1489995082674&domain_id=vertex_root','mas'),('3996f383-0d6c-11e7-964b-a0c58951c8d5','admin','2017-03-20 20:53:31','127.0.0.1','200','POST','/v1/auth/theme/update','theme_id=1004','vertex_root'),('399964c7-0d6c-11e7-964b-a0c58951c8d5','admin','2017-03-20 20:53:31','127.0.0.1','200','GET','/HomePage','','vertex_root'),('39b9cf8b-0d6c-11e7-964b-a0c58951c8d5','admin','2017-03-20 20:53:31','127.0.0.1','200','GET','/v1/auth/main/menu','Id=-1&TypeId=0&_=1490014411433','vertex_root'),('39f5872d-0d6b-11e7-964b-a0c58951c8d5','caadmin','2017-03-20 20:46:22','127.0.0.1','200','POST','/v1/auth/theme/update','theme_id=1004','mas'),('39f7d11c-0d6b-11e7-964b-a0c58951c8d5','caadmin','2017-03-20 20:46:22','127.0.0.1','200','GET','/HomePage','','mas'),('3a174eb6-0d6b-11e7-964b-a0c58951c8d5','caadmin','2017-03-20 20:46:22','127.0.0.1','200','GET','/v1/auth/main/menu','Id=-1&TypeId=0&_=1490013982558','mas'),('3a228e23-0d34-11e7-9c4f-a0c58951c8d5','demo','2017-03-20 14:12:39','127.0.0.1','200','GET','/v1/auth/domain/share/page','_=1489990356731&domain_id=vertex_root','mas'),('3a250945-0d34-11e7-9c4f-a0c58951c8d5','demo','2017-03-20 14:12:40','127.0.0.1','200','GET','/v1/auth/domain/owner','','mas'),('3a2a4634-0d34-11e7-9c4f-a0c58951c8d5','demo','2017-03-20 14:12:40','127.0.0.1','200','GET','/v1/auth/domain/share/get','domain_id=vertex_root&limit=10&offset=0&order=asc','mas'),('3acb3c36-0d6b-11e7-964b-a0c58951c8d5','caadmin','2017-03-20 20:46:23','127.0.0.1','200','GET','/v1/auth/index/entry','Id=0200000000&_=1490013982559','mas'),('3ad0dd25-0d6b-11e7-964b-a0c58951c8d5','caadmin','2017-03-20 20:46:23','127.0.0.1','200','GET','/v1/auth/main/menu','Id=0200000000&TypeId=1&_=1490013982560','mas'),('3b0294d4-0d6c-11e7-964b-a0c58951c8d5','admin','2017-03-20 20:53:33','127.0.0.1','200','GET','/HomePage','','vertex_root'),('3b20e63a-0d6c-11e7-964b-a0c58951c8d5','admin','2017-03-20 20:53:33','127.0.0.1','200','GET','/v1/auth/main/menu','Id=-1&TypeId=0&_=1490014413794','vertex_root'),('3ba1f5f6-0d6b-11e7-964b-a0c58951c8d5','caadmin','2017-03-20 20:46:25','127.0.0.1','200','GET','/v1/auth/user/query','','mas'),('3bee024b-0d6c-11e7-964b-a0c58951c8d5','admin','2017-03-20 20:53:35','127.0.0.1','200','GET','/v1/auth/index/entry','Id=0400000000&_=1490014413795','vertex_root'),('3bf1aca9-0d6c-11e7-964b-a0c58951c8d5','admin','2017-03-20 20:53:35','127.0.0.1','200','GET','/v1/auth/main/menu','Id=0400000000&TypeId=1&_=1490014413796','vertex_root'),('3c479821-0d6b-11e7-964b-a0c58951c8d5','caadmin','2017-03-20 20:46:26','127.0.0.1','200','POST','/v1/auth/theme/update','theme_id=1001','mas'),('3c499965-0d6b-11e7-964b-a0c58951c8d5','caadmin','2017-03-20 20:46:26','127.0.0.1','200','GET','/HomePage','','mas'),('3c67fde1-0d6b-11e7-964b-a0c58951c8d5','caadmin','2017-03-20 20:46:26','127.0.0.1','200','GET','/v1/auth/main/menu','Id=-1&TypeId=0&_=1490013986445','mas'),('3c6a5de9-0d6c-11e7-964b-a0c58951c8d5','admin','2017-03-20 20:53:36','127.0.0.1','200','GET','/v1/auth/resource/org/page','_=1490014413797','vertex_root'),('3c6d492d-0d6c-11e7-964b-a0c58951c8d5','admin','2017-03-20 20:53:36','127.0.0.1','200','GET','/v1/auth/domain/owner','','vertex_root'),('3c70497a-0d6c-11e7-964b-a0c58951c8d5','admin','2017-03-20 20:53:36','127.0.0.1','200','GET','/v1/auth/domain/id','','vertex_root'),('3c726a72-0d6c-11e7-964b-a0c58951c8d5','admin','2017-03-20 20:53:36','127.0.0.1','200','GET','/v1/auth/resource/org/get','domain_id=vertex_root','vertex_root'),('3c732169-0d6c-11e7-964b-a0c58951c8d5','admin','2017-03-20 20:53:36','127.0.0.1','200','GET','/v1/auth/resource/org/get','domain_id=vertex_root','vertex_root'),('3c7743cb-0d6c-11e7-964b-a0c58951c8d5','admin','2017-03-20 20:53:36','127.0.0.1','200','GET','/v1/auth/resource/org/get','domain_id=vertex_root&limit=10&offset=0&order=asc','vertex_root'),('3c78698b-0d6c-11e7-964b-a0c58951c8d5','admin','2017-03-20 20:53:36','127.0.0.1','200','GET','/v1/auth/resource/org/get','domain_id=vertex_root&limit=10&offset=0&order=asc','vertex_root'),('3c78b7cf-0d6c-11e7-964b-a0c58951c8d5','admin','2017-03-20 20:53:36','127.0.0.1','200','GET','/v1/auth/resource/org/get','domain_id=vertex_root&limit=10&offset=0&order=asc','vertex_root'),('3d099ffe-0d6c-11e7-964b-a0c58951c8d5','admin','2017-03-20 20:53:37','127.0.0.1','200','GET','/v1/auth/user/query','','vertex_root'),('3d0df5e9-0d6b-11e7-964b-a0c58951c8d5','caadmin','2017-03-20 20:46:27','127.0.0.1','200','GET','/v1/auth/index/entry','Id=0400000000&_=1490013986446','mas'),('3d107be5-0d6b-11e7-964b-a0c58951c8d5','caadmin','2017-03-20 20:46:27','127.0.0.1','200','GET','/v1/auth/main/menu','Id=0400000000&TypeId=1&_=1490013986447','mas'),('3d8976b6-0d6b-11e7-964b-a0c58951c8d5','caadmin','2017-03-20 20:46:28','127.0.0.1','200','GET','/v1/auth/user/query','','mas'),('3dbea77e-0d6c-11e7-964b-a0c58951c8d5','admin','2017-03-20 20:53:38','127.0.0.1','200','POST','/v1/auth/theme/update','theme_id=1004','vertex_root'),('3dc0f694-0d6c-11e7-964b-a0c58951c8d5','admin','2017-03-20 20:53:38','127.0.0.1','200','GET','/HomePage','','vertex_root'),('3de28658-0d6c-11e7-964b-a0c58951c8d5','admin','2017-03-20 20:53:38','127.0.0.1','200','GET','/v1/auth/main/menu','Id=-1&TypeId=0&_=1490014418408','vertex_root'),('3deaa4d4-0d67-11e7-964b-a0c58951c8d5','caadmin','2017-03-20 20:17:51','127.0.0.1','200','GET','/HomePage','','mas'),('3e29a0e1-0d6b-11e7-964b-a0c58951c8d5','caadmin','2017-03-20 20:46:29','127.0.0.1','200','POST','/v1/auth/theme/update','theme_id=1004','mas'),('3e2b9f0b-0d6b-11e7-964b-a0c58951c8d5','caadmin','2017-03-20 20:46:29','127.0.0.1','200','GET','/HomePage','','mas'),('3e30158f-0d67-11e7-964b-a0c58951c8d5','caadmin','2017-03-20 20:17:51','127.0.0.1','200','GET','/v1/auth/main/menu','Id=-1&TypeId=0&_=1490012271319','mas'),('3e4cc1ed-0d6b-11e7-964b-a0c58951c8d5','caadmin','2017-03-20 20:46:29','127.0.0.1','200','GET','/v1/auth/main/menu','Id=-1&TypeId=0&_=1490013989620','mas'),('3e90b82d-0d67-11e7-964b-a0c58951c8d5','caadmin','2017-03-20 20:17:52','127.0.0.1','200','GET','/v1/auth/user/query','','mas'),('3e9566e5-0d6c-11e7-964b-a0c58951c8d5','admin','2017-03-20 20:53:39','127.0.0.1','200','GET','/v1/auth/index/entry','Id=0100000000&_=1490014418409','vertex_root'),('3e9cb303-0d6c-11e7-964b-a0c58951c8d5','admin','2017-03-20 20:53:39','127.0.0.1','200','GET','/v1/auth/main/menu','Id=0100000000&TypeId=1&_=1490014418410','vertex_root'),('3efe8525-0d6b-11e7-964b-a0c58951c8d5','caadmin','2017-03-20 20:46:30','127.0.0.1','200','GET','/v1/auth/user/query','','mas'),('3f6f6007-0d6c-11e7-964b-a0c58951c8d5','admin','2017-03-20 20:53:41','127.0.0.1','200','GET','/v1/auth/domain/page','','vertex_root'),('3f74fbcb-0d6c-11e7-964b-a0c58951c8d5','admin','2017-03-20 20:53:41','127.0.0.1','200','GET','/v1/auth/domain/get','limit=40&offset=0&order=asc','vertex_root'),('3f82bed4-0d6b-11e7-964b-a0c58951c8d5','caadmin','2017-03-20 20:46:31','127.0.0.1','200','POST','/v1/auth/theme/update','theme_id=1001','mas'),('3f859354-0d6b-11e7-964b-a0c58951c8d5','caadmin','2017-03-20 20:46:31','127.0.0.1','200','GET','/HomePage','','mas'),('3fa489be-0d6b-11e7-964b-a0c58951c8d5','caadmin','2017-03-20 20:46:31','127.0.0.1','200','GET','/v1/auth/main/menu','Id=-1&TypeId=0&_=1490013991874','mas'),('402b4d5c-0d68-11e7-964b-a0c58951c8d5','caadmin','2017-03-20 20:25:04','127.0.0.1','200','GET','/HomePage','','mas'),('404a1d5c-0d6b-11e7-964b-a0c58951c8d5','caadmin','2017-03-20 20:46:33','127.0.0.1','200','GET','/v1/auth/index/entry','Id=0200000000&_=1490013991875','mas'),('404f8b3e-0d6b-11e7-964b-a0c58951c8d5','caadmin','2017-03-20 20:46:33','127.0.0.1','200','GET','/v1/auth/main/menu','Id=0200000000&TypeId=1&_=1490013991876','mas'),('40586e14-0d68-11e7-964b-a0c58951c8d5','caadmin','2017-03-20 20:25:04','127.0.0.1','200','GET','/v1/auth/main/menu','Id=-1&TypeId=0&_=1490012704520','mas'),('40a837e9-0d6b-11e7-964b-a0c58951c8d5','caadmin','2017-03-20 20:46:33','127.0.0.1','200','GET','/v1/ca/responsibility/page','','mas'),('40aa8725-0d6b-11e7-964b-a0c58951c8d5','caadmin','2017-03-20 20:46:33','127.0.0.1','200','GET','/v1/auth/domain/owner','','mas'),('40accf58-0d6b-11e7-964b-a0c58951c8d5','caadmin','2017-03-20 20:46:33','127.0.0.1','200','GET','/v1/auth/domain/id','','mas'),('40af2765-0d6b-11e7-964b-a0c58951c8d5','caadmin','2017-03-20 20:46:33','127.0.0.1','403','GET','/v1/auth/resource/org/get','domain_id=mas','mas'),('40afdafe-0d6b-11e7-964b-a0c58951c8d5','caadmin','2017-03-20 20:46:33','127.0.0.1','403','GET','/v1/auth/resource/org/get','domain_id=mas','mas'),('40b43543-0d6b-11e7-964b-a0c58951c8d5','caadmin','2017-03-20 20:46:33','127.0.0.1','403','GET','/v1/auth/resource/org/get','domain_id=mas&limit=10&offset=0&order=asc','mas'),('41158594-0d68-11e7-964b-a0c58951c8d5','caadmin','2017-03-20 20:25:05','127.0.0.1','200','GET','/v1/auth/user/query','','mas'),('415f9d21-0d6c-11e7-964b-a0c58951c8d5','admin','2017-03-20 20:53:44','127.0.0.1','200','GET','/v1/auth/resource/org/page','_=1490014418412','vertex_root'),('41635f4f-0d6c-11e7-964b-a0c58951c8d5','admin','2017-03-20 20:53:44','127.0.0.1','200','GET','/v1/auth/domain/owner','','vertex_root'),('41655558-0d6c-11e7-964b-a0c58951c8d5','admin','2017-03-20 20:53:44','127.0.0.1','200','GET','/v1/auth/domain/id','','vertex_root'),('4168e64f-0d6c-11e7-964b-a0c58951c8d5','admin','2017-03-20 20:53:44','127.0.0.1','200','GET','/v1/auth/resource/org/get','domain_id=vertex_root','vertex_root'),('4169d025-0d6c-11e7-964b-a0c58951c8d5','admin','2017-03-20 20:53:44','127.0.0.1','200','GET','/v1/auth/resource/org/get','domain_id=vertex_root','vertex_root'),('416d273a-0d6c-11e7-964b-a0c58951c8d5','admin','2017-03-20 20:53:44','127.0.0.1','200','GET','/v1/auth/resource/org/get','domain_id=vertex_root&limit=10&offset=0&order=asc','vertex_root'),('4170573e-0d6c-11e7-964b-a0c58951c8d5','admin','2017-03-20 20:53:44','127.0.0.1','200','GET','/v1/auth/resource/org/get','domain_id=vertex_root&limit=10&offset=0&order=asc','vertex_root'),('4172c3a1-0d6c-11e7-964b-a0c58951c8d5','admin','2017-03-20 20:53:44','127.0.0.1','200','GET','/v1/auth/resource/org/get','domain_id=vertex_root&limit=10&offset=0&order=asc','vertex_root'),('4178f3e1-0d6b-11e7-964b-a0c58951c8d5','caadmin','2017-03-20 20:46:35','127.0.0.1','200','GET','/v1/auth/user/query','','mas'),('417b8e1c-0d41-11e7-964b-a0c58951c8d5','demo','2017-03-20 15:45:58','127.0.0.1','200','GET','/','','mas'),('420cce3a-0d6b-11e7-964b-a0c58951c8d5','caadmin','2017-03-20 20:46:35','127.0.0.1','200','POST','/v1/auth/theme/update','theme_id=1004','mas'),('420f9129-0d6b-11e7-964b-a0c58951c8d5','caadmin','2017-03-20 20:46:35','127.0.0.1','200','GET','/HomePage','','mas'),('422ef0f2-0d6b-11e7-964b-a0c58951c8d5','caadmin','2017-03-20 20:46:36','127.0.0.1','200','GET','/v1/auth/main/menu','Id=-1&TypeId=0&_=1490013996135','mas'),('423e8c7e-0d57-11e7-964b-a0c58951c8d5','admin','2017-03-20 18:23:28','127.0.0.1','200','GET','/HomePage','','vertex_root'),('425f6803-0d6c-11e7-964b-a0c58951c8d5','admin','2017-03-20 20:53:46','127.0.0.1','200','GET','/HomePage','','vertex_root'),('4269e503-0d57-11e7-964b-a0c58951c8d5','admin','2017-03-20 18:23:28','127.0.0.1','200','GET','/v1/auth/main/menu','Id=-1&TypeId=0&_=1490005408460','vertex_root'),('42804554-0d6c-11e7-964b-a0c58951c8d5','admin','2017-03-20 20:53:46','127.0.0.1','200','GET','/v1/auth/main/menu','Id=-1&TypeId=0&_=1490014426155','vertex_root'),('42e4c8c7-0d57-11e7-964b-a0c58951c8d5','admin','2017-03-20 18:23:29','127.0.0.1','200','GET','/v1/auth/index/entry','Id=0100000000&_=1490005408461','vertex_root'),('42ec9294-0d57-11e7-964b-a0c58951c8d5','admin','2017-03-20 18:23:29','127.0.0.1','200','GET','/v1/auth/main/menu','Id=0100000000&TypeId=1&_=1490005408462','vertex_root'),('42f2dc25-0d6c-11e7-964b-a0c58951c8d5','admin','2017-03-20 20:53:46','127.0.0.1','200','GET','/v1/auth/index/entry','Id=0100000000&_=1490014426156','vertex_root'),('42f94cd4-0d6c-11e7-964b-a0c58951c8d5','admin','2017-03-20 20:53:47','127.0.0.1','200','GET','/v1/auth/main/menu','Id=0100000000&TypeId=1&_=1490014426157','vertex_root'),('431cf52d-0d57-11e7-964b-a0c58951c8d5','admin','2017-03-20 18:23:29','127.0.0.1','200','GET','/v1/auth/domain/page','','vertex_root'),('432666f2-0d57-11e7-964b-a0c58951c8d5','admin','2017-03-20 18:23:29','127.0.0.1','200','GET','/v1/auth/domain/get','limit=40&offset=0&order=asc','vertex_root'),('432e83a9-0d39-11e7-964b-a0c58951c8d5','dev','2017-03-20 14:48:44','127.0.0.1','200','GET','/','','dev'),('435f2f4b-0d6c-11e7-964b-a0c58951c8d5','admin','2017-03-20 20:53:47','127.0.0.1','200','GET','/v1/auth/domain/page','','vertex_root'),('4365364b-0d6c-11e7-964b-a0c58951c8d5','admin','2017-03-20 20:53:47','127.0.0.1','200','GET','/v1/auth/domain/get','limit=40&offset=0&order=asc','vertex_root'),('43960b94-0d55-11e7-964b-a0c58951c8d5','caadmin','2017-03-20 18:09:11','127.0.0.1','200','GET','/HomePage','','mas'),('43ffbab2-0d55-11e7-964b-a0c58951c8d5','caadmin','2017-03-20 18:09:12','127.0.0.1','200','GET','/v1/auth/main/menu','Id=-1&TypeId=0&_=1490004552085','mas'),('4452b936-0d41-11e7-964b-a0c58951c8d5','demo','2017-03-20 15:46:02','127.0.0.1','200','POST','/login','password=123456&username=demo','mas'),('4454c5ed-0d41-11e7-964b-a0c58951c8d5','demo','2017-03-20 15:46:02','127.0.0.1','200','GET','/HomePage','','mas'),('448023ad-0d41-11e7-964b-a0c58951c8d5','demo','2017-03-20 15:46:03','127.0.0.1','200','GET','/v1/auth/main/menu','Id=-1&TypeId=0&_=1489995963025','mas'),('44b74125-0d6b-11e7-964b-a0c58951c8d5','caadmin','2017-03-20 20:46:40','127.0.0.1','200','GET','/HomePage','','mas'),('44d74c7e-0d6b-11e7-964b-a0c58951c8d5','caadmin','2017-03-20 20:46:40','127.0.0.1','200','GET','/v1/auth/main/menu','Id=-1&TypeId=0&_=1490014000594','mas'),('44eb2fc3-0d57-11e7-964b-a0c58951c8d5','admin','2017-03-20 18:23:32','127.0.0.1','200','GET','/v1/auth/resource/org/page','_=1490005408464','vertex_root'),('44ecf8b6-0d57-11e7-964b-a0c58951c8d5','admin','2017-03-20 18:23:32','127.0.0.1','200','GET','/v1/auth/domain/owner','','vertex_root'),('44f0a59c-0d57-11e7-964b-a0c58951c8d5','admin','2017-03-20 18:23:32','127.0.0.1','200','GET','/v1/auth/domain/id','','vertex_root'),('44f3b076-0d57-11e7-964b-a0c58951c8d5','admin','2017-03-20 18:23:32','127.0.0.1','200','GET','/v1/auth/resource/org/get','domain_id=vertex_root','vertex_root'),('44f45c7e-0d41-11e7-964b-a0c58951c8d5','demo','2017-03-20 15:46:03','127.0.0.1','200','GET','/v1/auth/index/entry','Id=0100000000&_=1489995963026','mas'),('44f4ecd4-0d57-11e7-964b-a0c58951c8d5','admin','2017-03-20 18:23:32','127.0.0.1','200','GET','/v1/auth/resource/org/get','domain_id=vertex_root','vertex_root'),('44f7eac7-0d57-11e7-964b-a0c58951c8d5','admin','2017-03-20 18:23:32','127.0.0.1','200','GET','/v1/auth/resource/org/get','domain_id=vertex_root&limit=10&offset=0&order=asc','vertex_root'),('44fa78e9-0d57-11e7-964b-a0c58951c8d5','admin','2017-03-20 18:23:32','127.0.0.1','200','GET','/v1/auth/resource/org/get','domain_id=vertex_root&limit=10&offset=0&order=asc','vertex_root'),('44fb436d-0d57-11e7-964b-a0c58951c8d5','admin','2017-03-20 18:23:32','127.0.0.1','200','GET','/v1/auth/resource/org/get','domain_id=vertex_root&limit=10&offset=0&order=asc','vertex_root'),('44fc443e-0d41-11e7-964b-a0c58951c8d5','demo','2017-03-20 15:46:03','127.0.0.1','200','GET','/v1/auth/main/menu','Id=0100000000&TypeId=1&_=1489995963027','mas'),('4513c6f6-0d67-11e7-964b-a0c58951c8d5','caadmin','2017-03-20 20:18:03','127.0.0.1','200','GET','/HomePage','','mas'),('452a6232-0d41-11e7-964b-a0c58951c8d5','demo','2017-03-20 15:46:04','127.0.0.1','200','GET','/v1/auth/domain/page','','mas'),('45347c72-0d41-11e7-964b-a0c58951c8d5','demo','2017-03-20 15:46:04','127.0.0.1','200','GET','/v1/auth/domain/get','limit=40&offset=0&order=asc','mas'),('453a9112-0d34-11e7-9c4f-a0c58951c8d5','demo','2017-03-20 14:12:58','127.0.0.1','200','GET','/v1/auth/domain/share/page','_=1489990356732&domain_id=vertex_root','mas'),('453e04a3-0d34-11e7-9c4f-a0c58951c8d5','demo','2017-03-20 14:12:58','127.0.0.1','200','GET','/v1/auth/domain/owner','','mas'),('4541d88e-0d34-11e7-9c4f-a0c58951c8d5','demo','2017-03-20 14:12:58','127.0.0.1','200','GET','/v1/auth/domain/share/get','domain_id=vertex_root&limit=10&offset=0&order=asc','mas'),('4556f86d-0d67-11e7-964b-a0c58951c8d5','caadmin','2017-03-20 20:18:03','127.0.0.1','200','GET','/v1/auth/main/menu','Id=-1&TypeId=0&_=1490012283366','mas'),('4589bee9-0d6b-11e7-964b-a0c58951c8d5','caadmin','2017-03-20 20:46:41','127.0.0.1','200','GET','/v1/auth/index/entry','Id=0300000000&_=1490014000595','mas'),('458f6a8b-0d6b-11e7-964b-a0c58951c8d5','caadmin','2017-03-20 20:46:41','127.0.0.1','200','GET','/v1/auth/main/menu','Id=0300000000&TypeId=1&_=1490014000596','mas'),('45a65541-0d34-11e7-9c4f-a0c58951c8d5','demo','2017-03-20 14:12:59','127.0.0.1','200','GET','/v1/auth/domain/share/unauth','domain_id=vertex_root','mas'),('45d3839c-0d67-11e7-964b-a0c58951c8d5','caadmin','2017-03-20 20:18:04','127.0.0.1','200','GET','/v1/auth/user/query','','mas'),('46176307-0d6c-11e7-964b-a0c58951c8d5','admin','2017-03-20 20:53:52','127.0.0.1','200','GET','/HomePage','','vertex_root'),('4637858b-0d6b-11e7-964b-a0c58951c8d5','caadmin','2017-03-20 20:46:42','127.0.0.1','200','GET','/HomePage','','mas'),('46384f6d-0d6c-11e7-964b-a0c58951c8d5','admin','2017-03-20 20:53:52','127.0.0.1','200','GET','/v1/auth/main/menu','Id=-1&TypeId=0&_=1490014432398','vertex_root'),('465787d8-0d6b-11e7-964b-a0c58951c8d5','caadmin','2017-03-20 20:46:43','127.0.0.1','200','GET','/v1/auth/main/menu','Id=-1&TypeId=0&_=1490014003113','mas'),('4662ba61-0d39-11e7-964b-a0c58951c8d5','dev','2017-03-20 14:48:50','127.0.0.1','200','POST','/login','password=zhanwei&username=admin','dev'),('466c1032-0d39-11e7-964b-a0c58951c8d5','admin','2017-03-20 14:48:50','127.0.0.1','200','GET','/HomePage','','vertex_root'),('4694012d-0d41-11e7-964b-a0c58951c8d5','demo','2017-03-20 15:46:06','127.0.0.1','420','GET','/v1/auth/domain/share/page','_=1489995963029&domain_id=vertex_root','mas'),('46a1aacb-0d6b-11e7-964b-a0c58951c8d5','caadmin','2017-03-20 20:46:43','127.0.0.1','200','GET','/v1/auth/index/entry','Id=0200000000&_=1490014003114','mas'),('46a58e5c-0d6b-11e7-964b-a0c58951c8d5','caadmin','2017-03-20 20:46:43','127.0.0.1','200','GET','/v1/auth/main/menu','Id=0200000000&TypeId=1&_=1490014003115','mas'),('46b5e525-0d39-11e7-964b-a0c58951c8d5','admin','2017-03-20 14:48:50','127.0.0.1','200','GET','/v1/auth/main/menu','Id=-1&TypeId=0&_=1489992530690','vertex_root'),('46fae09c-0d41-11e7-964b-a0c58951c8d5','demo','2017-03-20 15:46:07','127.0.0.1','420','GET','/v1/auth/domain/share/page','_=1489995963030&domain_id=vertex_root','mas'),('4738729c-0d6c-11e7-964b-a0c58951c8d5','admin','2017-03-20 20:53:54','127.0.0.1','200','GET','/v1/auth/user/query','','vertex_root'),('47744bf4-0d34-11e7-9c4f-a0c58951c8d5','demo','2017-03-20 14:13:02','127.0.0.1','420','POST','/v1/auth/domain/share/post','auth_level=1&domain_id=vertex_root&target_domain_id=mas','mas'),('4781c561-0d6b-11e7-964b-a0c58951c8d5','caadmin','2017-03-20 20:46:45','127.0.0.1','200','GET','/HomePage','','mas'),('47a12203-0d6b-11e7-964b-a0c58951c8d5','caadmin','2017-03-20 20:46:45','127.0.0.1','200','GET','/v1/auth/main/menu','Id=-1&TypeId=0&_=1490014005273','mas'),('47a662d4-0d39-11e7-964b-a0c58951c8d5','admin','2017-03-20 14:48:52','127.0.0.1','200','GET','/v1/auth/index/entry','Id=0100000000&_=1489992530691','vertex_root'),('47ae8914-0d39-11e7-964b-a0c58951c8d5','admin','2017-03-20 14:48:52','127.0.0.1','200','GET','/v1/auth/main/menu','Id=0100000000&TypeId=1&_=1489992530692','vertex_root'),('47dbcec7-0d6c-11e7-964b-a0c58951c8d5','admin','2017-03-20 20:53:55','127.0.0.1','200','POST','/v1/auth/theme/update','theme_id=1004','vertex_root'),('47de3de1-0d6c-11e7-964b-a0c58951c8d5','admin','2017-03-20 20:53:55','127.0.0.1','200','GET','/HomePage','','vertex_root'),('47f407a1-0d41-11e7-964b-a0c58951c8d5','demo','2017-03-20 15:46:08','127.0.0.1','200','GET','/logout','','mas'),('47f6d9dc-0d41-11e7-964b-a0c58951c8d5','dev','2017-03-20 15:46:08','127.0.0.1','200','GET','/','','dev'),('47fe2ad4-0d6c-11e7-964b-a0c58951c8d5','admin','2017-03-20 20:53:55','127.0.0.1','200','GET','/v1/auth/main/menu','Id=-1&TypeId=0&_=1490014435375','vertex_root'),('482c45ad-0d39-11e7-964b-a0c58951c8d5','admin','2017-03-20 14:48:53','127.0.0.1','200','GET','/v1/auth/domain/page','','vertex_root'),('48377bba-0d39-11e7-964b-a0c58951c8d5','admin','2017-03-20 14:48:53','127.0.0.1','200','GET','/v1/auth/domain/get','limit=40&offset=0&order=asc','vertex_root'),('483c82ba-0d55-11e7-964b-a0c58951c8d5','caadmin','2017-03-20 18:09:19','127.0.0.1','200','GET','/logout','','mas'),('483f070b-0d55-11e7-964b-a0c58951c8d5','dev','2017-03-20 18:09:19','127.0.0.1','200','GET','/','','dev'),('48f0e76d-0d39-11e7-964b-a0c58951c8d5','admin','2017-03-20 14:48:54','127.0.0.1','200','GET','/v1/auth/domain/share/page','_=1489992530694&domain_id=vertex_root','vertex_root'),('48f4ca36-0d39-11e7-964b-a0c58951c8d5','admin','2017-03-20 14:48:54','127.0.0.1','200','GET','/v1/auth/domain/owner','','vertex_root'),('48f6d8fe-0d39-11e7-964b-a0c58951c8d5','admin','2017-03-20 14:48:54','127.0.0.1','200','GET','/v1/auth/domain/share/get','domain_id=vertex_root&limit=10&offset=0&order=asc','vertex_root'),('48facc8b-0d39-11e7-964b-a0c58951c8d5','admin','2017-03-20 14:48:54','127.0.0.1','200','GET','/v1/auth/domain/row/details','domain_id=vertex_root','vertex_root'),('48fc334f-0d39-11e7-964b-a0c58951c8d5','admin','2017-03-20 14:48:54','127.0.0.1','200','GET','/v1/auth/domain/share/get','domain_id=vertex_root','vertex_root'),('4a9c754f-0d6b-11e7-964b-a0c58951c8d5','caadmin','2017-03-20 20:46:50','127.0.0.1','200','GET','/logout','','mas'),('4a9ead6d-0d6b-11e7-964b-a0c58951c8d5','dev','2017-03-20 20:46:50','127.0.0.1','200','GET','/','','dev'),('4ad59f28-0d34-11e7-9c4f-a0c58951c8d5','demo','2017-03-20 14:13:08','127.0.0.1','420','POST','/v1/auth/domain/share/post','auth_level=1&domain_id=vertex_root&target_domain_id=mas','mas'),('4c29f807-0d39-11e7-964b-a0c58951c8d5','admin','2017-03-20 14:49:00','127.0.0.1','200','GET','/HomePage','','vertex_root'),('4c532be5-0d39-11e7-964b-a0c58951c8d5','admin','2017-03-20 14:49:00','127.0.0.1','200','GET','/v1/auth/main/menu','Id=-1&TypeId=0&_=1489992540181','vertex_root'),('4c5ec8b6-0d57-11e7-964b-a0c58951c8d5','admin','2017-03-20 18:23:45','127.0.0.1','200','GET','/HomePage','','vertex_root'),('4c904aba-0d57-11e7-964b-a0c58951c8d5','admin','2017-03-20 18:23:45','127.0.0.1','200','GET','/v1/auth/main/menu','Id=-1&TypeId=0&_=1490005425467','vertex_root'),('4d3161f6-0d57-11e7-964b-a0c58951c8d5','admin','2017-03-20 18:23:46','127.0.0.1','200','GET','/v1/auth/index/entry','Id=0100000000&_=1490005425468','vertex_root'),('4d332692-0d34-11e7-9c4f-a0c58951c8d5','demo','2017-03-20 14:13:11','127.0.0.1','200','GET','/v1/auth/main/menu','Id=-1&TypeId=0&_=1489990391795','mas'),('4d37c03e-0d57-11e7-964b-a0c58951c8d5','admin','2017-03-20 18:23:46','127.0.0.1','200','GET','/v1/auth/main/menu','Id=0100000000&TypeId=1&_=1490005425469','vertex_root'),('4d86bcd4-0d39-11e7-964b-a0c58951c8d5','admin','2017-03-20 14:49:02','127.0.0.1','200','GET','/logout','','vertex_root'),('4d892d47-0d39-11e7-964b-a0c58951c8d5','dev','2017-03-20 14:49:02','127.0.0.1','200','GET','/','','dev'),('4d90a37e-0d57-11e7-964b-a0c58951c8d5','admin','2017-03-20 18:23:47','127.0.0.1','200','GET','/v1/auth/domain/page','','vertex_root'),('4d996e87-0d57-11e7-964b-a0c58951c8d5','admin','2017-03-20 18:23:47','127.0.0.1','200','GET','/v1/auth/domain/get','limit=40&offset=0&order=asc','vertex_root'),('4e13bd0f-0d67-11e7-964b-a0c58951c8d5','caadmin','2017-03-20 20:18:18','127.0.0.1','200','GET','/HomePage','','mas'),('4e3e8bcb-0d67-11e7-964b-a0c58951c8d5','caadmin','2017-03-20 20:18:18','127.0.0.1','200','GET','/v1/auth/main/menu','Id=-1&TypeId=0&_=1490012298346','mas'),('4e907461-0d56-11e7-964b-a0c58951c8d5','caadmin','2017-03-20 18:16:39','127.0.0.1','200','GET','/logout','','mas'),('4e93e4f2-0d56-11e7-964b-a0c58951c8d5','dev','2017-03-20 18:16:39','127.0.0.1','200','GET','/','','dev'),('4ea4a88f-0d6b-11e7-964b-a0c58951c8d5','dev','2017-03-20 20:46:57','127.0.0.1','200','POST','/login','password=zhanwei&username=admin','dev'),('4ea696cb-0d6b-11e7-964b-a0c58951c8d5','admin','2017-03-20 20:46:57','127.0.0.1','200','GET','/HomePage','','vertex_root'),('4ecbb807-0d6b-11e7-964b-a0c58951c8d5','admin','2017-03-20 20:46:57','127.0.0.1','200','GET','/v1/auth/main/menu','Id=-1&TypeId=0&_=1490014017268','vertex_root'),('4f2bda29-0d67-11e7-964b-a0c58951c8d5','caadmin','2017-03-20 20:18:20','127.0.0.1','200','GET','/v1/auth/user/query','','mas'),('4f33b6c3-0d57-11e7-964b-a0c58951c8d5','admin','2017-03-20 18:23:50','127.0.0.1','200','GET','/v1/auth/resource/org/page','_=1490005425471','vertex_root'),('4f35b0e1-0d57-11e7-964b-a0c58951c8d5','admin','2017-03-20 18:23:50','127.0.0.1','200','GET','/v1/auth/domain/owner','','vertex_root'),('4f383721-0d57-11e7-964b-a0c58951c8d5','admin','2017-03-20 18:23:50','127.0.0.1','200','GET','/v1/auth/domain/id','','vertex_root'),('4f3a9554-0d57-11e7-964b-a0c58951c8d5','admin','2017-03-20 18:23:50','127.0.0.1','200','GET','/v1/auth/resource/org/get','domain_id=vertex_root','vertex_root'),('4f3b32c3-0d57-11e7-964b-a0c58951c8d5','admin','2017-03-20 18:23:50','127.0.0.1','200','GET','/v1/auth/resource/org/get','domain_id=vertex_root','vertex_root'),('4f3f9ccb-0d57-11e7-964b-a0c58951c8d5','admin','2017-03-20 18:23:50','127.0.0.1','200','GET','/v1/auth/resource/org/get','domain_id=vertex_root&limit=10&offset=0&order=asc','vertex_root'),('4f409158-0d57-11e7-964b-a0c58951c8d5','admin','2017-03-20 18:23:50','127.0.0.1','200','GET','/v1/auth/resource/org/get','domain_id=vertex_root&limit=10&offset=0&order=asc','vertex_root'),('4f416898-0d57-11e7-964b-a0c58951c8d5','admin','2017-03-20 18:23:50','127.0.0.1','200','GET','/v1/auth/resource/org/get','domain_id=vertex_root&limit=10&offset=0&order=asc','vertex_root'),('4f79151c-0d6c-11e7-964b-a0c58951c8d5','admin','2017-03-20 20:54:07','127.0.0.1','200','GET','/v1/auth/index/entry','Id=1100000000&_=1490014435376','vertex_root'),('4f7e0db6-0d6c-11e7-964b-a0c58951c8d5','admin','2017-03-20 20:54:08','127.0.0.1','200','GET','/v1/auth/main/menu','Id=1100000000&TypeId=1&_=1490014435377','vertex_root'),('4facfe9c-0d39-11e7-964b-a0c58951c8d5','dev','2017-03-20 14:49:05','127.0.0.1','200','POST','/login','password=123456&username=demo','dev'),('4faedd6d-0d39-11e7-964b-a0c58951c8d5','demo','2017-03-20 14:49:05','127.0.0.1','200','GET','/HomePage','','mas'),('4fba90cf-0d6b-11e7-964b-a0c58951c8d5','admin','2017-03-20 20:46:58','127.0.0.1','200','GET','/v1/auth/user/query','','vertex_root'),('4fd1ade9-0d39-11e7-964b-a0c58951c8d5','demo','2017-03-20 14:49:06','127.0.0.1','200','GET','/v1/auth/main/menu','Id=-1&TypeId=0&_=1489992546067','mas'),('4ff076dc-0d6c-11e7-964b-a0c58951c8d5','admin','2017-03-20 20:54:08','127.0.0.1','200','GET','/v1/help/system/help','','vertex_root'),('504fff25-0d39-11e7-964b-a0c58951c8d5','demo','2017-03-20 14:49:06','127.0.0.1','200','GET','/v1/auth/index/entry','Id=0100000000&_=1489992546068','mas'),('505821a5-0d39-11e7-964b-a0c58951c8d5','demo','2017-03-20 14:49:07','127.0.0.1','200','GET','/v1/auth/main/menu','Id=0100000000&TypeId=1&_=1489992546069','mas'),('505b9694-0d6b-11e7-964b-a0c58951c8d5','admin','2017-03-20 20:46:59','127.0.0.1','200','POST','/v1/auth/theme/update','theme_id=1004','vertex_root'),('505df42d-0d6b-11e7-964b-a0c58951c8d5','admin','2017-03-20 20:46:59','127.0.0.1','200','GET','/HomePage','','vertex_root'),('5078be0f-0d54-11e7-964b-a0c58951c8d5','caadmin','2017-03-20 18:02:23','127.0.0.1','200','GET','/HomePage','','mas'),('508048f2-0d6b-11e7-964b-a0c58951c8d5','admin','2017-03-20 20:47:00','127.0.0.1','200','GET','/v1/auth/main/menu','Id=-1&TypeId=0&_=1490014020143','vertex_root'),('50c63a0f-0d39-11e7-964b-a0c58951c8d5','demo','2017-03-20 14:49:07','127.0.0.1','200','GET','/v1/auth/domain/page','','mas'),('50cf8ecf-0d39-11e7-964b-a0c58951c8d5','demo','2017-03-20 14:49:07','127.0.0.1','200','GET','/v1/auth/domain/get','limit=40&offset=0&order=asc','mas'),('50e1fca9-0d54-11e7-964b-a0c58951c8d5','caadmin','2017-03-20 18:02:24','127.0.0.1','200','GET','/v1/auth/main/menu','Id=-1&TypeId=0&_=1490004144204','mas'),('50f5ac7a-0d57-11e7-964b-a0c58951c8d5','admin','2017-03-20 18:23:52','127.0.0.1','200','GET','/v1/auth/user/page','_=1490005425472','vertex_root'),('50f900b6-0d57-11e7-964b-a0c58951c8d5','admin','2017-03-20 18:23:52','127.0.0.1','200','GET','/v1/auth/domain/owner','','vertex_root'),('50fa90ba-0d57-11e7-964b-a0c58951c8d5','admin','2017-03-20 18:23:52','127.0.0.1','200','GET','/v1/auth/domain/id','','vertex_root'),('50fcd165-0d57-11e7-964b-a0c58951c8d5','admin','2017-03-20 18:23:53','127.0.0.1','200','GET','/v1/auth/resource/org/get','domain_id=vertex_root','vertex_root'),('51018bc3-0d57-11e7-964b-a0c58951c8d5','admin','2017-03-20 18:23:53','127.0.0.1','200','GET','/v1/auth/user/get','domain_id=vertex_root&limit=10&offset=0&order=asc','vertex_root'),('51033efa-0d57-11e7-964b-a0c58951c8d5','admin','2017-03-20 18:23:53','127.0.0.1','200','GET','/v1/auth/user/get','domain_id=vertex_root&limit=10&offset=0&order=asc','vertex_root'),('5182173e-0d6c-11e7-964b-a0c58951c8d5','admin','2017-03-20 20:54:11','127.0.0.1','200','GET','/HomePage','','vertex_root'),('5198da18-0d39-11e7-964b-a0c58951c8d5','demo','2017-03-20 14:49:09','127.0.0.1','420','GET','/v1/auth/domain/share/page','_=1489992546071&domain_id=vertex_root','mas'),('51aab3c7-0d6c-11e7-964b-a0c58951c8d5','admin','2017-03-20 20:54:11','127.0.0.1','200','GET','/v1/auth/main/menu','Id=-1&TypeId=0&_=1490014451571','vertex_root'),('5228de9c-0d56-11e7-964b-a0c58951c8d5','dev','2017-03-20 18:16:45','127.0.0.1','200','POST','/login','password=zhanwei&username=admin','dev'),('522b1bfa-0d56-11e7-964b-a0c58951c8d5','admin','2017-03-20 18:16:45','127.0.0.1','200','GET','/HomePage','','vertex_root'),('5250298b-0d56-11e7-964b-a0c58951c8d5','admin','2017-03-20 18:16:45','127.0.0.1','200','GET','/v1/auth/main/menu','Id=-1&TypeId=0&_=1490005005646','vertex_root'),('525357f6-0d39-11e7-964b-a0c58951c8d5','demo','2017-03-20 14:49:10','127.0.0.1','420','GET','/v1/auth/domain/share/page','_=1489992546072&domain_id=test','mas'),('5265b37d-0d2f-11e7-9c4f-a0c58951c8d5','demo','2017-03-20 13:37:33','127.0.0.1','200','GET','/HomePage','','mas'),('52859df0-0d2f-11e7-9c4f-a0c58951c8d5','demo','2017-03-20 13:37:33','127.0.0.1','200','GET','/v1/auth/main/menu','Id=-1&TypeId=0&_=1489988253344','mas'),('528644dc-0d6c-11e7-964b-a0c58951c8d5','admin','2017-03-20 20:54:13','127.0.0.1','200','GET','/v1/auth/user/query','','vertex_root'),('52ec28b2-0d6b-11e7-964b-a0c58951c8d5','admin','2017-03-20 20:47:04','127.0.0.1','200','GET','/v1/auth/index/entry','Id=0100000000&_=1490014020144','vertex_root'),('52ec56db-0d2f-11e7-9c4f-a0c58951c8d5','demo','2017-03-20 13:37:34','127.0.0.1','200','GET','/v1/auth/index/entry','Id=0100000000&_=1489988253345','mas'),('52f31d6c-0d2f-11e7-9c4f-a0c58951c8d5','demo','2017-03-20 13:37:34','127.0.0.1','200','GET','/v1/auth/main/menu','Id=0100000000&TypeId=1&_=1489988253346','mas'),('52f40b29-0d6b-11e7-964b-a0c58951c8d5','admin','2017-03-20 20:47:04','127.0.0.1','200','GET','/v1/auth/main/menu','Id=0100000000&TypeId=1&_=1490014020145','vertex_root'),('53222958-0d6c-11e7-964b-a0c58951c8d5','admin','2017-03-20 20:54:14','127.0.0.1','200','POST','/v1/auth/theme/update','theme_id=1001','vertex_root'),('5324670b-0d6c-11e7-964b-a0c58951c8d5','admin','2017-03-20 20:54:14','127.0.0.1','200','GET','/HomePage','','vertex_root'),('5324a943-0d39-11e7-964b-a0c58951c8d5','demo','2017-03-20 14:49:11','127.0.0.1','200','GET','/v1/auth/domain/share/page','_=1489992546073&domain_id=mas','mas'),('5327f68f-0d39-11e7-964b-a0c58951c8d5','demo','2017-03-20 14:49:11','127.0.0.1','200','GET','/v1/auth/domain/owner','','mas'),('532ae84b-0d39-11e7-964b-a0c58951c8d5','demo','2017-03-20 14:49:11','127.0.0.1','200','GET','/v1/auth/domain/share/get','domain_id=mas&limit=10&offset=0&order=asc','mas'),('532c5bbe-0d39-11e7-964b-a0c58951c8d5','demo','2017-03-20 14:49:11','127.0.0.1','200','GET','/v1/auth/domain/row/details','domain_id=mas','mas'),('532dccba-0d39-11e7-964b-a0c58951c8d5','demo','2017-03-20 14:49:11','127.0.0.1','200','GET','/v1/auth/domain/share/get','domain_id=mas','mas'),('53448b29-0d6c-11e7-964b-a0c58951c8d5','admin','2017-03-20 20:54:14','127.0.0.1','200','GET','/v1/auth/main/menu','Id=-1&TypeId=0&_=1490014454285','vertex_root'),('534c0d9f-0d2f-11e7-9c4f-a0c58951c8d5','demo','2017-03-20 13:37:34','127.0.0.1','200','GET','/v1/auth/domain/page','','mas'),('53535cca-0d2f-11e7-9c4f-a0c58951c8d5','demo','2017-03-20 13:37:34','127.0.0.1','200','GET','/v1/auth/domain/get','limit=40&offset=0&order=asc','mas'),('5354a1e1-0d56-11e7-964b-a0c58951c8d5','admin','2017-03-20 18:16:47','127.0.0.1','200','GET','/v1/auth/index/entry','Id=0100000000&_=1490005005647','vertex_root'),('535c6998-0d56-11e7-964b-a0c58951c8d5','admin','2017-03-20 18:16:47','127.0.0.1','200','GET','/v1/auth/main/menu','Id=0100000000&TypeId=1&_=1490005005648','vertex_root'),('53d4107a-0d6c-11e7-964b-a0c58951c8d5','admin','2017-03-20 20:54:15','127.0.0.1','200','GET','/v1/auth/index/entry','Id=0100000000&_=1490014454286','vertex_root'),('53db113a-0d6c-11e7-964b-a0c58951c8d5','admin','2017-03-20 20:54:15','127.0.0.1','200','GET','/v1/auth/main/menu','Id=0100000000&TypeId=1&_=1490014454287','vertex_root'),('53e3f1ed-0d56-11e7-964b-a0c58951c8d5','admin','2017-03-20 18:16:48','127.0.0.1','200','GET','/v1/auth/domain/page','','vertex_root'),('53e94a14-0d56-11e7-964b-a0c58951c8d5','admin','2017-03-20 18:16:48','127.0.0.1','200','GET','/v1/auth/domain/get','limit=40&offset=0&order=asc','vertex_root'),('5421b64b-0d6b-11e7-964b-a0c58951c8d5','admin','2017-03-20 20:47:06','127.0.0.1','200','GET','/v1/auth/domain/page','','vertex_root'),('542739a1-0d6b-11e7-964b-a0c58951c8d5','admin','2017-03-20 20:47:06','127.0.0.1','200','GET','/v1/auth/domain/get','limit=40&offset=0&order=asc','vertex_root'),('548a1e2d-0d6c-11e7-964b-a0c58951c8d5','admin','2017-03-20 20:54:16','127.0.0.1','200','GET','/HomePage','','vertex_root'),('54a7a72d-0d6c-11e7-964b-a0c58951c8d5','admin','2017-03-20 20:54:16','127.0.0.1','200','GET','/v1/auth/main/menu','Id=-1&TypeId=0&_=1490014456622','vertex_root'),('54ee0165-0d6b-11e7-964b-a0c58951c8d5','admin','2017-03-20 20:47:07','127.0.0.1','200','GET','/HomePage','','vertex_root'),('551461c7-0d6b-11e7-964b-a0c58951c8d5','admin','2017-03-20 20:47:07','127.0.0.1','200','GET','/v1/auth/main/menu','Id=-1&TypeId=0&_=1490014027829','vertex_root'),('5558f321-0d56-11e7-964b-a0c58951c8d5','admin','2017-03-20 18:16:50','127.0.0.1','200','GET','/v1/auth/resource/org/page','_=1490005005650','vertex_root'),('5559373d-0d2f-11e7-9c4f-a0c58951c8d5','demo','2017-03-20 13:37:38','127.0.0.1','200','GET','/HomePage','','mas'),('555cdc21-0d56-11e7-964b-a0c58951c8d5','admin','2017-03-20 18:16:50','127.0.0.1','200','GET','/v1/auth/domain/owner','','vertex_root'),('556059d8-0d56-11e7-964b-a0c58951c8d5','admin','2017-03-20 18:16:50','127.0.0.1','200','GET','/v1/auth/domain/id','','vertex_root'),('55637de9-0d56-11e7-964b-a0c58951c8d5','admin','2017-03-20 18:16:50','127.0.0.1','200','GET','/v1/auth/resource/org/get','domain_id=vertex_root','vertex_root'),('556452dc-0d56-11e7-964b-a0c58951c8d5','admin','2017-03-20 18:16:50','127.0.0.1','200','GET','/v1/auth/resource/org/get','domain_id=vertex_root','vertex_root'),('5567fd2d-0d56-11e7-964b-a0c58951c8d5','admin','2017-03-20 18:16:50','127.0.0.1','200','GET','/v1/auth/resource/org/get','domain_id=vertex_root&limit=10&offset=0&order=asc','vertex_root'),('556b074b-0d56-11e7-964b-a0c58951c8d5','admin','2017-03-20 18:16:50','127.0.0.1','200','GET','/v1/auth/resource/org/get','domain_id=vertex_root&limit=10&offset=0&order=asc','vertex_root'),('556b66d8-0d6c-11e7-964b-a0c58951c8d5','admin','2017-03-20 20:54:17','127.0.0.1','200','GET','/v1/auth/index/entry','Id=0100000000&_=1490014456623','vertex_root'),('556bfee5-0d56-11e7-964b-a0c58951c8d5','admin','2017-03-20 18:16:50','127.0.0.1','200','GET','/v1/auth/resource/org/get','domain_id=vertex_root&limit=10&offset=0&order=asc','vertex_root'),('5572a654-0d6c-11e7-964b-a0c58951c8d5','admin','2017-03-20 20:54:18','127.0.0.1','200','GET','/v1/auth/main/menu','Id=0100000000&TypeId=1&_=1490014456624','vertex_root'),('557e2a03-0d6b-11e7-964b-a0c58951c8d5','admin','2017-03-20 20:47:08','127.0.0.1','200','GET','/v1/auth/index/entry','Id=0100000000&_=1490014027830','vertex_root'),('55869a32-0d6b-11e7-964b-a0c58951c8d5','admin','2017-03-20 20:47:08','127.0.0.1','200','GET','/v1/auth/main/menu','Id=0100000000&TypeId=1&_=1490014027831','vertex_root'),('559575f0-0d2f-11e7-9c4f-a0c58951c8d5','demo','2017-03-20 13:37:38','127.0.0.1','200','GET','/v1/auth/main/menu','Id=-1&TypeId=0&_=1489988258398','mas'),('55fe22ba-0d6c-11e7-964b-a0c58951c8d5','admin','2017-03-20 20:54:18','127.0.0.1','200','GET','/v1/auth/domain/page','','vertex_root'),('560433cf-0d6c-11e7-964b-a0c58951c8d5','admin','2017-03-20 20:54:18','127.0.0.1','200','GET','/v1/auth/domain/get','limit=40&offset=0&order=asc','vertex_root'),('56136cd4-0d57-11e7-964b-a0c58951c8d5','admin','2017-03-20 18:24:01','127.0.0.1','200','GET','/HomePage','','vertex_root'),('562d17a1-0d6b-11e7-964b-a0c58951c8d5','admin','2017-03-20 20:47:09','127.0.0.1','200','GET','/v1/auth/domain/page','','vertex_root'),('5631a10f-0d6b-11e7-964b-a0c58951c8d5','admin','2017-03-20 20:47:09','127.0.0.1','200','GET','/v1/auth/domain/get','limit=40&offset=0&order=asc','vertex_root'),('563bfdc7-0d57-11e7-964b-a0c58951c8d5','admin','2017-03-20 18:24:01','127.0.0.1','200','GET','/v1/auth/main/menu','Id=-1&TypeId=0&_=1490005441720','vertex_root'),('56411898-0d68-11e7-964b-a0c58951c8d5','caadmin','2017-03-20 20:25:41','127.0.0.1','200','GET','/HomePage','','mas'),('566d48e1-0d68-11e7-964b-a0c58951c8d5','caadmin','2017-03-20 20:25:41','127.0.0.1','200','GET','/v1/auth/main/menu','Id=-1&TypeId=0&_=1490012741570','mas'),('567431ca-0d2f-11e7-9c4f-a0c58951c8d5','demo','2017-03-20 13:37:40','127.0.0.1','200','GET','/logout','','mas'),('56766145-0d2f-11e7-9c4f-a0c58951c8d5','dev','2017-03-20 13:37:40','127.0.0.1','200','GET','/','','dev'),('56a8047a-0d57-11e7-964b-a0c58951c8d5','admin','2017-03-20 18:24:02','127.0.0.1','200','GET','/v1/auth/index/entry','Id=0300000000&_=1490005441721','vertex_root'),('56adeb18-0d57-11e7-964b-a0c58951c8d5','admin','2017-03-20 18:24:02','127.0.0.1','200','GET','/v1/auth/main/menu','Id=0300000000&TypeId=1&_=1490005441722','vertex_root'),('56d3f2f6-0d68-11e7-964b-a0c58951c8d5','caadmin','2017-03-20 20:25:42','127.0.0.1','200','GET','/v1/auth/user/query','','mas'),('57152f21-0d57-11e7-964b-a0c58951c8d5','admin','2017-03-20 18:24:03','127.0.0.1','200','GET','/v1/ftp/curve/manage/page','','vertex_root'),('571868a1-0d57-11e7-964b-a0c58951c8d5','admin','2017-03-20 18:24:03','127.0.0.1','200','GET','/v1/auth/domain/owner','','vertex_root'),('5718ef94-0d57-11e7-964b-a0c58951c8d5','admin','2017-03-20 18:24:03','127.0.0.1','200','GET','/v1/ftp/curve/manage/get','curve_id=devops_product_join_10001&domain_id=devops_product','vertex_root'),('57498298-0d6c-11e7-964b-a0c58951c8d5','admin','2017-03-20 20:54:21','127.0.0.1','200','GET','/v1/auth/resource/page','_=1490014456626','vertex_root'),('574c1476-0d6c-11e7-964b-a0c58951c8d5','admin','2017-03-20 20:54:21','127.0.0.1','200','GET','/v1/auth/resource/get','','vertex_root'),('57ac0ab9-0d2f-11e7-9c4f-a0c58951c8d5','dev','2017-03-20 13:37:42','127.0.0.1','301','GET','/HomePage','','dev'),('57ae5092-0d2f-11e7-9c4f-a0c58951c8d5','dev','2017-03-20 13:37:42','127.0.0.1','200','GET','/','','dev'),('58587065-0d54-11e7-964b-a0c58951c8d5','caadmin','2017-03-20 18:02:36','127.0.0.1','200','GET','/HomePage','','mas'),('585bcde5-0d52-11e7-964b-a0c58951c8d5','caadmin','2017-03-20 17:48:17','127.0.0.1','200','GET','/HomePage','','mas'),('58888483-0d6b-11e7-964b-a0c58951c8d5','admin','2017-03-20 20:47:13','127.0.0.1','200','GET','/v1/auth/user/page','_=1490014027833','vertex_root'),('588de429-0d6b-11e7-964b-a0c58951c8d5','admin','2017-03-20 20:47:13','127.0.0.1','200','GET','/v1/auth/domain/owner','','vertex_root'),('588f7b14-0d6b-11e7-964b-a0c58951c8d5','admin','2017-03-20 20:47:13','127.0.0.1','200','GET','/v1/auth/domain/id','','vertex_root'),('589469c7-0d6b-11e7-964b-a0c58951c8d5','admin','2017-03-20 20:47:13','127.0.0.1','200','GET','/v1/auth/resource/org/get','domain_id=vertex_root','vertex_root'),('5899990b-0d6b-11e7-964b-a0c58951c8d5','admin','2017-03-20 20:47:13','127.0.0.1','200','GET','/v1/auth/user/get','domain_id=vertex_root&limit=10&offset=0&order=asc','vertex_root'),('589c74e1-0d6b-11e7-964b-a0c58951c8d5','admin','2017-03-20 20:47:13','127.0.0.1','200','GET','/v1/auth/user/get','domain_id=vertex_root&limit=10&offset=0&order=asc','vertex_root'),('58bf2461-0d52-11e7-964b-a0c58951c8d5','caadmin','2017-03-20 17:48:18','127.0.0.1','200','GET','/v1/auth/main/menu','Id=-1&TypeId=0&_=1490003298366','mas'),('58c081d8-0d6c-11e7-964b-a0c58951c8d5','admin','2017-03-20 20:54:23','127.0.0.1','200','GET','/v1/auth/resource/query','res_id=0101000000','vertex_root'),('58c0ceb2-0d6c-11e7-964b-a0c58951c8d5','admin','2017-03-20 20:54:23','127.0.0.1','200','GET','/v1/auth/resource/queryTheme','res_id=0101000000&theme_id=1001','vertex_root'),('58d1a72d-0d54-11e7-964b-a0c58951c8d5','caadmin','2017-03-20 18:02:37','127.0.0.1','200','GET','/v1/auth/main/menu','Id=-1&TypeId=0&_=1490004157521','mas'),('594b7b61-0d57-11e7-964b-a0c58951c8d5','admin','2017-03-20 18:24:06','127.0.0.1','200','GET','/v1/ftp/adjust/inner/page','','vertex_root'),('5953bafa-0d57-11e7-964b-a0c58951c8d5','admin','2017-03-20 18:24:07','127.0.0.1','200','GET','/v1/auth/domain/owner','','vertex_root'),('59540043-0d57-11e7-964b-a0c58951c8d5','admin','2017-03-20 18:24:07','127.0.0.1','200','GET','/v1/ftp/curve/define/get','domain_id=devops_product&limit=10&offset=0&order=asc','vertex_root'),('5a08d429-0d6c-11e7-964b-a0c58951c8d5','admin','2017-03-20 20:54:25','127.0.0.1','200','GET','/v1/auth/resource/query','res_id=0101000000','vertex_root'),('5a09231c-0d6c-11e7-964b-a0c58951c8d5','admin','2017-03-20 20:54:25','127.0.0.1','200','GET','/v1/auth/resource/queryTheme','res_id=0101000000&theme_id=1001','vertex_root'),('5a80045c-0d6c-11e7-964b-a0c58951c8d5','admin','2017-03-20 20:54:26','127.0.0.1','200','GET','/v1/auth/resource/queryTheme','res_id=0100000000&theme_id=1001','vertex_root'),('5a80053e-0d6c-11e7-964b-a0c58951c8d5','admin','2017-03-20 20:54:26','127.0.0.1','200','GET','/v1/auth/resource/query','res_id=0100000000','vertex_root'),('5a861c3a-0d57-11e7-964b-a0c58951c8d5','admin','2017-03-20 18:24:09','127.0.0.1','200','GET','/v1/ftp/filter/define/page','','vertex_root'),('5a8c3265-0d57-11e7-964b-a0c58951c8d5','admin','2017-03-20 18:24:09','127.0.0.1','200','GET','/v1/auth/domain/owner','','vertex_root'),('5caf1d76-0d57-11e7-964b-a0c58951c8d5','admin','2017-03-20 18:24:12','127.0.0.1','200','GET','/v1/ftp/rules/manage/page','','vertex_root'),('5cb8940f-0d57-11e7-964b-a0c58951c8d5','admin','2017-03-20 18:24:12','127.0.0.1','200','GET','/v1/ftp/rules/manage/get','domain_id=devops_product','vertex_root'),('5cb94461-0d57-11e7-964b-a0c58951c8d5','admin','2017-03-20 18:24:12','127.0.0.1','200','GET','/v1/ftp/rules/manage/get','domain_id=devops_product&limit=10&offset=0&order=asc','vertex_root'),('5cb9effe-0d57-11e7-964b-a0c58951c8d5','admin','2017-03-20 18:24:12','127.0.0.1','200','GET','/v1/auth/domain/owner','','vertex_root'),('5e3774fe-0d57-11e7-964b-a0c58951c8d5','admin','2017-03-20 18:24:15','127.0.0.1','200','GET','/v1/ftp/rules/manage/page','','vertex_root'),('5e3d63b2-0d57-11e7-964b-a0c58951c8d5','admin','2017-03-20 18:24:15','127.0.0.1','200','GET','/v1/ftp/rules/manage/get','domain_id=devops_product','vertex_root'),('5e3ed87e-0d57-11e7-964b-a0c58951c8d5','admin','2017-03-20 18:24:15','127.0.0.1','200','GET','/v1/ftp/rules/manage/get','domain_id=devops_product&limit=10&offset=0&order=asc','vertex_root'),('5e3edb8b-0d57-11e7-964b-a0c58951c8d5','admin','2017-03-20 18:24:15','127.0.0.1','200','GET','/v1/auth/domain/owner','','vertex_root'),('60ec6a25-0d6c-11e7-964b-a0c58951c8d5','admin','2017-03-20 20:54:37','127.0.0.1','200','GET','/v1/auth/resource/queryTheme','res_id=0100000000&theme_id=1004','vertex_root'),('60ecca5c-0d53-11e7-964b-a0c58951c8d5','caadmin','2017-03-20 17:55:41','127.0.0.1','200','GET','/HomePage','','mas'),('612b0843-0d6b-11e7-964b-a0c58951c8d5','admin','2017-03-20 20:47:28','127.0.0.1','200','GET','/HomePage','','vertex_root'),('61409525-0d57-11e7-964b-a0c58951c8d5','admin','2017-03-20 18:24:20','127.0.0.1','200','GET','/v1/ftp/curve/manage/page','','vertex_root'),('6142447e-0d57-11e7-964b-a0c58951c8d5','admin','2017-03-20 18:24:20','127.0.0.1','200','GET','/v1/auth/domain/owner','','vertex_root'),('614251a9-0d57-11e7-964b-a0c58951c8d5','admin','2017-03-20 18:24:20','127.0.0.1','200','GET','/v1/ftp/curve/manage/get','curve_id=devops_product_join_10001&domain_id=devops_product','vertex_root'),('61512a94-0d6b-11e7-964b-a0c58951c8d5','admin','2017-03-20 20:47:28','127.0.0.1','200','GET','/v1/auth/main/menu','Id=-1&TypeId=0&_=1490014048344','vertex_root'),('615c4f03-0d53-11e7-964b-a0c58951c8d5','caadmin','2017-03-20 17:55:42','127.0.0.1','200','GET','/v1/auth/main/menu','Id=-1&TypeId=0&_=1490003742315','mas'),('61cdd93e-0d6b-11e7-964b-a0c58951c8d5','admin','2017-03-20 20:47:29','127.0.0.1','200','GET','/v1/auth/index/entry','Id=0100000000&_=1490014048345','vertex_root'),('61d5c714-0d6b-11e7-964b-a0c58951c8d5','admin','2017-03-20 20:47:29','127.0.0.1','200','GET','/v1/auth/main/menu','Id=0100000000&TypeId=1&_=1490014048346','vertex_root'),('6286ff94-0d57-11e7-964b-a0c58951c8d5','admin','2017-03-20 18:24:22','127.0.0.1','200','GET','/v1/ftp/curve/define/page','','vertex_root'),('628a525c-0d57-11e7-964b-a0c58951c8d5','admin','2017-03-20 18:24:22','127.0.0.1','200','GET','/v1/ftp/curve/define/get','domain_id=devops_product&limit=10&offset=0&order=asc','vertex_root'),('628a63c7-0d57-11e7-964b-a0c58951c8d5','admin','2017-03-20 18:24:22','127.0.0.1','200','GET','/v1/auth/domain/owner','','vertex_root'),('629bd94b-0d6b-11e7-964b-a0c58951c8d5','admin','2017-03-20 20:47:30','127.0.0.1','200','GET','/v1/auth/resource/page','_=1490014048347','vertex_root'),('62a200f2-0d6b-11e7-964b-a0c58951c8d5','admin','2017-03-20 20:47:30','127.0.0.1','200','GET','/v1/auth/resource/get','','vertex_root'),('62bb31cb-0d54-11e7-964b-a0c58951c8d5','caadmin','2017-03-20 18:02:54','127.0.0.1','200','GET','/HomePage','','mas'),('631cb90b-0d54-11e7-964b-a0c58951c8d5','caadmin','2017-03-20 18:02:54','127.0.0.1','200','GET','/v1/auth/main/menu','Id=-1&TypeId=0&_=1490004174790','mas'),('638e703e-0d53-11e7-964b-a0c58951c8d5','caadmin','2017-03-20 17:55:46','127.0.0.1','200','GET','/HomePage','','mas'),('63d53b21-0d53-11e7-964b-a0c58951c8d5','caadmin','2017-03-20 17:55:46','127.0.0.1','200','GET','/v1/auth/main/menu','Id=-1&TypeId=0&_=1490003746524','mas'),('63e13136-0d57-11e7-964b-a0c58951c8d5','admin','2017-03-20 18:24:24','127.0.0.1','200','GET','/v1/ftp/rules/manage/page','','vertex_root'),('63e629f2-0d57-11e7-964b-a0c58951c8d5','admin','2017-03-20 18:24:24','127.0.0.1','200','GET','/v1/ftp/rules/manage/get','domain_id=devops_product&limit=10&offset=0&order=asc','vertex_root'),('63e667c3-0d57-11e7-964b-a0c58951c8d5','admin','2017-03-20 18:24:24','127.0.0.1','200','GET','/v1/ftp/rules/manage/get','domain_id=devops_product','vertex_root'),('63e6c3ad-0d57-11e7-964b-a0c58951c8d5','admin','2017-03-20 18:24:24','127.0.0.1','200','GET','/v1/auth/domain/owner','','vertex_root'),('6450f7f2-0d6d-11e7-964b-a0c58951c8d5','admin','2017-03-20 21:01:52','127.0.0.1','200','GET','/HomePage','','vertex_root'),('647fa0cf-0d6d-11e7-964b-a0c58951c8d5','admin','2017-03-20 21:01:52','127.0.0.1','200','GET','/v1/auth/main/menu','Id=-1&TypeId=0&_=1490014912658','vertex_root'),('659980a1-0d6d-11e7-964b-a0c58951c8d5','admin','2017-03-20 21:01:54','127.0.0.1','200','GET','/v1/auth/index/entry','Id=0100000000&_=1490014912659','vertex_root'),('65a28621-0d6d-11e7-964b-a0c58951c8d5','admin','2017-03-20 21:01:54','127.0.0.1','200','GET','/v1/auth/main/menu','Id=0100000000&TypeId=1&_=1490014912660','vertex_root'),('65c519cf-0d57-11e7-964b-a0c58951c8d5','admin','2017-03-20 18:24:27','127.0.0.1','200','GET','/logout','','vertex_root'),('65c79f98-0d57-11e7-964b-a0c58951c8d5','dev','2017-03-20 18:24:27','127.0.0.1','200','GET','/','','dev'),('65e8dd7e-0d6d-11e7-964b-a0c58951c8d5','admin','2017-03-20 21:01:55','127.0.0.1','200','GET','/v1/auth/resource/page','_=1490014912661','vertex_root'),('65ecc9dc-0d6d-11e7-964b-a0c58951c8d5','admin','2017-03-20 21:01:55','127.0.0.1','200','GET','/v1/auth/resource/get','','vertex_root'),('679649e5-0d56-11e7-964b-a0c58951c8d5','admin','2017-03-20 18:17:21','127.0.0.1','200','GET','/HomePage','','vertex_root'),('67974af6-0d68-11e7-964b-a0c58951c8d5','caadmin','2017-03-20 20:26:10','127.0.0.1','200','GET','/HomePage','','mas'),('67c035e5-0d68-11e7-964b-a0c58951c8d5','caadmin','2017-03-20 20:26:10','127.0.0.1','200','GET','/v1/auth/main/menu','Id=-1&TypeId=0&_=1490012770641','mas'),('67c0b33a-0d56-11e7-964b-a0c58951c8d5','admin','2017-03-20 18:17:21','127.0.0.1','200','GET','/v1/auth/main/menu','Id=-1&TypeId=0&_=1490005041612','vertex_root'),('6891bb8f-0d6d-11e7-964b-a0c58951c8d5','admin','2017-03-20 21:01:59','127.0.0.1','200','GET','/v1/auth/resource/query','res_id=1100000000','vertex_root'),('68928bdc-0d6d-11e7-964b-a0c58951c8d5','admin','2017-03-20 21:01:59','127.0.0.1','200','GET','/v1/auth/resource/queryTheme','res_id=1100000000&theme_id=1001','vertex_root'),('68a41a8f-0d56-11e7-964b-a0c58951c8d5','admin','2017-03-20 18:17:23','127.0.0.1','200','GET','/v1/auth/index/entry','Id=0100000000&_=1490005041613','vertex_root'),('68abfa94-0d56-11e7-964b-a0c58951c8d5','admin','2017-03-20 18:17:23','127.0.0.1','200','GET','/v1/auth/main/menu','Id=0100000000&TypeId=1&_=1490005041614','vertex_root'),('68b7662d-0d68-11e7-964b-a0c58951c8d5','caadmin','2017-03-20 20:26:12','127.0.0.1','200','GET','/v1/auth/user/query','','mas'),('691d957a-0d56-11e7-964b-a0c58951c8d5','admin','2017-03-20 18:17:23','127.0.0.1','200','GET','/v1/auth/domain/page','','vertex_root'),('69254fdc-0d56-11e7-964b-a0c58951c8d5','admin','2017-03-20 18:17:24','127.0.0.1','200','GET','/v1/auth/domain/get','limit=40&offset=0&order=asc','vertex_root'),('6a7dae65-0d52-11e7-964b-a0c58951c8d5','caadmin','2017-03-20 17:48:48','127.0.0.1','200','GET','/logout','','mas'),('6a805d7a-0d52-11e7-964b-a0c58951c8d5','dev','2017-03-20 17:48:48','127.0.0.1','200','GET','/','','dev'),('6aba7acb-0d56-11e7-964b-a0c58951c8d5','admin','2017-03-20 18:17:26','127.0.0.1','200','GET','/v1/auth/resource/page','_=1490005041616','vertex_root'),('6abe459c-0d56-11e7-964b-a0c58951c8d5','admin','2017-03-20 18:17:26','127.0.0.1','200','GET','/v1/auth/resource/get','','vertex_root'),('6b4f81e1-0d6d-11e7-964b-a0c58951c8d5','admin','2017-03-20 21:02:04','127.0.0.1','200','GET','/v1/auth/resource/queryTheme','res_id=1100000000&theme_id=1004','vertex_root'),('6d633683-0d38-11e7-964b-a0c58951c8d5','demo','2017-03-20 14:42:46','127.0.0.1','200','GET','/','','mas'),('6d669c14-0d52-11e7-964b-a0c58951c8d5','dev','2017-03-20 17:48:53','127.0.0.1','200','POST','/login','password=123456&username=caadmin','dev'),('6d69c058-0d52-11e7-964b-a0c58951c8d5','caadmin','2017-03-20 17:48:53','127.0.0.1','200','GET','/HomePage','','mas'),('6d7b8e32-0d40-11e7-964b-a0c58951c8d5','demo','2017-03-20 15:40:02','127.0.0.1','200','GET','/HomePage','','mas'),('6dad6ffa-0d52-11e7-964b-a0c58951c8d5','caadmin','2017-03-20 17:48:53','127.0.0.1','200','GET','/v1/auth/main/menu','Id=-1&TypeId=0&_=1490003333559','mas'),('6e1583cf-0d6d-11e7-964b-a0c58951c8d5','admin','2017-03-20 21:02:08','127.0.0.1','200','GET','/v1/auth/resource/queryTheme','res_id=1100000000&theme_id=1001','vertex_root'),('6e9af807-0d68-11e7-964b-a0c58951c8d5','caadmin','2017-03-20 20:26:22','127.0.0.1','200','GET','/HomePage','','mas'),('6ed5c1f2-0d68-11e7-964b-a0c58951c8d5','caadmin','2017-03-20 20:26:22','127.0.0.1','200','GET','/v1/auth/main/menu','Id=-1&TypeId=0&_=1490012782500','mas'),('6f2fabbe-0d68-11e7-964b-a0c58951c8d5','caadmin','2017-03-20 20:26:23','127.0.0.1','200','GET','/v1/auth/user/query','','mas'),('7149cbba-0d38-11e7-964b-a0c58951c8d5','demo','2017-03-20 14:42:52','127.0.0.1','200','POST','/login','password=123456&username=demo','mas'),('71547114-0d38-11e7-964b-a0c58951c8d5','demo','2017-03-20 14:42:52','127.0.0.1','200','GET','/HomePage','','mas'),('71989d4f-0d38-11e7-964b-a0c58951c8d5','demo','2017-03-20 14:42:53','127.0.0.1','200','GET','/v1/auth/main/menu','Id=-1&TypeId=0&_=1489992173118','mas'),('71f52007-0d38-11e7-964b-a0c58951c8d5','demo','2017-03-20 14:42:53','127.0.0.1','200','GET','/v1/auth/index/entry','Id=0100000000&_=1489992173119','mas'),('71fee9fe-0d38-11e7-964b-a0c58951c8d5','demo','2017-03-20 14:42:53','127.0.0.1','200','GET','/v1/auth/main/menu','Id=0100000000&TypeId=1&_=1489992173120','mas'),('72946461-0d38-11e7-964b-a0c58951c8d5','demo','2017-03-20 14:42:54','127.0.0.1','200','GET','/v1/auth/resource/page','_=1489992173121','mas'),('72a1e772-0d38-11e7-964b-a0c58951c8d5','demo','2017-03-20 14:42:55','127.0.0.1','200','GET','/v1/auth/resource/get','','mas'),('72c26925-0d6d-11e7-964b-a0c58951c8d5','admin','2017-03-20 21:02:16','127.0.0.1','200','PUT','/v1/auth/resource/config/theme','res_by_color=%230099CC&res_class=tile+tile-wide&res_group_id=1&res_id=1100000000&res_img=%2Fstatic%2Ftheme%2Fdefault%2Fimg%2Forg.png&res_sort_id=2&res_url=.%2Fviews%2Fhelp%2Fdefault%2Fsyshelp.tpl&theme_id=1001','vertex_root'),('73a2f887-0d38-11e7-964b-a0c58951c8d5','demo','2017-03-20 14:42:56','127.0.0.1','200','GET','/v1/auth/domain/page','','mas'),('73b19e1c-0d38-11e7-964b-a0c58951c8d5','demo','2017-03-20 14:42:56','127.0.0.1','200','GET','/v1/auth/domain/get','limit=40&offset=0&order=asc','mas'),('74576203-0d6d-11e7-964b-a0c58951c8d5','admin','2017-03-20 21:02:19','127.0.0.1','200','GET','/v1/auth/resource/queryTheme','res_id=1100000000&theme_id=1004','vertex_root'),('748550dc-0d38-11e7-964b-a0c58951c8d5','demo','2017-03-20 14:42:58','127.0.0.1','420','GET','/v1/auth/domain/share/page','_=1489992173123&domain_id=vertex_root','mas'),('74bfa998-0d6b-11e7-964b-a0c58951c8d5','admin','2017-03-20 20:48:01','127.0.0.1','200','GET','/v1/auth/resource/query','res_id=0101010000','vertex_root'),('74bfd7f2-0d6b-11e7-964b-a0c58951c8d5','admin','2017-03-20 20:48:01','127.0.0.1','200','GET','/v1/auth/resource/queryTheme','res_id=0101010000&theme_id=1001','vertex_root'),('750f0569-0d38-11e7-964b-a0c58951c8d5','demo','2017-03-20 14:42:59','127.0.0.1','420','GET','/v1/auth/domain/share/page','_=1489992173124&domain_id=test','mas'),('75b37d65-0d38-11e7-964b-a0c58951c8d5','demo','2017-03-20 14:43:00','127.0.0.1','200','GET','/v1/auth/domain/share/page','_=1489992173125&domain_id=mas','mas'),('75b9692d-0d38-11e7-964b-a0c58951c8d5','demo','2017-03-20 14:43:00','127.0.0.1','200','GET','/v1/auth/domain/owner','','mas'),('75bc657a-0d38-11e7-964b-a0c58951c8d5','demo','2017-03-20 14:43:00','127.0.0.1','200','GET','/v1/auth/domain/share/get','domain_id=mas&limit=10&offset=0&order=asc','mas'),('75c01c2d-0d38-11e7-964b-a0c58951c8d5','demo','2017-03-20 14:43:00','127.0.0.1','200','GET','/v1/auth/domain/share/get','domain_id=mas','mas'),('75c04b94-0d38-11e7-964b-a0c58951c8d5','demo','2017-03-20 14:43:00','127.0.0.1','200','GET','/v1/auth/domain/row/details','domain_id=mas','mas'),('77c85007-0d6d-11e7-964b-a0c58951c8d5','admin','2017-03-20 21:02:25','127.0.0.1','200','PUT','/v1/auth/resource/config/theme','res_by_color=%230099CC&res_class=tile+tile-wide&res_group_id=1&res_id=1100000000&res_img=%2Fstatic%2Ftheme%2Fdefault%2Fimg%2Forg.png&res_sort_id=2&res_url=.%2Fviews%2Fhelp%2Fcyan%2Fsyshelp.tpl&theme_id=1004','vertex_root'),('789cb48b-0d68-11e7-964b-a0c58951c8d5','caadmin','2017-03-20 20:26:39','127.0.0.1','200','GET','/v1/auth/user/query','','mas'),('78da3de5-0d38-11e7-964b-a0c58951c8d5','demo','2017-03-20 14:43:05','127.0.0.1','200','GET','/logout','','mas'),('78dcd383-0d38-11e7-964b-a0c58951c8d5','dev','2017-03-20 14:43:05','127.0.0.1','200','GET','/','','dev'),('79940cfd-0d2c-11e7-9c4f-a0c58951c8d5','admin','2017-03-20 13:17:10','127.0.0.1','200','GET','/v1/auth/main/menu','Id=-1&TypeId=0&_=1489987030346','vertex_root'),('79b5a172-0d40-11e7-964b-a0c58951c8d5','demo','2017-03-20 15:40:22','127.0.0.1','200','GET','/','','mas'),('7a0636b0-0d2c-11e7-9c4f-a0c58951c8d5','admin','2017-03-20 13:17:11','127.0.0.1','200','GET','/v1/auth/index/entry','Id=0100000000&_=1489987030347','vertex_root'),('7a0ee9c1-0d2c-11e7-9c4f-a0c58951c8d5','admin','2017-03-20 13:17:11','127.0.0.1','200','GET','/v1/auth/main/menu','Id=0100000000&TypeId=1&_=1489987030348','vertex_root'),('7a524c6c-0d2c-11e7-9c4f-a0c58951c8d5','admin','2017-03-20 13:17:11','127.0.0.1','200','GET','/v1/auth/domain/page','','vertex_root'),('7a5d015b-0d2c-11e7-9c4f-a0c58951c8d5','admin','2017-03-20 13:17:11','127.0.0.1','200','GET','/v1/auth/domain/get','limit=40&offset=0&order=asc','vertex_root'),('7b0da7b4-0d2b-11e7-9c4f-a0c58951c8d5','admin','2017-03-20 13:10:03','127.0.0.1','200','GET','/v1/auth/main/menu','Id=-1&TypeId=0&_=1489986603212','vertex_root'),('7b3bb841-0d2c-11e7-9c4f-a0c58951c8d5','admin','2017-03-20 13:17:13','127.0.0.1','200','GET','/v1/auth/domain/share/page','_=1489987030350&domain_id=test','vertex_root'),('7b3e7f34-0d2c-11e7-9c4f-a0c58951c8d5','admin','2017-03-20 13:17:13','127.0.0.1','200','GET','/v1/auth/domain/owner','','vertex_root'),('7b40f7e3-0d2c-11e7-9c4f-a0c58951c8d5','admin','2017-03-20 13:17:13','127.0.0.1','200','GET','/v1/auth/domain/share/get','domain_id=test&limit=10&offset=0&order=asc','vertex_root'),('7b7a05b4-0d2b-11e7-9c4f-a0c58951c8d5','admin','2017-03-20 13:10:04','127.0.0.1','200','GET','/v1/auth/index/entry','Id=0100000000&_=1489986603213','vertex_root'),('7b82a28e-0d2b-11e7-9c4f-a0c58951c8d5','admin','2017-03-20 13:10:04','127.0.0.1','200','GET','/v1/auth/main/menu','Id=0100000000&TypeId=1&_=1489986603214','vertex_root'),('7bcccd05-0d2b-11e7-9c4f-a0c58951c8d5','admin','2017-03-20 13:10:04','127.0.0.1','200','GET','/v1/auth/domain/page','','vertex_root'),('7bd24674-0d2b-11e7-9c4f-a0c58951c8d5','admin','2017-03-20 13:10:04','127.0.0.1','200','GET','/v1/auth/domain/get','limit=40&offset=0&order=asc','vertex_root'),('7d06ca8a-0d2c-11e7-9c4f-a0c58951c8d5','admin','2017-03-20 13:17:16','127.0.0.1','200','GET','/v1/auth/main/menu','Id=-1&TypeId=0&_=1489987036170','vertex_root'),('7d08ca58-0d54-11e7-964b-a0c58951c8d5','caadmin','2017-03-20 18:03:38','127.0.0.1','200','GET','/HomePage','','mas'),('7d59092d-0d54-11e7-964b-a0c58951c8d5','caadmin','2017-03-20 18:03:38','127.0.0.1','200','GET','/v1/auth/main/menu','Id=-1&TypeId=0&_=1490004218797','mas'),('7f25661f-0d2b-11e7-9c4f-a0c58951c8d5','admin','2017-03-20 13:10:10','127.0.0.1','200','GET','/v1/auth/HandleLogsPage','_=1489986603216','vertex_root'),('7f2c0c9b-0d2b-11e7-9c4f-a0c58951c8d5','admin','2017-03-20 13:10:10','127.0.0.1','200','GET','/v1/auth/handle/logs','limit=80&offset=0&order=asc','vertex_root'),('83eb1fa5-0d68-11e7-964b-a0c58951c8d5','caadmin','2017-03-20 20:26:57','127.0.0.1','200','GET','/HomePage','','mas'),('841a691c-0d68-11e7-964b-a0c58951c8d5','caadmin','2017-03-20 20:26:58','127.0.0.1','200','GET','/v1/auth/main/menu','Id=-1&TypeId=0&_=1490012818181','mas'),('850b6029-0d68-11e7-964b-a0c58951c8d5','caadmin','2017-03-20 20:26:59','127.0.0.1','200','GET','/v1/auth/user/query','','mas'),('86d47f47-0d65-11e7-964b-a0c58951c8d5','caadmin','2017-03-20 20:05:34','127.0.0.1','200','GET','/HomePage','','mas'),('87196cdc-0d65-11e7-964b-a0c58951c8d5','caadmin','2017-03-20 20:05:34','127.0.0.1','200','GET','/v1/auth/main/menu','Id=-1&TypeId=0&_=1490011534662','mas'),('87cab154-0d39-11e7-964b-a0c58951c8d5','demo','2017-03-20 14:50:40','127.0.0.1','200','GET','/HomePage','','mas'),('88000632-0d39-11e7-964b-a0c58951c8d5','demo','2017-03-20 14:50:40','127.0.0.1','200','GET','/v1/auth/main/menu','Id=-1&TypeId=0&_=1489992640271','mas'),('885406cf-0d65-11e7-964b-a0c58951c8d5','caadmin','2017-03-20 20:05:36','127.0.0.1','200','GET','/v1/auth/index/entry','Id=0200000000&_=1490011534663','mas'),('885b31f6-0d65-11e7-964b-a0c58951c8d5','caadmin','2017-03-20 20:05:36','127.0.0.1','200','GET','/v1/auth/main/menu','Id=0200000000&TypeId=1&_=1490011534664','mas'),('88d2c143-0d39-11e7-964b-a0c58951c8d5','demo','2017-03-20 14:50:41','127.0.0.1','200','GET','/v1/auth/index/entry','Id=0100000000&_=1489992640272','mas'),('88dd1047-0d39-11e7-964b-a0c58951c8d5','demo','2017-03-20 14:50:41','127.0.0.1','200','GET','/v1/auth/main/menu','Id=0100000000&TypeId=1&_=1489992640273','mas'),('88e42525-0d65-11e7-964b-a0c58951c8d5','caadmin','2017-03-20 20:05:37','127.0.0.1','200','GET','/v1/ca/responsibility/page','','mas'),('88e97c43-0d65-11e7-964b-a0c58951c8d5','caadmin','2017-03-20 20:05:37','127.0.0.1','200','GET','/v1/auth/domain/owner','','mas'),('88ed3b29-0d65-11e7-964b-a0c58951c8d5','caadmin','2017-03-20 20:05:37','127.0.0.1','200','GET','/v1/auth/domain/id','','mas'),('88f085e5-0d65-11e7-964b-a0c58951c8d5','caadmin','2017-03-20 20:05:37','127.0.0.1','403','GET','/v1/auth/resource/org/get','domain_id=mas','mas'),('88f2a961-0d65-11e7-964b-a0c58951c8d5','caadmin','2017-03-20 20:05:37','127.0.0.1','403','GET','/v1/auth/resource/org/get','domain_id=mas','mas'),('88f62e3a-0d65-11e7-964b-a0c58951c8d5','caadmin','2017-03-20 20:05:37','127.0.0.1','403','GET','/v1/auth/resource/org/get','domain_id=mas&limit=10&offset=0&order=asc','mas'),('899ff7e5-0d39-11e7-964b-a0c58951c8d5','demo','2017-03-20 14:50:43','127.0.0.1','200','GET','/v1/auth/domain/page','','mas'),('89a6f5e1-0d39-11e7-964b-a0c58951c8d5','demo','2017-03-20 14:50:43','127.0.0.1','200','GET','/v1/auth/domain/get','limit=40&offset=0&order=asc','mas'),('8a178abe-0d65-11e7-964b-a0c58951c8d5','caadmin','2017-03-20 20:05:39','127.0.0.1','200','GET','/v1/ca/cost/direction/page','','mas'),('8a1d4d36-0d65-11e7-964b-a0c58951c8d5','caadmin','2017-03-20 20:05:39','127.0.0.1','200','GET','/v1/auth/domain/owner','','mas'),('8ac1d2ed-0d39-11e7-964b-a0c58951c8d5','demo','2017-03-20 14:50:45','127.0.0.1','200','GET','/HomePage','','mas'),('8ae6a121-0d39-11e7-964b-a0c58951c8d5','demo','2017-03-20 14:50:45','127.0.0.1','200','GET','/v1/auth/main/menu','Id=-1&TypeId=0&_=1489992645201','mas'),('8b0ada61-0d65-11e7-964b-a0c58951c8d5','caadmin','2017-03-20 20:05:41','127.0.0.1','200','GET','/HomePage','','mas'),('8b2f53f6-0d65-11e7-964b-a0c58951c8d5','caadmin','2017-03-20 20:05:41','127.0.0.1','200','GET','/v1/auth/main/menu','Id=-1&TypeId=0&_=1490011541604','mas'),('8b590ecb-0d39-11e7-964b-a0c58951c8d5','demo','2017-03-20 14:50:46','127.0.0.1','200','GET','/v1/auth/index/entry','Id=0100000000&_=1489992645202','mas'),('8b5e8b32-0d39-11e7-964b-a0c58951c8d5','demo','2017-03-20 14:50:46','127.0.0.1','200','GET','/v1/auth/main/menu','Id=0100000000&TypeId=1&_=1489992645203','mas'),('8b82019c-0d68-11e7-964b-a0c58951c8d5','caadmin','2017-03-20 20:27:10','127.0.0.1','200','GET','/HomePage','','mas'),('8baeac3e-0d68-11e7-964b-a0c58951c8d5','caadmin','2017-03-20 20:27:11','127.0.0.1','200','GET','/v1/auth/main/menu','Id=-1&TypeId=0&_=1490012830909','mas'),('8be5e5fe-0d65-11e7-964b-a0c58951c8d5','caadmin','2017-03-20 20:05:42','127.0.0.1','200','GET','/v1/auth/index/entry','Id=0400000000&_=1490011541605','mas'),('8bea5ba9-0d65-11e7-964b-a0c58951c8d5','caadmin','2017-03-20 20:05:42','127.0.0.1','200','GET','/v1/auth/main/menu','Id=0400000000&TypeId=1&_=1490011541606','mas'),('8bfb432d-0d39-11e7-964b-a0c58951c8d5','demo','2017-03-20 14:50:47','127.0.0.1','200','GET','/v1/auth/batch/page','','mas'),('8c023afe-0d39-11e7-964b-a0c58951c8d5','demo','2017-03-20 14:50:47','127.0.0.1','200','GET','/v1/auth/domain/owner','','mas'),('8c0584cb-0d39-11e7-964b-a0c58951c8d5','demo','2017-03-20 14:50:47','127.0.0.1','200','GET','/v1/auth/user/roles/get','limit=10&offset=0&order=asc','mas'),('8c06981c-0d39-11e7-964b-a0c58951c8d5','demo','2017-03-20 14:50:47','127.0.0.1','200','GET','/v1/auth/domain/id','','mas'),('8c0e1c03-0d39-11e7-964b-a0c58951c8d5','demo','2017-03-20 14:50:47','127.0.0.1','200','GET','/v1/auth/resource/org/get','domain_id=mas','mas'),('8c127f03-0d39-11e7-964b-a0c58951c8d5','demo','2017-03-20 14:50:47','127.0.0.1','200','GET','/v1/auth/user/get','domain_id=mas&limit=10&offset=0&order=asc','mas'),('8c14cad8-0d39-11e7-964b-a0c58951c8d5','demo','2017-03-20 14:50:47','127.0.0.1','200','GET','/v1/auth/user/get','domain_id=mas&limit=10&offset=0&order=asc','mas'),('8c735be5-0d65-11e7-964b-a0c58951c8d5','caadmin','2017-03-20 20:05:43','127.0.0.1','200','GET','/v1/auth/resource/org/page','_=1490011541607','mas'),('8c77c165-0d65-11e7-964b-a0c58951c8d5','caadmin','2017-03-20 20:05:43','127.0.0.1','200','GET','/v1/auth/domain/owner','','mas'),('8c79d09c-0d65-11e7-964b-a0c58951c8d5','caadmin','2017-03-20 20:05:43','127.0.0.1','200','GET','/v1/auth/domain/id','','mas'),('8c7bd2ad-0d65-11e7-964b-a0c58951c8d5','caadmin','2017-03-20 20:05:43','127.0.0.1','403','GET','/v1/auth/resource/org/get','domain_id=mas','mas'),('8c7ceaad-0d65-11e7-964b-a0c58951c8d5','caadmin','2017-03-20 20:05:43','127.0.0.1','403','GET','/v1/auth/resource/org/get','domain_id=mas','mas'),('8c815ebe-0d65-11e7-964b-a0c58951c8d5','caadmin','2017-03-20 20:05:43','127.0.0.1','403','GET','/v1/auth/resource/org/get','domain_id=mas&limit=10&offset=0&order=asc','mas'),('8c877d6d-0d68-11e7-964b-a0c58951c8d5','caadmin','2017-03-20 20:27:12','127.0.0.1','200','GET','/v1/auth/user/query','','mas'),('8cb612cb-0d39-11e7-964b-a0c58951c8d5','demo','2017-03-20 14:50:48','127.0.0.1','200','GET','/v1/auth/user/roles/get','user_id=caadmin','mas'),('8d0d4a07-0d39-11e7-964b-a0c58951c8d5','demo','2017-03-20 14:50:48','127.0.0.1','200','GET','/v1/auth/user/roles/get','user_id=test1','mas'),('8dc31425-0d39-11e7-964b-a0c58951c8d5','demo','2017-03-20 14:50:50','127.0.0.1','200','GET','/HomePage','','mas'),('8dea9c72-0d39-11e7-964b-a0c58951c8d5','demo','2017-03-20 14:50:50','127.0.0.1','200','GET','/v1/auth/main/menu','Id=-1&TypeId=0&_=1489992650221','mas'),('8e30480b-0d65-11e7-964b-a0c58951c8d5','caadmin','2017-03-20 20:05:46','127.0.0.1','200','GET','/v1/auth/resource/org/page','_=1490011541608','mas'),('8e32c6a1-0d65-11e7-964b-a0c58951c8d5','caadmin','2017-03-20 20:05:46','127.0.0.1','200','GET','/v1/auth/domain/owner','','mas'),('8e34ef4b-0d65-11e7-964b-a0c58951c8d5','caadmin','2017-03-20 20:05:46','127.0.0.1','200','GET','/v1/auth/domain/id','','mas'),('8e365d8b-0d65-11e7-964b-a0c58951c8d5','caadmin','2017-03-20 20:05:46','127.0.0.1','403','GET','/v1/auth/resource/org/get','domain_id=mas','mas'),('8e37d543-0d65-11e7-964b-a0c58951c8d5','caadmin','2017-03-20 20:05:46','127.0.0.1','403','GET','/v1/auth/resource/org/get','domain_id=mas','mas'),('8e393b36-0d65-11e7-964b-a0c58951c8d5','caadmin','2017-03-20 20:05:46','127.0.0.1','403','GET','/v1/auth/resource/org/get','domain_id=mas&limit=10&offset=0&order=asc','mas'),('8e47df45-0d2c-11e7-9c4f-a0c58951c8d5','admin','2017-03-20 13:17:45','127.0.0.1','200','GET','/v1/auth/main/menu','Id=-1&TypeId=0&_=1489987065079','vertex_root'),('8e5eb1c3-0d39-11e7-964b-a0c58951c8d5','demo','2017-03-20 14:50:51','127.0.0.1','200','GET','/v1/auth/index/entry','Id=0100000000&_=1489992650222','mas'),('8e663c4f-0d39-11e7-964b-a0c58951c8d5','demo','2017-03-20 14:50:51','127.0.0.1','200','GET','/v1/auth/main/menu','Id=0100000000&TypeId=1&_=1489992650223','mas'),('8e67184b-0d6f-11e7-964b-a0c58951c8d5','dev','2017-03-20 21:17:22','127.0.0.1','200','POST','/login','password=zhanwei&username=admin','dev'),('8e68c1b6-0d6f-11e7-964b-a0c58951c8d5','admin','2017-03-20 21:17:22','127.0.0.1','200','GET','/HomePage','','vertex_root'),('8e8dad2c-0d2c-11e7-9c4f-a0c58951c8d5','admin','2017-03-20 13:17:45','127.0.0.1','200','GET','/v1/auth/index/entry','Id=0100000000&_=1489987065080','vertex_root'),('8e973581-0d2c-11e7-9c4f-a0c58951c8d5','admin','2017-03-20 13:17:45','127.0.0.1','200','GET','/v1/auth/main/menu','Id=0100000000&TypeId=1&_=1489987065081','vertex_root'),('8ea8089c-0d6f-11e7-964b-a0c58951c8d5','admin','2017-03-20 21:17:22','127.0.0.1','200','GET','/v1/auth/main/menu','Id=-1&TypeId=0&_=1490015842358','vertex_root'),('8eb7bd32-0d39-11e7-964b-a0c58951c8d5','demo','2017-03-20 14:50:51','127.0.0.1','200','GET','/v1/auth/HandleLogsPage','_=1489992650224','mas'),('8ec03983-0d39-11e7-964b-a0c58951c8d5','demo','2017-03-20 14:50:51','127.0.0.1','200','GET','/v1/auth/handle/logs','limit=80&offset=0&order=asc','mas'),('8ecd2596-0d2c-11e7-9c4f-a0c58951c8d5','admin','2017-03-20 13:17:46','127.0.0.1','200','GET','/v1/auth/domain/page','','vertex_root'),('8ed8a5ec-0d2c-11e7-9c4f-a0c58951c8d5','admin','2017-03-20 13:17:46','127.0.0.1','200','GET','/v1/auth/domain/get','limit=40&offset=0&order=asc','vertex_root'),('8f70d532-0d65-11e7-964b-a0c58951c8d5','caadmin','2017-03-20 20:05:48','127.0.0.1','200','GET','/HomePage','','mas'),('8f9b890b-0d65-11e7-964b-a0c58951c8d5','caadmin','2017-03-20 20:05:49','127.0.0.1','200','GET','/v1/auth/main/menu','Id=-1&TypeId=0&_=1490011549001','mas'),('8fac598f-0d6f-11e7-964b-a0c58951c8d5','admin','2017-03-20 21:17:24','127.0.0.1','200','GET','/v1/auth/user/query','','vertex_root'),('902c0f18-0d65-11e7-964b-a0c58951c8d5','caadmin','2017-03-20 20:05:50','127.0.0.1','200','GET','/v1/auth/index/entry','Id=0300000000&_=1490011549002','mas'),('90321b3a-0d65-11e7-964b-a0c58951c8d5','caadmin','2017-03-20 20:05:50','127.0.0.1','200','GET','/v1/auth/main/menu','Id=0300000000&TypeId=1&_=1490011549003','mas'),('909560b2-0d6f-11e7-964b-a0c58951c8d5','admin','2017-03-20 21:17:25','127.0.0.1','200','POST','/v1/auth/theme/update','theme_id=1001','vertex_root'),('9098a4e5-0d6f-11e7-964b-a0c58951c8d5','admin','2017-03-20 21:17:25','127.0.0.1','200','GET','/HomePage','','vertex_root'),('90b2d37a-0d65-11e7-964b-a0c58951c8d5','caadmin','2017-03-20 20:05:50','127.0.0.1','200','GET','/v1/ftp/curve/define/page','','mas'),('90bc0798-0d65-11e7-964b-a0c58951c8d5','caadmin','2017-03-20 20:05:51','127.0.0.1','200','GET','/v1/auth/domain/owner','','mas'),('90bcba94-0d65-11e7-964b-a0c58951c8d5','caadmin','2017-03-20 20:05:51','127.0.0.1','200','GET','/v1/ftp/curve/define/get','domain_id=devops_product&limit=10&offset=0&order=asc','mas'),('90c1b6d4-0d6f-11e7-964b-a0c58951c8d5','admin','2017-03-20 21:17:26','127.0.0.1','200','GET','/v1/auth/main/menu','Id=-1&TypeId=0&_=1490015845920','vertex_root'),('91a48258-0d6f-11e7-964b-a0c58951c8d5','admin','2017-03-20 21:17:27','127.0.0.1','200','GET','/v1/auth/user/query','','vertex_root'),('938ad50b-0d4b-11e7-964b-a0c58951c8d5','demo','2017-03-20 16:59:50','127.0.0.1','200','GET','/HomePage','','mas'),('93980483-0d53-11e7-964b-a0c58951c8d5','caadmin','2017-03-20 17:57:06','127.0.0.1','200','GET','/HomePage','','mas'),('93b892b2-0d4b-11e7-964b-a0c58951c8d5','demo','2017-03-20 16:59:51','127.0.0.1','200','GET','/v1/auth/main/menu','Id=-1&TypeId=0&_=1490000390886','mas'),('93e95e07-0d6f-11e7-964b-a0c58951c8d5','admin','2017-03-20 21:17:31','127.0.0.1','200','POST','/v1/auth/theme/update','theme_id=1004','vertex_root'),('93faf147-0d53-11e7-964b-a0c58951c8d5','caadmin','2017-03-20 17:57:07','127.0.0.1','200','GET','/v1/auth/main/menu','Id=-1&TypeId=0&_=1490003827281','mas'),('940571b2-0d6f-11e7-964b-a0c58951c8d5','admin','2017-03-20 21:17:31','127.0.0.1','200','GET','/HomePage','','vertex_root'),('941dc5dc-0d4b-11e7-964b-a0c58951c8d5','demo','2017-03-20 16:59:51','127.0.0.1','200','GET','/v1/auth/index/entry','Id=0100000000&_=1490000390887','mas'),('942750ba-0d4b-11e7-964b-a0c58951c8d5','demo','2017-03-20 16:59:51','127.0.0.1','200','GET','/v1/auth/main/menu','Id=0100000000&TypeId=1&_=1490000390888','mas'),('943f7ecb-0d6f-11e7-964b-a0c58951c8d5','admin','2017-03-20 21:17:31','127.0.0.1','200','GET','/v1/auth/main/menu','Id=-1&TypeId=0&_=1490015851798','vertex_root'),('94706c87-0d4b-11e7-964b-a0c58951c8d5','demo','2017-03-20 16:59:52','127.0.0.1','200','GET','/v1/auth/domain/page','','mas'),('947e0007-0d4b-11e7-964b-a0c58951c8d5','demo','2017-03-20 16:59:52','127.0.0.1','200','GET','/v1/auth/domain/get','limit=40&offset=0&order=asc','mas'),('951366b2-0d53-11e7-964b-a0c58951c8d5','caadmin','2017-03-20 17:57:09','127.0.0.1','200','GET','/HomePage','','mas'),('955ead94-0d4b-11e7-964b-a0c58951c8d5','demo','2017-03-20 16:59:53','127.0.0.1','420','GET','/v1/auth/domain/share/page','_=1490000390890&domain_id=vertex_root','mas'),('955f9b8f-0d53-11e7-964b-a0c58951c8d5','caadmin','2017-03-20 17:57:09','127.0.0.1','200','GET','/v1/auth/main/menu','Id=-1&TypeId=0&_=1490003829620','mas'),('9604331c-0d4b-11e7-964b-a0c58951c8d5','demo','2017-03-20 16:59:54','127.0.0.1','420','GET','/v1/auth/domain/share/page','_=1490000390891&domain_id=test','mas'),('96a1f28f-0d6f-11e7-964b-a0c58951c8d5','admin','2017-03-20 21:17:35','127.0.0.1','200','GET','/v1/auth/index/entry','Id=0100000000&_=1490015851799','vertex_root'),('96aa5983-0d6f-11e7-964b-a0c58951c8d5','admin','2017-03-20 21:17:35','127.0.0.1','200','GET','/v1/auth/main/menu','Id=0100000000&TypeId=1&_=1490015851800','vertex_root'),('96f4bf21-0d6b-11e7-964b-a0c58951c8d5','admin','2017-03-20 20:48:58','127.0.0.1','200','GET','/HomePage','','vertex_root'),('9720bd2d-0d6b-11e7-964b-a0c58951c8d5','admin','2017-03-20 20:48:58','127.0.0.1','200','GET','/v1/auth/main/menu','Id=-1&TypeId=0&_=1490014138598','vertex_root'),('972470cb-0d6f-11e7-964b-a0c58951c8d5','admin','2017-03-20 21:17:36','127.0.0.1','200','GET','/v1/auth/domain/page','','vertex_root'),('972ba7f6-0d6f-11e7-964b-a0c58951c8d5','admin','2017-03-20 21:17:36','127.0.0.1','200','GET','/v1/auth/domain/get','limit=40&offset=0&order=asc','vertex_root'),('97406d76-0d6d-11e7-964b-a0c58951c8d5','admin','2017-03-20 21:03:17','127.0.0.1','200','GET','/HomePage','','vertex_root'),('9769734f-0d6d-11e7-964b-a0c58951c8d5','admin','2017-03-20 21:03:18','127.0.0.1','200','GET','/v1/auth/main/menu','Id=-1&TypeId=0&_=1490014998081','vertex_root'),('9819ead8-0d6b-11e7-964b-a0c58951c8d5','admin','2017-03-20 20:49:00','127.0.0.1','200','GET','/v1/auth/index/entry','Id=0100000000&_=1490014138599','vertex_root'),('981f7d98-0d6b-11e7-964b-a0c58951c8d5','admin','2017-03-20 20:49:00','127.0.0.1','200','GET','/v1/auth/main/menu','Id=0100000000&TypeId=1&_=1490014138600','vertex_root'),('9858e898-0d6d-11e7-964b-a0c58951c8d5','admin','2017-03-20 21:03:19','127.0.0.1','200','GET','/v1/auth/index/entry','Id=1100000000&_=1490014998082','vertex_root'),('985dd358-0d6d-11e7-964b-a0c58951c8d5','admin','2017-03-20 21:03:19','127.0.0.1','200','GET','/v1/auth/main/menu','Id=1100000000&TypeId=1&_=1490014998083','vertex_root'),('98db3efa-0d6d-11e7-964b-a0c58951c8d5','admin','2017-03-20 21:03:20','127.0.0.1','200','GET','/v1/help/system/help','','vertex_root'),('991b24e1-0d6b-11e7-964b-a0c58951c8d5','admin','2017-03-20 20:49:02','127.0.0.1','200','GET','/v1/auth/HandleLogsPage','_=1490014138601','vertex_root'),('9925aa0f-0d6b-11e7-964b-a0c58951c8d5','admin','2017-03-20 20:49:02','127.0.0.1','200','GET','/v1/auth/handle/logs','limit=80&offset=0&order=asc','vertex_root'),('99acf4ba-0d6d-11e7-964b-a0c58951c8d5','admin','2017-03-20 21:03:21','127.0.0.1','200','GET','/v1/auth/user/query','','vertex_root'),('99c37eb2-0d68-11e7-964b-a0c58951c8d5','caadmin','2017-03-20 20:27:34','127.0.0.1','200','GET','/HomePage','','mas'),('99ef535c-0d68-11e7-964b-a0c58951c8d5','caadmin','2017-03-20 20:27:34','127.0.0.1','200','GET','/v1/auth/main/menu','Id=-1&TypeId=0&_=1490012854830','mas'),('9a583529-0d6b-11e7-964b-a0c58951c8d5','admin','2017-03-20 20:49:04','127.0.0.1','200','GET','/HomePage','','vertex_root'),('9a6a16cf-0d6d-11e7-964b-a0c58951c8d5','admin','2017-03-20 21:03:23','127.0.0.1','200','POST','/v1/auth/theme/update','theme_id=1001','vertex_root'),('9a6cd269-0d6d-11e7-964b-a0c58951c8d5','admin','2017-03-20 21:03:23','127.0.0.1','200','GET','/HomePage','','vertex_root'),('9a7a7c2d-0d6b-11e7-964b-a0c58951c8d5','admin','2017-03-20 20:49:04','127.0.0.1','200','GET','/v1/auth/main/menu','Id=-1&TypeId=0&_=1490014144261','vertex_root'),('9a7af0dc-0d68-11e7-964b-a0c58951c8d5','caadmin','2017-03-20 20:27:35','127.0.0.1','200','GET','/v1/auth/index/entry','Id=0400000000&_=1490012854831','mas'),('9a7df97a-0d68-11e7-964b-a0c58951c8d5','caadmin','2017-03-20 20:27:35','127.0.0.1','200','GET','/v1/auth/main/menu','Id=0400000000&TypeId=1&_=1490012854832','mas'),('9a89e207-0d6f-11e7-964b-a0c58951c8d5','admin','2017-03-20 21:17:42','127.0.0.1','200','GET','/HomePage','','vertex_root'),('9a8df703-0d6d-11e7-964b-a0c58951c8d5','admin','2017-03-20 21:03:23','127.0.0.1','200','GET','/v1/auth/main/menu','Id=-1&TypeId=0&_=1490015003383','vertex_root'),('9ab4f787-0d6f-11e7-964b-a0c58951c8d5','admin','2017-03-20 21:17:42','127.0.0.1','200','GET','/v1/auth/main/menu','Id=-1&TypeId=0&_=1490015862613','vertex_root'),('9b022bad-0d68-11e7-964b-a0c58951c8d5','caadmin','2017-03-20 20:27:36','127.0.0.1','200','GET','/v1/auth/user/query','','mas'),('9b0dc347-0d6f-11e7-964b-a0c58951c8d5','admin','2017-03-20 21:17:43','127.0.0.1','200','GET','/v1/auth/index/entry','Id=1100000000&_=1490015862614','vertex_root'),('9b13c64f-0d6b-11e7-964b-a0c58951c8d5','admin','2017-03-20 20:49:05','127.0.0.1','200','GET','/v1/auth/index/entry','Id=0200000000&_=1490014144262','vertex_root'),('9b14cd58-0d6f-11e7-964b-a0c58951c8d5','admin','2017-03-20 21:17:43','127.0.0.1','200','GET','/v1/auth/main/menu','Id=1100000000&TypeId=1&_=1490015862615','vertex_root'),('9b17d5a1-0d6b-11e7-964b-a0c58951c8d5','admin','2017-03-20 20:49:05','127.0.0.1','200','GET','/v1/auth/main/menu','Id=0200000000&TypeId=1&_=1490014144263','vertex_root'),('9b27ac83-0d6d-11e7-964b-a0c58951c8d5','admin','2017-03-20 21:03:24','127.0.0.1','200','GET','/v1/auth/index/entry','Id=1100000000&_=1490015003384','vertex_root'),('9b2c48dc-0d6d-11e7-964b-a0c58951c8d5','admin','2017-03-20 21:03:24','127.0.0.1','200','GET','/v1/auth/main/menu','Id=1100000000&TypeId=1&_=1490015003385','vertex_root'),('9b6c3f72-0d55-11e7-964b-a0c58951c8d5','dev','2017-03-20 18:11:38','127.0.0.1','200','GET','/','','dev'),('9b92e2d8-0d6c-11e7-964b-a0c58951c8d5','admin','2017-03-20 20:56:15','127.0.0.1','200','GET','/v1/auth/resource/query','res_id=0100000000','vertex_root'),('9b933003-0d6c-11e7-964b-a0c58951c8d5','admin','2017-03-20 20:56:15','127.0.0.1','200','GET','/v1/auth/resource/queryTheme','res_id=0100000000&theme_id=1004','vertex_root'),('9bab1394-0d6f-11e7-964b-a0c58951c8d5','admin','2017-03-20 21:17:44','127.0.0.1','200','GET','/v1/help/system/help','','vertex_root'),('9bc536cf-0d6c-11e7-964b-a0c58951c8d5','admin','2017-03-20 20:56:15','127.0.0.1','200','GET','/v1/auth/resource/query','res_id=0100000000','vertex_root'),('9bc56383-0d6c-11e7-964b-a0c58951c8d5','admin','2017-03-20 20:56:16','127.0.0.1','200','GET','/v1/auth/resource/queryTheme','res_id=0100000000&theme_id=1004','vertex_root'),('9c15f9cf-0d6d-11e7-964b-a0c58951c8d5','admin','2017-03-20 21:03:26','127.0.0.1','200','GET','/v1/help/system/help','','vertex_root'),('9c3fd44b-0d6b-11e7-964b-a0c58951c8d5','admin','2017-03-20 20:49:07','127.0.0.1','200','GET','/v1/ca/responsibility/page','','vertex_root'),('9c420f47-0d6b-11e7-964b-a0c58951c8d5','admin','2017-03-20 20:49:07','127.0.0.1','200','GET','/v1/auth/domain/owner','','vertex_root'),('9c45830b-0d6b-11e7-964b-a0c58951c8d5','admin','2017-03-20 20:49:07','127.0.0.1','200','GET','/v1/auth/domain/id','','vertex_root'),('9c47e183-0d6b-11e7-964b-a0c58951c8d5','admin','2017-03-20 20:49:07','127.0.0.1','200','GET','/v1/auth/resource/org/get','domain_id=vertex_root','vertex_root'),('9c498003-0d6b-11e7-964b-a0c58951c8d5','admin','2017-03-20 20:49:07','127.0.0.1','200','GET','/v1/auth/resource/org/get','domain_id=vertex_root','vertex_root'),('9c4ce887-0d6b-11e7-964b-a0c58951c8d5','admin','2017-03-20 20:49:07','127.0.0.1','200','GET','/v1/auth/resource/org/get','domain_id=vertex_root&limit=10&offset=0&order=asc','vertex_root'),('9c4fdf58-0d6b-11e7-964b-a0c58951c8d5','admin','2017-03-20 20:49:07','127.0.0.1','200','GET','/v1/auth/resource/org/get','domain_id=vertex_root&limit=10&offset=0&order=asc','vertex_root'),('9c5243ad-0d6b-11e7-964b-a0c58951c8d5','admin','2017-03-20 20:49:07','127.0.0.1','200','GET','/v1/auth/resource/org/get','domain_id=vertex_root&limit=10&offset=0&order=asc','vertex_root'),('9cac5183-0d6f-11e7-964b-a0c58951c8d5','admin','2017-03-20 21:17:46','127.0.0.1','200','GET','/v1/auth/user/query','','vertex_root'),('9d34be65-0d6d-11e7-964b-a0c58951c8d5','admin','2017-03-20 21:03:27','127.0.0.1','200','GET','/v1/auth/user/query','','vertex_root'),('9d896d94-0d68-11e7-964b-a0c58951c8d5','caadmin','2017-03-20 20:27:40','127.0.0.1','200','GET','/HomePage','','mas'),('9db243ad-0d68-11e7-964b-a0c58951c8d5','caadmin','2017-03-20 20:27:41','127.0.0.1','200','GET','/v1/auth/main/menu','Id=-1&TypeId=0&_=1490012861158','mas'),('9ddc9b76-0d6d-11e7-964b-a0c58951c8d5','admin','2017-03-20 21:03:29','127.0.0.1','200','POST','/v1/auth/theme/update','theme_id=1001','vertex_root'),('9ddeeacf-0d6d-11e7-964b-a0c58951c8d5','admin','2017-03-20 21:03:29','127.0.0.1','200','GET','/HomePage','','vertex_root'),('9ddf757e-0d65-11e7-964b-a0c58951c8d5','caadmin','2017-03-20 20:06:13','127.0.0.1','200','GET','/HomePage','','mas'),('9dff31f6-0d6d-11e7-964b-a0c58951c8d5','admin','2017-03-20 21:03:29','127.0.0.1','200','GET','/v1/auth/main/menu','Id=-1&TypeId=0&_=1490015009160','vertex_root'),('9dffb94f-0d65-11e7-964b-a0c58951c8d5','caadmin','2017-03-20 20:06:13','127.0.0.1','200','GET','/v1/auth/main/menu','Id=-1&TypeId=0&_=1490011573194','mas'),('9e37f903-0d6f-11e7-964b-a0c58951c8d5','admin','2017-03-20 21:17:48','127.0.0.1','200','GET','/HomePage','','vertex_root'),('9e5c1e83-0d6f-11e7-964b-a0c58951c8d5','admin','2017-03-20 21:17:48','127.0.0.1','200','GET','/v1/auth/main/menu','Id=-1&TypeId=0&_=1490015868759','vertex_root'),('9e5c32c3-0d6b-11e7-964b-a0c58951c8d5','admin','2017-03-20 20:49:10','127.0.0.1','200','GET','/HomePage','','vertex_root'),('9e75d2e1-0d68-11e7-964b-a0c58951c8d5','caadmin','2017-03-20 20:27:42','127.0.0.1','200','GET','/v1/auth/index/entry','Id=0400000000&_=1490012861159','mas'),('9e79d03a-0d68-11e7-964b-a0c58951c8d5','caadmin','2017-03-20 20:27:42','127.0.0.1','200','GET','/v1/auth/main/menu','Id=0400000000&TypeId=1&_=1490012861160','mas'),('9e8497e1-0d6b-11e7-964b-a0c58951c8d5','admin','2017-03-20 20:49:11','127.0.0.1','200','GET','/v1/auth/main/menu','Id=-1&TypeId=0&_=1490014151019','vertex_root'),('9e94d55c-0d4c-11e7-964b-a0c58951c8d5','admin','2017-03-20 17:07:18','127.0.0.1','200','GET','/HomePage','','vertex_root'),('9e965e54-0d55-11e7-964b-a0c58951c8d5','dev','2017-03-20 18:11:44','127.0.0.1','405','POST','/login','password=1234&username=caadmin','dev'),('9e97b776-0d65-11e7-964b-a0c58951c8d5','caadmin','2017-03-20 20:06:14','127.0.0.1','200','GET','/v1/auth/index/entry','Id=0300000000&_=1490011573195','mas'),('9e97fc83-0d6d-11e7-964b-a0c58951c8d5','admin','2017-03-20 21:03:30','127.0.0.1','200','GET','/v1/auth/index/entry','Id=0100000000&_=1490015009161','vertex_root'),('9e9deadc-0d65-11e7-964b-a0c58951c8d5','caadmin','2017-03-20 20:06:14','127.0.0.1','200','GET','/v1/auth/main/menu','Id=0300000000&TypeId=1&_=1490011573196','mas'),('9e9f4d87-0d6d-11e7-964b-a0c58951c8d5','admin','2017-03-20 21:03:30','127.0.0.1','200','GET','/v1/auth/main/menu','Id=0100000000&TypeId=1&_=1490015009162','vertex_root'),('9ebde79c-0d4c-11e7-964b-a0c58951c8d5','admin','2017-03-20 17:07:19','127.0.0.1','200','GET','/v1/auth/main/menu','Id=-1&TypeId=0&_=1490000838912','vertex_root'),('9efa4f21-0d6b-11e7-964b-a0c58951c8d5','admin','2017-03-20 20:49:11','127.0.0.1','200','GET','/v1/auth/index/entry','Id=0100000000&_=1490014151020','vertex_root'),('9efeac76-0d6f-11e7-964b-a0c58951c8d5','admin','2017-03-20 21:17:49','127.0.0.1','200','GET','/v1/auth/index/entry','Id=0200000000&_=1490015868760','vertex_root'),('9f008fa1-0d6b-11e7-964b-a0c58951c8d5','admin','2017-03-20 20:49:11','127.0.0.1','200','GET','/v1/auth/main/menu','Id=0100000000&TypeId=1&_=1490014151021','vertex_root'),('9f248b61-0d6d-11e7-964b-a0c58951c8d5','admin','2017-03-20 21:03:31','127.0.0.1','200','GET','/v1/auth/domain/page','','vertex_root'),('9f2ae098-0d6d-11e7-964b-a0c58951c8d5','admin','2017-03-20 21:03:31','127.0.0.1','200','GET','/v1/auth/domain/get','limit=40&offset=0&order=asc','vertex_root'),('9f35cee9-0d65-11e7-964b-a0c58951c8d5','caadmin','2017-03-20 20:06:15','127.0.0.1','200','GET','/HomePage','','mas'),('9f38e454-0d4c-11e7-964b-a0c58951c8d5','admin','2017-03-20 17:07:19','127.0.0.1','200','GET','/v1/auth/index/entry','Id=0100000000&_=1490000838913','vertex_root'),('9f40e58f-0d4c-11e7-964b-a0c58951c8d5','admin','2017-03-20 17:07:19','127.0.0.1','200','GET','/v1/auth/main/menu','Id=0100000000&TypeId=1&_=1490000838914','vertex_root'),('9f4cde0f-0d68-11e7-964b-a0c58951c8d5','caadmin','2017-03-20 20:27:43','127.0.0.1','200','GET','/v1/auth/resource/org/page','_=1490012861161','mas'),('9f513b61-0d68-11e7-964b-a0c58951c8d5','caadmin','2017-03-20 20:27:43','127.0.0.1','200','GET','/v1/auth/domain/owner','','mas'),('9f53ee1c-0d68-11e7-964b-a0c58951c8d5','caadmin','2017-03-20 20:27:43','127.0.0.1','200','GET','/v1/auth/domain/id','','mas'),('9f55ed7e-0d68-11e7-964b-a0c58951c8d5','caadmin','2017-03-20 20:27:43','127.0.0.1','403','GET','/v1/auth/resource/org/get','domain_id=mas','mas'),('9f565761-0d68-11e7-964b-a0c58951c8d5','caadmin','2017-03-20 20:27:43','127.0.0.1','403','GET','/v1/auth/resource/org/get','domain_id=mas','mas'),('9f584a4b-0d65-11e7-964b-a0c58951c8d5','caadmin','2017-03-20 20:06:15','127.0.0.1','200','GET','/v1/auth/main/menu','Id=-1&TypeId=0&_=1490011575452','mas'),('9f5c4f7a-0d68-11e7-964b-a0c58951c8d5','caadmin','2017-03-20 20:27:44','127.0.0.1','403','GET','/v1/auth/resource/org/get','domain_id=mas&limit=10&offset=0&order=asc','mas'),('9f8feef2-0d4c-11e7-964b-a0c58951c8d5','admin','2017-03-20 17:07:20','127.0.0.1','200','GET','/v1/auth/domain/page','','vertex_root'),('9f95695c-0d4c-11e7-964b-a0c58951c8d5','admin','2017-03-20 17:07:20','127.0.0.1','200','GET','/v1/auth/domain/get','limit=40&offset=0&order=asc','vertex_root'),('9f9d8514-0d65-11e7-964b-a0c58951c8d5','caadmin','2017-03-20 20:06:15','127.0.0.1','200','GET','/v1/auth/index/entry','Id=0200000000&_=1490011575453','mas'),('9fa41861-0d65-11e7-964b-a0c58951c8d5','caadmin','2017-03-20 20:06:16','127.0.0.1','200','GET','/v1/auth/main/menu','Id=0200000000&TypeId=1&_=1490011575454','mas'),('9fb4b676-0d6b-11e7-964b-a0c58951c8d5','admin','2017-03-20 20:49:13','127.0.0.1','200','GET','/v1/auth/resource/org/page','_=1490014151022','vertex_root'),('9fb9c654-0d6b-11e7-964b-a0c58951c8d5','admin','2017-03-20 20:49:13','127.0.0.1','200','GET','/v1/auth/domain/owner','','vertex_root'),('9fbcdc47-0d6b-11e7-964b-a0c58951c8d5','admin','2017-03-20 20:49:13','127.0.0.1','200','GET','/v1/auth/domain/id','','vertex_root'),('9fbea4c7-0d55-11e7-964b-a0c58951c8d5','dev','2017-03-20 18:11:46','127.0.0.1','200','POST','/login','password=123456&username=caadmin','dev'),('9fbf6bcb-0d6b-11e7-964b-a0c58951c8d5','admin','2017-03-20 20:49:13','127.0.0.1','200','GET','/v1/auth/resource/org/get','domain_id=vertex_root','vertex_root'),('9fc02a03-0d6b-11e7-964b-a0c58951c8d5','admin','2017-03-20 20:49:13','127.0.0.1','200','GET','/v1/auth/resource/org/get','domain_id=vertex_root','vertex_root'),('9fc2ea07-0d55-11e7-964b-a0c58951c8d5','caadmin','2017-03-20 18:11:46','127.0.0.1','200','GET','/HomePage','','mas'),('9fc3bad4-0d6b-11e7-964b-a0c58951c8d5','admin','2017-03-20 20:49:13','127.0.0.1','200','GET','/v1/auth/resource/org/get','domain_id=vertex_root&limit=10&offset=0&order=asc','vertex_root'),('9fc63229-0d6b-11e7-964b-a0c58951c8d5','admin','2017-03-20 20:49:13','127.0.0.1','200','GET','/v1/auth/resource/org/get','domain_id=vertex_root&limit=10&offset=0&order=asc','vertex_root'),('9fc70d61-0d6b-11e7-964b-a0c58951c8d5','admin','2017-03-20 20:49:13','127.0.0.1','200','GET','/v1/auth/resource/org/get','domain_id=vertex_root&limit=10&offset=0&order=asc','vertex_root'),('a01d7afe-0d6f-11e7-964b-a0c58951c8d5','admin','2017-03-20 21:17:51','127.0.0.1','200','GET','/HomePage','','vertex_root'),('a0221a76-0d55-11e7-964b-a0c58951c8d5','caadmin','2017-03-20 18:11:46','127.0.0.1','200','GET','/v1/auth/main/menu','Id=-1&TypeId=0&_=1490004706662','mas'),('a03698d4-0d65-11e7-964b-a0c58951c8d5','caadmin','2017-03-20 20:06:16','127.0.0.1','200','GET','/v1/ca/static/radio/page','','mas'),('a03d8298-0d65-11e7-964b-a0c58951c8d5','caadmin','2017-03-20 20:06:17','127.0.0.1','200','GET','/v1/auth/domain/owner','','mas'),('a0418565-0d6f-11e7-964b-a0c58951c8d5','admin','2017-03-20 21:17:52','127.0.0.1','200','GET','/v1/auth/main/menu','Id=-1&TypeId=0&_=1490015871940','vertex_root'),('a04a34dc-0d4c-11e7-964b-a0c58951c8d5','admin','2017-03-20 17:07:21','127.0.0.1','200','GET','/v1/auth/domain/share/page','_=1490000838916&domain_id=vertex_root','vertex_root'),('a04e98ed-0d4c-11e7-964b-a0c58951c8d5','admin','2017-03-20 17:07:21','127.0.0.1','200','GET','/v1/auth/domain/owner','','vertex_root'),('a0517b47-0d4c-11e7-964b-a0c58951c8d5','admin','2017-03-20 17:07:21','127.0.0.1','200','GET','/v1/auth/domain/share/get','domain_id=vertex_root&limit=10&offset=0&order=asc','vertex_root'),('a0544ad4-0d4c-11e7-964b-a0c58951c8d5','admin','2017-03-20 17:07:21','127.0.0.1','200','GET','/v1/auth/domain/row/details','domain_id=vertex_root','vertex_root'),('a055ec98-0d4c-11e7-964b-a0c58951c8d5','admin','2017-03-20 17:07:21','127.0.0.1','200','GET','/v1/auth/domain/share/get','domain_id=vertex_root','vertex_root'),('a082881c-0d68-11e7-964b-a0c58951c8d5','caadmin','2017-03-20 20:27:45','127.0.0.1','200','GET','/HomePage','','mas'),('a0a2a7b2-0d68-11e7-964b-a0c58951c8d5','caadmin','2017-03-20 20:27:46','127.0.0.1','200','GET','/v1/auth/main/menu','Id=-1&TypeId=0&_=1490012866108','mas'),('a0c76c69-0d6f-11e7-964b-a0c58951c8d5','admin','2017-03-20 21:17:52','127.0.0.1','200','GET','/v1/auth/index/entry','Id=0300000000&_=1490015871941','vertex_root'),('a0fb13a1-0d54-11e7-964b-a0c58951c8d5','caadmin','2017-03-20 18:04:38','127.0.0.1','200','GET','/HomePage','','mas'),('a1286118-0d68-11e7-964b-a0c58951c8d5','caadmin','2017-03-20 20:27:47','127.0.0.1','200','GET','/v1/auth/index/entry','Id=0200000000&_=1490012866109','mas'),('a12eb03a-0d68-11e7-964b-a0c58951c8d5','caadmin','2017-03-20 20:27:47','127.0.0.1','200','GET','/v1/auth/main/menu','Id=0200000000&TypeId=1&_=1490012866110','mas'),('a14b95fe-0d6f-11e7-964b-a0c58951c8d5','admin','2017-03-20 21:17:53','127.0.0.1','200','GET','/HomePage','','vertex_root'),('a14eb0b6-0d54-11e7-964b-a0c58951c8d5','caadmin','2017-03-20 18:04:39','127.0.0.1','200','GET','/v1/auth/main/menu','Id=-1&TypeId=0&_=1490004279135','mas'),('a151cbdc-0d55-11e7-964b-a0c58951c8d5','caadmin','2017-03-20 18:11:48','127.0.0.1','200','GET','/v1/auth/index/entry','Id=0200000000&_=1490004706663','mas'),('a157b987-0d65-11e7-964b-a0c58951c8d5','caadmin','2017-03-20 20:06:18','127.0.0.1','200','GET','/HomePage','','mas'),('a158c965-0d55-11e7-964b-a0c58951c8d5','caadmin','2017-03-20 18:11:48','127.0.0.1','200','GET','/v1/auth/main/menu','Id=0200000000&TypeId=1&_=1490004706664','mas'),('a16ebefa-0d6f-11e7-964b-a0c58951c8d5','admin','2017-03-20 21:17:53','127.0.0.1','200','GET','/v1/auth/main/menu','Id=-1&TypeId=0&_=1490015873919','vertex_root'),('a178ece5-0d65-11e7-964b-a0c58951c8d5','caadmin','2017-03-20 20:06:19','127.0.0.1','200','GET','/v1/auth/main/menu','Id=-1&TypeId=0&_=1490011579024','mas'),('a1a6b8d8-0d68-11e7-964b-a0c58951c8d5','caadmin','2017-03-20 20:27:47','127.0.0.1','200','GET','/v1/ca/responsibility/page','','mas'),('a1a8d018-0d68-11e7-964b-a0c58951c8d5','caadmin','2017-03-20 20:27:47','127.0.0.1','200','GET','/v1/auth/domain/owner','','mas'),('a1ab4769-0d68-11e7-964b-a0c58951c8d5','caadmin','2017-03-20 20:27:47','127.0.0.1','200','GET','/v1/auth/domain/id','','mas'),('a1ad6dd4-0d68-11e7-964b-a0c58951c8d5','caadmin','2017-03-20 20:27:47','127.0.0.1','403','GET','/v1/auth/resource/org/get','domain_id=mas','mas'),('a1aed3fa-0d68-11e7-964b-a0c58951c8d5','caadmin','2017-03-20 20:27:47','127.0.0.1','403','GET','/v1/auth/resource/org/get','domain_id=mas','mas'),('a1b2a3a1-0d68-11e7-964b-a0c58951c8d5','caadmin','2017-03-20 20:27:47','127.0.0.1','403','GET','/v1/auth/resource/org/get','domain_id=mas&limit=10&offset=0&order=asc','mas'),('a1bef629-0d6f-11e7-964b-a0c58951c8d5','admin','2017-03-20 21:17:54','127.0.0.1','200','GET','/v1/auth/index/entry','Id=0400000000&_=1490015873920','vertex_root'),('a1c1e28f-0d6c-11e7-964b-a0c58951c8d5','admin','2017-03-20 20:56:26','127.0.0.1','200','PUT','/v1/auth/resource/config/theme','res_by_color=%23FF6600&res_class=tile+tile-wide&res_group_id=1&res_id=0100000000&res_img=%2Fstatic%2Ftheme%2Fdefault%2Fimg%2Fsystem.png&res_sort_id=1&res_url=.%2Fviews%2Fhauth%2Ftheme%2Fcyan%2Fsysconfig.tpl&theme_id=1004','vertex_root'),('a1cfa1ba-0d65-11e7-964b-a0c58951c8d5','caadmin','2017-03-20 20:06:19','127.0.0.1','200','GET','/v1/auth/index/entry','Id=0200000000&_=1490011579025','mas'),('a1d50ced-0d65-11e7-964b-a0c58951c8d5','caadmin','2017-03-20 20:06:19','127.0.0.1','200','GET','/v1/auth/main/menu','Id=0200000000&TypeId=1&_=1490011579026','mas'),('a2140018-0d55-11e7-964b-a0c58951c8d5','caadmin','2017-03-20 18:11:50','127.0.0.1','200','GET','/v1/ca/responsibility/page','','mas'),('a219cef2-0d55-11e7-964b-a0c58951c8d5','caadmin','2017-03-20 18:11:50','127.0.0.1','200','GET','/v1/auth/domain/owner','','mas'),('a21f4cf6-0d55-11e7-964b-a0c58951c8d5','caadmin','2017-03-20 18:11:50','127.0.0.1','200','GET','/v1/auth/domain/id','','mas'),('a2221161-0d55-11e7-964b-a0c58951c8d5','caadmin','2017-03-20 18:11:50','127.0.0.1','403','GET','/v1/auth/resource/org/get','domain_id=mas','mas'),('a222ac58-0d55-11e7-964b-a0c58951c8d5','caadmin','2017-03-20 18:11:50','127.0.0.1','403','GET','/v1/auth/resource/org/get','domain_id=mas','mas'),('a22b8529-0d55-11e7-964b-a0c58951c8d5','caadmin','2017-03-20 18:11:50','127.0.0.1','403','GET','/v1/auth/resource/org/get','domain_id=mas&limit=10&offset=0&order=asc','mas'),('a22d3b29-0d4c-11e7-964b-a0c58951c8d5','admin','2017-03-20 17:07:24','127.0.0.1','200','GET','/v1/auth/domain/share/page','_=1490000838917&domain_id=vertex_root','vertex_root'),('a22f14b2-0d4c-11e7-964b-a0c58951c8d5','admin','2017-03-20 17:07:24','127.0.0.1','200','GET','/v1/auth/domain/owner','','vertex_root'),('a2318f5c-0d4c-11e7-964b-a0c58951c8d5','admin','2017-03-20 17:07:24','127.0.0.1','200','GET','/v1/auth/domain/share/get','domain_id=vertex_root&limit=10&offset=0&order=asc','vertex_root'),('a23594d4-0d4c-11e7-964b-a0c58951c8d5','admin','2017-03-20 17:07:24','127.0.0.1','200','GET','/v1/auth/domain/row/details','domain_id=vertex_root','vertex_root'),('a235ad69-0d4c-11e7-964b-a0c58951c8d5','admin','2017-03-20 17:07:24','127.0.0.1','200','GET','/v1/auth/domain/share/get','domain_id=vertex_root','vertex_root'),('a26d3214-0d6b-11e7-964b-a0c58951c8d5','admin','2017-03-20 20:49:17','127.0.0.1','200','GET','/HomePage','','vertex_root'),('a26f1214-0d6f-11e7-964b-a0c58951c8d5','admin','2017-03-20 21:17:55','127.0.0.1','200','GET','/HomePage','','vertex_root'),('a282900b-0d6c-11e7-964b-a0c58951c8d5','admin','2017-03-20 20:56:27','127.0.0.1','200','GET','/HomePage','','vertex_root'),('a28e7fcf-0d6b-11e7-964b-a0c58951c8d5','admin','2017-03-20 20:49:17','127.0.0.1','200','GET','/v1/auth/main/menu','Id=-1&TypeId=0&_=1490014157816','vertex_root'),('a2972b1c-0d6f-11e7-964b-a0c58951c8d5','admin','2017-03-20 21:17:55','127.0.0.1','200','GET','/v1/auth/main/menu','Id=-1&TypeId=0&_=1490015875845','vertex_root'),('a2ac43e9-0d6c-11e7-964b-a0c58951c8d5','admin','2017-03-20 20:56:27','127.0.0.1','200','GET','/v1/auth/main/menu','Id=-1&TypeId=0&_=1490014587480','vertex_root'),('a2c342e9-0d68-11e7-964b-a0c58951c8d5','caadmin','2017-03-20 20:27:49','127.0.0.1','200','GET','/v1/auth/user/query','','mas'),('a30456d4-0d4c-11e7-964b-a0c58951c8d5','admin','2017-03-20 17:07:26','127.0.0.1','200','GET','/HomePage','','vertex_root'),('a324ebcf-0d6f-11e7-964b-a0c58951c8d5','admin','2017-03-20 21:17:56','127.0.0.1','200','GET','/v1/auth/index/entry','Id=0200000000&_=1490015875846','vertex_root'),('a327134b-0d4c-11e7-964b-a0c58951c8d5','admin','2017-03-20 17:07:26','127.0.0.1','200','GET','/v1/auth/main/menu','Id=-1&TypeId=0&_=1490000846323','vertex_root'),('a37183b6-0d6c-11e7-964b-a0c58951c8d5','admin','2017-03-20 20:56:28','127.0.0.1','200','GET','/v1/auth/user/query','','vertex_root'),('a373f2a1-0d55-11e7-964b-a0c58951c8d5','caadmin','2017-03-20 18:11:52','127.0.0.1','200','GET','/HomePage','','mas'),('a3ba230b-0d54-11e7-964b-a0c58951c8d5','caadmin','2017-03-20 18:04:43','127.0.0.1','200','GET','/logout','','mas'),('a3c1c207-0d54-11e7-964b-a0c58951c8d5','dev','2017-03-20 18:04:43','127.0.0.1','200','GET','/','','dev'),('a3d036cf-0d55-11e7-964b-a0c58951c8d5','caadmin','2017-03-20 18:11:52','127.0.0.1','200','GET','/v1/auth/main/menu','Id=-1&TypeId=0&_=1490004712841','mas'),('a3dd89fa-0d4c-11e7-964b-a0c58951c8d5','admin','2017-03-20 17:07:27','127.0.0.1','200','GET','/v1/auth/index/entry','Id=0400000000&_=1490000846324','vertex_root'),('a3e08398-0d4c-11e7-964b-a0c58951c8d5','admin','2017-03-20 17:07:27','127.0.0.1','200','GET','/v1/auth/main/menu','Id=0400000000&TypeId=1&_=1490000846325','vertex_root'),('a3ffdbed-0d6f-11e7-964b-a0c58951c8d5','admin','2017-03-20 21:17:58','127.0.0.1','200','GET','/HomePage','','vertex_root'),('a40e6fba-0d6c-11e7-964b-a0c58951c8d5','admin','2017-03-20 20:56:29','127.0.0.1','200','POST','/v1/auth/theme/update','theme_id=1004','vertex_root'),('a40e707e-0d6d-11e7-964b-a0c58951c8d5','admin','2017-03-20 21:03:39','127.0.0.1','200','GET','/v1/auth/user/query','','vertex_root'),('a4110832-0d6c-11e7-964b-a0c58951c8d5','admin','2017-03-20 20:56:29','127.0.0.1','200','GET','/HomePage','','vertex_root'),('a42330d8-0d6f-11e7-964b-a0c58951c8d5','admin','2017-03-20 21:17:58','127.0.0.1','200','GET','/v1/auth/main/menu','Id=-1&TypeId=0&_=1490015878455','vertex_root'),('a431f8e1-0d6c-11e7-964b-a0c58951c8d5','admin','2017-03-20 20:56:30','127.0.0.1','200','GET','/v1/auth/main/menu','Id=-1&TypeId=0&_=1490014590055','vertex_root'),('a44f8a32-0d55-11e7-964b-a0c58951c8d5','caadmin','2017-03-20 18:11:53','127.0.0.1','200','GET','/v1/auth/index/entry','Id=0200000000&_=1490004712842','mas'),('a456a198-0d55-11e7-964b-a0c58951c8d5','caadmin','2017-03-20 18:11:53','127.0.0.1','200','GET','/v1/auth/main/menu','Id=0200000000&TypeId=1&_=1490004712843','mas'),('a4676bad-0d54-11e7-964b-a0c58951c8d5','dev','2017-03-20 18:04:44','127.0.0.1','200','GET','/','','dev'),('a483c8fa-0d4c-11e7-964b-a0c58951c8d5','admin','2017-03-20 17:07:28','127.0.0.1','200','GET','/v1/auth/resource/org/page','_=1490000846326','vertex_root'),('a48640e5-0d4c-11e7-964b-a0c58951c8d5','admin','2017-03-20 17:07:28','127.0.0.1','200','GET','/v1/auth/domain/owner','','vertex_root'),('a488c598-0d4c-11e7-964b-a0c58951c8d5','admin','2017-03-20 17:07:28','127.0.0.1','200','GET','/v1/auth/domain/id','','vertex_root'),('a48bbd9c-0d4c-11e7-964b-a0c58951c8d5','admin','2017-03-20 17:07:28','127.0.0.1','200','GET','/v1/auth/resource/org/get','domain_id=vertex_root','vertex_root'),('a48c5214-0d4c-11e7-964b-a0c58951c8d5','admin','2017-03-20 17:07:28','127.0.0.1','200','GET','/v1/auth/resource/org/get','domain_id=vertex_root','vertex_root'),('a48f67f2-0d4c-11e7-964b-a0c58951c8d5','admin','2017-03-20 17:07:28','127.0.0.1','200','GET','/v1/auth/resource/org/get','domain_id=vertex_root&limit=10&offset=0&order=asc','vertex_root'),('a4922f2d-0d4c-11e7-964b-a0c58951c8d5','admin','2017-03-20 17:07:28','127.0.0.1','200','GET','/v1/auth/resource/org/get','domain_id=vertex_root&limit=10&offset=0&order=asc','vertex_root'),('a4932887-0d4c-11e7-964b-a0c58951c8d5','admin','2017-03-20 17:07:28','127.0.0.1','200','GET','/v1/auth/resource/org/get','domain_id=vertex_root&limit=10&offset=0&order=asc','vertex_root'),('a4a0ad1c-0d6f-11e7-964b-a0c58951c8d5','admin','2017-03-20 21:17:59','127.0.0.1','200','GET','/v1/auth/index/entry','Id=0300000000&_=1490015878456','vertex_root'),('a4af5129-0d6d-11e7-964b-a0c58951c8d5','admin','2017-03-20 21:03:40','127.0.0.1','200','POST','/v1/auth/theme/update','theme_id=1004','vertex_root'),('a4b1cc87-0d6d-11e7-964b-a0c58951c8d5','admin','2017-03-20 21:03:40','127.0.0.1','200','GET','/HomePage','','vertex_root'),('a4c4df7e-0d55-11e7-964b-a0c58951c8d5','caadmin','2017-03-20 18:11:54','127.0.0.1','200','GET','/v1/ca/driver/page','','mas'),('a4c50025-0d6c-11e7-964b-a0c58951c8d5','admin','2017-03-20 20:56:31','127.0.0.1','200','GET','/v1/auth/index/entry','Id=0100000000&_=1490014590056','vertex_root'),('a4cc1bba-0d6c-11e7-964b-a0c58951c8d5','admin','2017-03-20 20:56:31','127.0.0.1','200','GET','/v1/auth/main/menu','Id=0100000000&TypeId=1&_=1490014590057','vertex_root'),('a4d4c4c7-0d55-11e7-964b-a0c58951c8d5','caadmin','2017-03-20 18:11:54','127.0.0.1','200','GET','/v1/auth/domain/owner','','mas'),('a4d64a5c-0d6d-11e7-964b-a0c58951c8d5','admin','2017-03-20 21:03:40','127.0.0.1','200','GET','/v1/auth/main/menu','Id=-1&TypeId=0&_=1490015020618','vertex_root'),('a540974b-0d6f-11e7-964b-a0c58951c8d5','admin','2017-03-20 21:18:00','127.0.0.1','200','GET','/HomePage','','vertex_root'),('a563aee9-0d6f-11e7-964b-a0c58951c8d5','admin','2017-03-20 21:18:00','127.0.0.1','200','GET','/v1/auth/main/menu','Id=-1&TypeId=0&_=1490015880552','vertex_root'),('a57293cf-0d55-11e7-964b-a0c58951c8d5','caadmin','2017-03-20 18:11:55','127.0.0.1','200','GET','/HomePage','','mas'),('a591d669-0d6d-11e7-964b-a0c58951c8d5','admin','2017-03-20 21:03:41','127.0.0.1','200','GET','/v1/auth/index/entry','Id=0100000000&_=1490015020619','vertex_root'),('a5993576-0d6d-11e7-964b-a0c58951c8d5','admin','2017-03-20 21:03:41','127.0.0.1','200','GET','/v1/auth/main/menu','Id=0100000000&TypeId=1&_=1490015020620','vertex_root'),('a5a08c4b-0d6c-11e7-964b-a0c58951c8d5','admin','2017-03-20 20:56:32','127.0.0.1','200','GET','/v1/auth/domain/page','','vertex_root'),('a5a71a07-0d6c-11e7-964b-a0c58951c8d5','admin','2017-03-20 20:56:32','127.0.0.1','200','GET','/v1/auth/domain/get','limit=40&offset=0&order=asc','vertex_root'),('a5c284ba-0d4c-11e7-964b-a0c58951c8d5','admin','2017-03-20 17:07:30','127.0.0.1','200','GET','/HomePage','','vertex_root'),('a5c3fb72-0d55-11e7-964b-a0c58951c8d5','caadmin','2017-03-20 18:11:56','127.0.0.1','200','GET','/v1/auth/main/menu','Id=-1&TypeId=0&_=1490004716022','mas'),('a5e49729-0d4c-11e7-964b-a0c58951c8d5','admin','2017-03-20 17:07:30','127.0.0.1','200','GET','/v1/auth/main/menu','Id=-1&TypeId=0&_=1490000850932','vertex_root'),('a5eddbfe-0d6f-11e7-964b-a0c58951c8d5','admin','2017-03-20 21:18:01','127.0.0.1','200','GET','/v1/auth/index/entry','Id=0400000000&_=1490015880553','vertex_root'),('a6104729-0d6b-11e7-964b-a0c58951c8d5','admin','2017-03-20 20:49:23','127.0.0.1','200','GET','/v1/auth/index/entry','Id=0100000000&_=1490014157817','vertex_root'),('a615af83-0d6b-11e7-964b-a0c58951c8d5','admin','2017-03-20 20:49:23','127.0.0.1','200','GET','/v1/auth/main/menu','Id=0100000000&TypeId=1&_=1490014157818','vertex_root'),('a6271c47-0d6d-11e7-964b-a0c58951c8d5','admin','2017-03-20 21:03:42','127.0.0.1','200','GET','/v1/auth/domain/page','','vertex_root'),('a62fa0e1-0d6d-11e7-964b-a0c58951c8d5','admin','2017-03-20 21:03:42','127.0.0.1','200','GET','/v1/auth/domain/get','limit=40&offset=0&order=asc','vertex_root'),('a6630b54-0d4c-11e7-964b-a0c58951c8d5','admin','2017-03-20 17:07:31','127.0.0.1','200','GET','/v1/auth/index/entry','Id=0100000000&_=1490000850933','vertex_root'),('a66a6514-0d4c-11e7-964b-a0c58951c8d5','admin','2017-03-20 17:07:31','127.0.0.1','200','GET','/v1/auth/main/menu','Id=0100000000&TypeId=1&_=1490000850934','vertex_root'),('a67310fe-0d6f-11e7-964b-a0c58951c8d5','admin','2017-03-20 21:18:02','127.0.0.1','200','GET','/HomePage','','vertex_root'),('a695ec7a-0d6f-11e7-964b-a0c58951c8d5','admin','2017-03-20 21:18:02','127.0.0.1','200','GET','/v1/auth/main/menu','Id=-1&TypeId=0&_=1490015882560','vertex_root'),('a6b5c9e1-0d54-11e7-964b-a0c58951c8d5','dev','2017-03-20 18:04:48','127.0.0.1','200','POST','/login','password=zhanwei&username=admin','dev'),('a6b84887-0d54-11e7-964b-a0c58951c8d5','admin','2017-03-20 18:04:48','127.0.0.1','200','GET','/HomePage','','vertex_root'),('a6ba10d8-0d6c-11e7-964b-a0c58951c8d5','admin','2017-03-20 20:56:34','127.0.0.1','200','GET','/HomePage','','vertex_root'),('a6d9c19c-0d6c-11e7-964b-a0c58951c8d5','admin','2017-03-20 20:56:34','127.0.0.1','200','GET','/v1/auth/main/menu','Id=-1&TypeId=0&_=1490014594516','vertex_root'),('a6e82d61-0d6b-11e7-964b-a0c58951c8d5','admin','2017-03-20 20:49:25','127.0.0.1','200','GET','/v1/auth/resource/page','_=1490014157819','vertex_root'),('a6ed6198-0d6b-11e7-964b-a0c58951c8d5','admin','2017-03-20 20:49:25','127.0.0.1','200','GET','/v1/auth/resource/get','','vertex_root'),('a70001c3-0d54-11e7-964b-a0c58951c8d5','admin','2017-03-20 18:04:48','127.0.0.1','200','GET','/v1/auth/main/menu','Id=-1&TypeId=0&_=1490004288697','vertex_root'),('a701c5a9-0d55-11e7-964b-a0c58951c8d5','caadmin','2017-03-20 18:11:58','127.0.0.1','200','GET','/logout','','mas'),('a7045ce1-0d55-11e7-964b-a0c58951c8d5','dev','2017-03-20 18:11:58','127.0.0.1','200','GET','/','','dev'),('a723effe-0d4c-11e7-964b-a0c58951c8d5','admin','2017-03-20 17:07:33','127.0.0.1','200','GET','/v1/auth/user/page','_=1490000850935','vertex_root'),('a7294b25-0d4c-11e7-964b-a0c58951c8d5','admin','2017-03-20 17:07:33','127.0.0.1','200','GET','/v1/auth/domain/owner','','vertex_root'),('a72a9f0b-0d4c-11e7-964b-a0c58951c8d5','admin','2017-03-20 17:07:33','127.0.0.1','200','GET','/v1/auth/domain/id','','vertex_root'),('a72de4cb-0d4c-11e7-964b-a0c58951c8d5','admin','2017-03-20 17:07:33','127.0.0.1','200','GET','/v1/auth/resource/org/get','domain_id=vertex_root','vertex_root'),('a73291fa-0d4c-11e7-964b-a0c58951c8d5','admin','2017-03-20 17:07:33','127.0.0.1','200','GET','/v1/auth/user/get','domain_id=vertex_root&limit=10&offset=0&order=asc','vertex_root'),('a736b454-0d4c-11e7-964b-a0c58951c8d5','admin','2017-03-20 17:07:33','127.0.0.1','200','GET','/v1/auth/user/get','domain_id=vertex_root&limit=10&offset=0&order=asc','vertex_root'),('a771cbf6-0d6f-11e7-964b-a0c58951c8d5','admin','2017-03-20 21:18:04','127.0.0.1','200','GET','/v1/auth/index/entry','Id=0100000000&_=1490015882561','vertex_root'),('a779875c-0d6f-11e7-964b-a0c58951c8d5','admin','2017-03-20 21:18:04','127.0.0.1','200','GET','/v1/auth/main/menu','Id=0100000000&TypeId=1&_=1490015882562','vertex_root'),('a78a3821-0d6c-11e7-964b-a0c58951c8d5','admin','2017-03-20 20:56:35','127.0.0.1','200','GET','/v1/auth/index/entry','Id=1100000000&_=1490014594517','vertex_root'),('a7907ae9-0d6c-11e7-964b-a0c58951c8d5','admin','2017-03-20 20:56:35','127.0.0.1','200','GET','/v1/auth/main/menu','Id=1100000000&TypeId=1&_=1490014594518','vertex_root'),('a79f411c-0d6d-11e7-964b-a0c58951c8d5','admin','2017-03-20 21:03:45','127.0.0.1','200','GET','/v1/auth/user/query','','vertex_root'),('a7fb8d94-0d67-11e7-964b-a0c58951c8d5','caadmin','2017-03-20 20:20:49','127.0.0.1','200','GET','/v1/auth/user/query','','mas'),('a8242868-0d2d-11e7-9c4f-a0c58951c8d5','admin','2017-03-20 13:25:38','127.0.0.1','200','GET','/HomePage','','vertex_root'),('a82adfa5-0d6f-11e7-964b-a0c58951c8d5','admin','2017-03-20 21:18:05','127.0.0.1','200','GET','/v1/auth/resource/org/page','_=1490015882563','vertex_root'),('a82e8a03-0d6f-11e7-964b-a0c58951c8d5','admin','2017-03-20 21:18:05','127.0.0.1','200','GET','/v1/auth/domain/owner','','vertex_root'),('a831d77a-0d6f-11e7-964b-a0c58951c8d5','admin','2017-03-20 21:18:05','127.0.0.1','200','GET','/v1/auth/domain/id','','vertex_root'),('a83517c3-0d6f-11e7-964b-a0c58951c8d5','admin','2017-03-20 21:18:05','127.0.0.1','200','GET','/v1/auth/resource/org/get','domain_id=vertex_root','vertex_root'),('a8371d3a-0d6f-11e7-964b-a0c58951c8d5','admin','2017-03-20 21:18:05','127.0.0.1','200','GET','/v1/auth/resource/org/get','domain_id=vertex_root','vertex_root'),('a83ae118-0d6f-11e7-964b-a0c58951c8d5','admin','2017-03-20 21:18:05','127.0.0.1','200','GET','/v1/auth/resource/org/get','domain_id=vertex_root&limit=10&offset=0&order=asc','vertex_root'),('a83d9a8b-0d6f-11e7-964b-a0c58951c8d5','admin','2017-03-20 21:18:05','127.0.0.1','200','GET','/v1/auth/resource/org/get','domain_id=vertex_root&limit=10&offset=0&order=asc','vertex_root'),('a83e1c9b-0d2d-11e7-9c4f-a0c58951c8d5','admin','2017-03-20 13:25:38','127.0.0.1','200','GET','/v1/auth/main/menu','Id=-1&TypeId=0&_=1489987538166','vertex_root'),('a83efd98-0d6f-11e7-964b-a0c58951c8d5','admin','2017-03-20 21:18:05','127.0.0.1','200','GET','/v1/auth/resource/org/get','domain_id=vertex_root&limit=10&offset=0&order=asc','vertex_root'),('a86606c3-0d6d-11e7-964b-a0c58951c8d5','admin','2017-03-20 21:03:46','127.0.0.1','200','POST','/v1/auth/theme/update','theme_id=1004','vertex_root'),('a86889ed-0d6d-11e7-964b-a0c58951c8d5','admin','2017-03-20 21:03:46','127.0.0.1','200','GET','/HomePage','','vertex_root'),('a882b176-0d6c-11e7-964b-a0c58951c8d5','admin','2017-03-20 20:56:37','127.0.0.1','200','GET','/HomePage','','vertex_root'),('a888a603-0d6d-11e7-964b-a0c58951c8d5','admin','2017-03-20 21:03:46','127.0.0.1','200','GET','/v1/auth/main/menu','Id=-1&TypeId=0&_=1490015026832','vertex_root'),('a8a11ce1-0d6c-11e7-964b-a0c58951c8d5','admin','2017-03-20 20:56:37','127.0.0.1','200','GET','/v1/auth/main/menu','Id=-1&TypeId=0&_=1490014597504','vertex_root'),('a8d2fc45-0d2d-11e7-9c4f-a0c58951c8d5','admin','2017-03-20 13:25:39','127.0.0.1','200','GET','/v1/auth/index/entry','Id=0100000000&_=1489987538167','vertex_root'),('a8dbb0db-0d2d-11e7-9c4f-a0c58951c8d5','admin','2017-03-20 13:25:39','127.0.0.1','200','GET','/v1/auth/main/menu','Id=0100000000&TypeId=1&_=1489987538168','vertex_root'),('a8f91f14-0d54-11e7-964b-a0c58951c8d5','admin','2017-03-20 18:04:52','127.0.0.1','200','GET','/logout','','vertex_root'),('a8fb76b6-0d54-11e7-964b-a0c58951c8d5','dev','2017-03-20 18:04:52','127.0.0.1','200','GET','/','','dev'),('a9105772-0d55-11e7-964b-a0c58951c8d5','dev','2017-03-20 18:12:01','127.0.0.1','200','POST','/login','password=zhanwei&username=admin','dev'),('a912bc7a-0d55-11e7-964b-a0c58951c8d5','admin','2017-03-20 18:12:01','127.0.0.1','200','GET','/HomePage','','vertex_root'),('a92da379-0d2d-11e7-9c4f-a0c58951c8d5','admin','2017-03-20 13:25:39','127.0.0.1','200','GET','/v1/auth/domain/page','','vertex_root'),('a93b87a3-0d2d-11e7-9c4f-a0c58951c8d5','admin','2017-03-20 13:25:39','127.0.0.1','200','GET','/v1/auth/domain/get','limit=40&offset=0&order=asc','vertex_root'),('a9579adc-0d55-11e7-964b-a0c58951c8d5','admin','2017-03-20 18:12:02','127.0.0.1','200','GET','/v1/auth/main/menu','Id=-1&TypeId=0&_=1490004722132','vertex_root'),('a98580e1-0d6f-11e7-964b-a0c58951c8d5','admin','2017-03-20 21:18:07','127.0.0.1','200','GET','/HomePage','','vertex_root'),('a9a84e98-0d6f-11e7-964b-a0c58951c8d5','admin','2017-03-20 21:18:07','127.0.0.1','200','GET','/v1/auth/main/menu','Id=-1&TypeId=0&_=1490015887719','vertex_root'),('a9bd0e69-0d6c-11e7-964b-a0c58951c8d5','admin','2017-03-20 20:56:39','127.0.0.1','200','GET','/v1/auth/index/entry','Id=1100000000&_=1490014597505','vertex_root'),('a9c25e1c-0d6c-11e7-964b-a0c58951c8d5','admin','2017-03-20 20:56:39','127.0.0.1','200','GET','/v1/auth/main/menu','Id=1100000000&TypeId=1&_=1490014597506','vertex_root'),('a9e71047-0d6d-11e7-964b-a0c58951c8d5','admin','2017-03-20 21:03:49','127.0.0.1','200','GET','/v1/auth/user/query','','vertex_root'),('aa30fcba-0d6c-11e7-964b-a0c58951c8d5','admin','2017-03-20 20:56:40','127.0.0.1','200','GET','/HomePage','','vertex_root'),('aa533407-0d6c-11e7-964b-a0c58951c8d5','admin','2017-03-20 20:56:40','127.0.0.1','200','GET','/v1/auth/main/menu','Id=-1&TypeId=0&_=1490014600338','vertex_root'),('aa775b5f-0d2d-11e7-9c4f-a0c58951c8d5','admin','2017-03-20 13:25:41','127.0.0.1','200','GET','/v1/auth/resource/org/page','_=1489987538170','vertex_root'),('aa7cf4e3-0d2d-11e7-9c4f-a0c58951c8d5','admin','2017-03-20 13:25:42','127.0.0.1','200','GET','/v1/auth/domain/owner','','vertex_root'),('aa819b1b-0d2d-11e7-9c4f-a0c58951c8d5','admin','2017-03-20 13:25:42','127.0.0.1','200','GET','/v1/auth/domain/id','','vertex_root'),('aa839b8a-0d2d-11e7-9c4f-a0c58951c8d5','admin','2017-03-20 13:25:42','127.0.0.1','200','GET','/v1/auth/resource/org/get','domain_id=vertex_root','vertex_root'),('aa853bca-0d2d-11e7-9c4f-a0c58951c8d5','admin','2017-03-20 13:25:42','127.0.0.1','200','GET','/v1/auth/resource/org/get','domain_id=vertex_root','vertex_root'),('aa89dd16-0d2d-11e7-9c4f-a0c58951c8d5','admin','2017-03-20 13:25:42','127.0.0.1','200','GET','/v1/auth/resource/org/get','domain_id=vertex_root&limit=10&offset=0&order=asc','vertex_root'),('aa8b53b0-0d2d-11e7-9c4f-a0c58951c8d5','admin','2017-03-20 13:25:42','127.0.0.1','200','GET','/v1/auth/resource/org/get','domain_id=vertex_root&limit=10&offset=0&order=asc','vertex_root'),('aa8c3374-0d2d-11e7-9c4f-a0c58951c8d5','admin','2017-03-20 13:25:42','127.0.0.1','200','GET','/v1/auth/resource/org/get','domain_id=vertex_root&limit=10&offset=0&order=asc','vertex_root'),('aac6408f-0d55-11e7-964b-a0c58951c8d5','admin','2017-03-20 18:12:04','127.0.0.1','200','GET','/v1/auth/index/entry','Id=0100000000&_=1490004722133','vertex_root'),('aacee6a5-0d55-11e7-964b-a0c58951c8d5','admin','2017-03-20 18:12:04','127.0.0.1','200','GET','/v1/auth/main/menu','Id=0100000000&TypeId=1&_=1490004722134','vertex_root'),('aae3c787-0d6d-11e7-964b-a0c58951c8d5','admin','2017-03-20 21:03:50','127.0.0.1','200','POST','/v1/auth/theme/update','theme_id=1001','vertex_root'),('aae5ee1c-0d6d-11e7-964b-a0c58951c8d5','admin','2017-03-20 21:03:50','127.0.0.1','200','GET','/HomePage','','vertex_root'),('ab08604f-0d6d-11e7-964b-a0c58951c8d5','admin','2017-03-20 21:03:51','127.0.0.1','200','GET','/v1/auth/main/menu','Id=-1&TypeId=0&_=1490015031023','vertex_root'),('ab0c8bba-0d6c-11e7-964b-a0c58951c8d5','admin','2017-03-20 20:56:41','127.0.0.1','200','GET','/v1/auth/index/entry','Id=0100000000&_=1490014600339','vertex_root'),('ab139c5c-0d6c-11e7-964b-a0c58951c8d5','admin','2017-03-20 20:56:41','127.0.0.1','200','GET','/v1/auth/main/menu','Id=0100000000&TypeId=1&_=1490014600340','vertex_root'),('ab2bf14b-0d55-11e7-964b-a0c58951c8d5','admin','2017-03-20 18:12:05','127.0.0.1','200','GET','/v1/auth/resource/page','_=1490004722135','vertex_root'),('ab38caa9-0d55-11e7-964b-a0c58951c8d5','admin','2017-03-20 18:12:05','127.0.0.1','200','GET','/v1/auth/resource/get','','vertex_root'),('aba4137a-0d6c-11e7-964b-a0c58951c8d5','admin','2017-03-20 20:56:42','127.0.0.1','200','GET','/v1/auth/user/page','_=1490014600341','vertex_root'),('aba7f743-0d6c-11e7-964b-a0c58951c8d5','admin','2017-03-20 20:56:42','127.0.0.1','200','GET','/v1/auth/domain/owner','','vertex_root'),('aba974a1-0d6c-11e7-964b-a0c58951c8d5','admin','2017-03-20 20:56:42','127.0.0.1','200','GET','/v1/auth/domain/id','','vertex_root'),('abac811c-0d6c-11e7-964b-a0c58951c8d5','admin','2017-03-20 20:56:42','127.0.0.1','200','GET','/v1/auth/resource/org/get','domain_id=vertex_root','vertex_root'),('abb08d2d-0d6c-11e7-964b-a0c58951c8d5','admin','2017-03-20 20:56:42','127.0.0.1','200','GET','/v1/auth/user/get','domain_id=vertex_root&limit=10&offset=0&order=asc','vertex_root'),('abb1c629-0d6c-11e7-964b-a0c58951c8d5','admin','2017-03-20 20:56:42','127.0.0.1','200','GET','/v1/auth/user/get','domain_id=vertex_root&limit=10&offset=0&order=asc','vertex_root'),('abc1f261-0d55-11e7-964b-a0c58951c8d5','admin','2017-03-20 18:12:06','127.0.0.1','200','GET','/v1/auth/resource/query','res_id=0101010000','vertex_root'),('abc22907-0d55-11e7-964b-a0c58951c8d5','admin','2017-03-20 18:12:06','127.0.0.1','200','GET','/v1/auth/resource/queryTheme','res_id=0101010000&theme_id=1001','vertex_root'),('abcc76c7-0d6d-11e7-964b-a0c58951c8d5','admin','2017-03-20 21:03:52','127.0.0.1','200','GET','/v1/auth/index/entry','Id=0200000000&_=1490015031024','vertex_root'),('abd2ab3a-0d6d-11e7-964b-a0c58951c8d5','admin','2017-03-20 21:03:52','127.0.0.1','200','GET','/v1/auth/main/menu','Id=0200000000&TypeId=1&_=1490015031025','vertex_root'),('abf16c61-0d54-11e7-964b-a0c58951c8d5','dev','2017-03-20 18:04:57','127.0.0.1','200','POST','/login','password=123456&username=caadmin','dev'),('abf46c3a-0d54-11e7-964b-a0c58951c8d5','caadmin','2017-03-20 18:04:57','127.0.0.1','200','GET','/HomePage','','mas'),('ac38d9dc-0d54-11e7-964b-a0c58951c8d5','caadmin','2017-03-20 18:04:57','127.0.0.1','200','GET','/v1/auth/main/menu','Id=-1&TypeId=0&_=1490004297464','mas'),('ad0112b9-0d2d-11e7-9c4f-a0c58951c8d5','admin','2017-03-20 13:25:46','127.0.0.1','200','GET','/logout','','vertex_root'),('ad029ad6-0d2d-11e7-9c4f-a0c58951c8d5','dev','2017-03-20 13:25:46','127.0.0.1','200','GET','/','','dev'),('ad0f237a-0d55-11e7-964b-a0c58951c8d5','admin','2017-03-20 18:12:08','127.0.0.1','200','GET','/v1/auth/resource/queryTheme','res_id=0101010000&theme_id=1004','vertex_root'),('ad67d283-0d6c-11e7-964b-a0c58951c8d5','admin','2017-03-20 20:56:45','127.0.0.1','200','GET','/v1/auth/role/page','_=1490014600342','vertex_root'),('ad6b8e4f-0d6c-11e7-964b-a0c58951c8d5','admin','2017-03-20 20:56:45','127.0.0.1','200','GET','/v1/auth/domain/owner','','vertex_root'),('ad705b0b-0d6c-11e7-964b-a0c58951c8d5','admin','2017-03-20 20:56:45','127.0.0.1','200','GET','/v1/auth/role/get','domain_id=&limit=10&offset=0&order=asc','vertex_root'),('ad70edbe-0d6c-11e7-964b-a0c58951c8d5','admin','2017-03-20 20:56:45','127.0.0.1','200','GET','/v1/auth/domain/id','','vertex_root'),('ad754d83-0d6c-11e7-964b-a0c58951c8d5','admin','2017-03-20 20:56:45','127.0.0.1','200','GET','/v1/auth/role/get','domain_id=vertex_root&limit=10&offset=0&order=asc','vertex_root'),('adf2bb2d-0d55-11e7-964b-a0c58951c8d5','admin','2017-03-20 18:12:09','127.0.0.1','200','GET','/v1/auth/resource/queryTheme','res_id=0101010000&theme_id=1003','vertex_root'),('ae2424b6-0d6d-11e7-964b-a0c58951c8d5','admin','2017-03-20 21:03:56','127.0.0.1','200','GET','/HomePage','','vertex_root'),('ae4504b6-0d6d-11e7-964b-a0c58951c8d5','admin','2017-03-20 21:03:56','127.0.0.1','200','GET','/v1/auth/main/menu','Id=-1&TypeId=0&_=1490015036454','vertex_root'),('ae7d423e-0d55-11e7-964b-a0c58951c8d5','admin','2017-03-20 18:12:10','127.0.0.1','200','GET','/v1/auth/resource/queryTheme','res_id=0101010000&theme_id=1004','vertex_root'),('aec9715c-0d6c-11e7-964b-a0c58951c8d5','admin','2017-03-20 20:56:47','127.0.0.1','200','GET','/v1/auth/batch/page','','vertex_root'),('aecd9421-0d6c-11e7-964b-a0c58951c8d5','admin','2017-03-20 20:56:47','127.0.0.1','200','GET','/v1/auth/domain/owner','','vertex_root'),('aecf876d-0d6c-11e7-964b-a0c58951c8d5','admin','2017-03-20 20:56:47','127.0.0.1','200','GET','/v1/auth/user/roles/get','limit=10&offset=0&order=asc','vertex_root'),('aed0bd83-0d6c-11e7-964b-a0c58951c8d5','admin','2017-03-20 20:56:47','127.0.0.1','200','GET','/v1/auth/domain/id','','vertex_root'),('aed60221-0d6c-11e7-964b-a0c58951c8d5','admin','2017-03-20 20:56:47','127.0.0.1','200','GET','/v1/auth/resource/org/get','domain_id=vertex_root','vertex_root'),('aed9b987-0d6c-11e7-964b-a0c58951c8d5','admin','2017-03-20 20:56:48','127.0.0.1','200','GET','/v1/auth/user/get','domain_id=vertex_root&limit=10&offset=0&order=asc','vertex_root'),('aeda8c14-0d6d-11e7-964b-a0c58951c8d5','admin','2017-03-20 21:03:57','127.0.0.1','200','GET','/v1/auth/index/entry','Id=0100000000&_=1490015036455','vertex_root'),('aedd1d07-0d6c-11e7-964b-a0c58951c8d5','admin','2017-03-20 20:56:48','127.0.0.1','200','GET','/v1/auth/user/get','domain_id=vertex_root&limit=10&offset=0&order=asc','vertex_root'),('aee29658-0d6d-11e7-964b-a0c58951c8d5','admin','2017-03-20 21:03:57','127.0.0.1','200','GET','/v1/auth/main/menu','Id=0100000000&TypeId=1&_=1490015036456','vertex_root'),('afae6cbe-0d6d-11e7-964b-a0c58951c8d5','admin','2017-03-20 21:03:58','127.0.0.1','200','GET','/v1/auth/domain/page','','vertex_root'),('afb46ba5-0d6d-11e7-964b-a0c58951c8d5','admin','2017-03-20 21:03:58','127.0.0.1','200','GET','/v1/auth/domain/get','limit=40&offset=0&order=asc','vertex_root'),('b008545c-0d6c-11e7-964b-a0c58951c8d5','admin','2017-03-20 20:56:49','127.0.0.1','200','GET','/v1/auth/HandleLogsPage','_=1490014600344','vertex_root'),('b00ef332-0d6c-11e7-964b-a0c58951c8d5','admin','2017-03-20 20:56:50','127.0.0.1','200','GET','/v1/auth/handle/logs','limit=80&offset=0&order=asc','vertex_root'),('b0f3e4c3-0d55-11e7-964b-a0c58951c8d5','admin','2017-03-20 18:12:15','127.0.0.1','200','GET','/logout','','vertex_root'),('b0f66e32-0d55-11e7-964b-a0c58951c8d5','dev','2017-03-20 18:12:15','127.0.0.1','200','GET','/','','dev'),('b0fd7e5c-0d6d-11e7-964b-a0c58951c8d5','admin','2017-03-20 21:04:01','127.0.0.1','200','GET','/HomePage','','vertex_root'),('b11b9fa1-0d6d-11e7-964b-a0c58951c8d5','admin','2017-03-20 21:04:01','127.0.0.1','200','GET','/v1/auth/main/menu','Id=-1&TypeId=0&_=1490015041227','vertex_root'),('b1738edc-0d6d-11e7-964b-a0c58951c8d5','admin','2017-03-20 21:04:01','127.0.0.1','200','GET','/v1/auth/index/entry','Id=0200000000&_=1490015041228','vertex_root'),('b17940e9-0d6d-11e7-964b-a0c58951c8d5','admin','2017-03-20 21:04:01','127.0.0.1','200','GET','/v1/auth/main/menu','Id=0200000000&TypeId=1&_=1490015041229','vertex_root'),('b17967a1-0d6a-11e7-964b-a0c58951c8d5','caadmin','2017-03-20 20:42:33','127.0.0.1','200','GET','/HomePage','','mas'),('b189274b-0d6c-11e7-964b-a0c58951c8d5','admin','2017-03-20 20:56:52','127.0.0.1','200','GET','/v1/auth/resource/org/page','_=1490014600345','vertex_root'),('b18c40a5-0d6c-11e7-964b-a0c58951c8d5','admin','2017-03-20 20:56:52','127.0.0.1','200','GET','/v1/auth/domain/owner','','vertex_root'),('b18eca3e-0d6c-11e7-964b-a0c58951c8d5','admin','2017-03-20 20:56:52','127.0.0.1','200','GET','/v1/auth/domain/id','','vertex_root'),('b1918987-0d6c-11e7-964b-a0c58951c8d5','admin','2017-03-20 20:56:52','127.0.0.1','200','GET','/v1/auth/resource/org/get','domain_id=vertex_root','vertex_root'),('b191bd8f-0d6c-11e7-964b-a0c58951c8d5','admin','2017-03-20 20:56:52','127.0.0.1','200','GET','/v1/auth/resource/org/get','domain_id=vertex_root','vertex_root'),('b195bde5-0d6c-11e7-964b-a0c58951c8d5','admin','2017-03-20 20:56:52','127.0.0.1','200','GET','/v1/auth/resource/org/get','domain_id=vertex_root&limit=10&offset=0&order=asc','vertex_root'),('b1996498-0d6c-11e7-964b-a0c58951c8d5','admin','2017-03-20 20:56:52','127.0.0.1','200','GET','/v1/auth/resource/org/get','domain_id=vertex_root&limit=10&offset=0&order=asc','vertex_root'),('b199ece9-0d6c-11e7-964b-a0c58951c8d5','admin','2017-03-20 20:56:52','127.0.0.1','200','GET','/v1/auth/resource/org/get','domain_id=vertex_root&limit=10&offset=0&order=asc','vertex_root'),('b19e4c76-0d6a-11e7-964b-a0c58951c8d5','caadmin','2017-03-20 20:42:33','127.0.0.1','200','GET','/v1/auth/main/menu','Id=-1&TypeId=0&_=1490013753590','mas'),('b1c8c61c-0d6b-11e7-964b-a0c58951c8d5','admin','2017-03-20 20:49:43','127.0.0.1','200','GET','/HomePage','','vertex_root'),('b1e6d10b-0d56-11e7-964b-a0c58951c8d5','admin','2017-03-20 18:19:26','127.0.0.1','200','GET','/HomePage','','vertex_root'),('b1f0a5e5-0d6b-11e7-964b-a0c58951c8d5','admin','2017-03-20 20:49:43','127.0.0.1','200','GET','/v1/auth/main/menu','Id=-1&TypeId=0&_=1490014183600','vertex_root'),('b2151c4f-0d56-11e7-964b-a0c58951c8d5','admin','2017-03-20 18:19:26','127.0.0.1','200','GET','/v1/auth/main/menu','Id=-1&TypeId=0&_=1490005166292','vertex_root'),('b21973d4-0d3f-11e7-964b-a0c58951c8d5','demo','2017-03-20 15:34:48','127.0.0.1','200','GET','/HomePage','','mas'),('b21dace5-0d6d-11e7-964b-a0c58951c8d5','admin','2017-03-20 21:04:02','127.0.0.1','200','GET','/HomePage','','vertex_root'),('b2353254-0d6a-11e7-964b-a0c58951c8d5','caadmin','2017-03-20 20:42:34','127.0.0.1','200','GET','/v1/auth/user/query','','mas'),('b23cbfb2-0d6d-11e7-964b-a0c58951c8d5','admin','2017-03-20 21:04:03','127.0.0.1','200','GET','/v1/auth/main/menu','Id=-1&TypeId=0&_=1490015043127','vertex_root'),('b243e81c-0d3f-11e7-964b-a0c58951c8d5','demo','2017-03-20 15:34:48','127.0.0.1','200','GET','/v1/auth/main/menu','Id=-1&TypeId=0&_=1489995288203','mas'),('b25c71c3-0d6b-11e7-964b-a0c58951c8d5','admin','2017-03-20 20:49:44','127.0.0.1','200','GET','/v1/auth/index/entry','Id=0100000000&_=1490014183601','vertex_root'),('b2644d43-0d6b-11e7-964b-a0c58951c8d5','admin','2017-03-20 20:49:44','127.0.0.1','200','GET','/v1/auth/main/menu','Id=0100000000&TypeId=1&_=1490014183602','vertex_root'),('b293c7ba-0d56-11e7-964b-a0c58951c8d5','admin','2017-03-20 18:19:27','127.0.0.1','200','GET','/v1/auth/index/entry','Id=0100000000&_=1490005166293','vertex_root'),('b29bb3d4-0d56-11e7-964b-a0c58951c8d5','admin','2017-03-20 18:19:27','127.0.0.1','200','GET','/v1/auth/main/menu','Id=0100000000&TypeId=1&_=1490005166294','vertex_root'),('b2b04425-0d3f-11e7-964b-a0c58951c8d5','demo','2017-03-20 15:34:49','127.0.0.1','200','GET','/v1/auth/index/entry','Id=0100000000&_=1489995288204','mas'),('b2b7e125-0d3f-11e7-964b-a0c58951c8d5','demo','2017-03-20 15:34:49','127.0.0.1','200','GET','/v1/auth/main/menu','Id=0100000000&TypeId=1&_=1489995288205','mas'),('b2d032c7-0d6d-11e7-964b-a0c58951c8d5','admin','2017-03-20 21:04:04','127.0.0.1','200','GET','/v1/auth/index/entry','Id=1100000000&_=1490015043128','vertex_root'),('b2d4b20f-0d6d-11e7-964b-a0c58951c8d5','admin','2017-03-20 21:04:04','127.0.0.1','200','GET','/v1/auth/main/menu','Id=1100000000&TypeId=1&_=1490015043129','vertex_root'),('b2fd29e9-0d56-11e7-964b-a0c58951c8d5','admin','2017-03-20 18:19:27','127.0.0.1','200','GET','/v1/auth/domain/page','','vertex_root'),('b305ac21-0d56-11e7-964b-a0c58951c8d5','admin','2017-03-20 18:19:27','127.0.0.1','200','GET','/v1/auth/domain/get','limit=40&offset=0&order=asc','vertex_root'),('b31425c3-0d3f-11e7-964b-a0c58951c8d5','demo','2017-03-20 15:34:49','127.0.0.1','200','GET','/v1/auth/resource/org/page','_=1489995288206','mas'),('b3178d4b-0d3f-11e7-964b-a0c58951c8d5','demo','2017-03-20 15:34:49','127.0.0.1','200','GET','/v1/auth/domain/owner','','mas'),('b31b324f-0d3f-11e7-964b-a0c58951c8d5','demo','2017-03-20 15:34:49','127.0.0.1','200','GET','/v1/auth/domain/id','','mas'),('b3200b03-0d3f-11e7-964b-a0c58951c8d5','demo','2017-03-20 15:34:49','127.0.0.1','200','GET','/v1/auth/resource/org/get','domain_id=mas','mas'),('b3225eed-0d3f-11e7-964b-a0c58951c8d5','demo','2017-03-20 15:34:49','127.0.0.1','200','GET','/v1/auth/resource/org/get','domain_id=mas','mas'),('b3278525-0d3f-11e7-964b-a0c58951c8d5','demo','2017-03-20 15:34:49','127.0.0.1','200','GET','/v1/auth/resource/org/get','domain_id=mas&limit=10&offset=0&order=asc','mas'),('b32aa93e-0d3f-11e7-964b-a0c58951c8d5','demo','2017-03-20 15:34:49','127.0.0.1','200','GET','/v1/auth/resource/org/get','domain_id=mas&limit=10&offset=0&order=asc','mas'),('b32d1f5c-0d3f-11e7-964b-a0c58951c8d5','demo','2017-03-20 15:34:49','127.0.0.1','200','GET','/v1/auth/resource/org/get','domain_id=mas&limit=10&offset=0&order=asc','mas'),('b32e0907-0d6a-11e7-964b-a0c58951c8d5','caadmin','2017-03-20 20:42:36','127.0.0.1','200','POST','/v1/auth/theme/update','','mas'),('b330760b-0d6a-11e7-964b-a0c58951c8d5','caadmin','2017-03-20 20:42:36','127.0.0.1','200','GET','/HomePage','','mas'),('b3518bcb-0d6a-11e7-964b-a0c58951c8d5','caadmin','2017-03-20 20:42:36','127.0.0.1','200','GET','/v1/auth/main/menu','Id=-1&TypeId=0&_=1490013756450','mas'),('b36aab4f-0d6d-11e7-964b-a0c58951c8d5','admin','2017-03-20 21:04:05','127.0.0.1','200','GET','/HomePage','','vertex_root'),('b38c291c-0d6d-11e7-964b-a0c58951c8d5','admin','2017-03-20 21:04:05','127.0.0.1','200','GET','/v1/auth/main/menu','Id=-1&TypeId=0&_=1490015045310','vertex_root'),('b3cb3818-0d6d-11e7-964b-a0c58951c8d5','admin','2017-03-20 21:04:05','127.0.0.1','200','GET','/v1/auth/index/entry','Id=0100000000&_=1490015045311','vertex_root'),('b3d1c218-0d6d-11e7-964b-a0c58951c8d5','admin','2017-03-20 21:04:05','127.0.0.1','200','GET','/v1/auth/main/menu','Id=0100000000&TypeId=1&_=1490015045312','vertex_root'),('b41ef4e9-0d55-11e7-964b-a0c58951c8d5','dev','2017-03-20 18:12:20','127.0.0.1','200','POST','/login','password=123456&username=caadmin','dev'),('b4214598-0d55-11e7-964b-a0c58951c8d5','caadmin','2017-03-20 18:12:20','127.0.0.1','200','GET','/HomePage','','mas'),('b4283821-0d6d-11e7-964b-a0c58951c8d5','admin','2017-03-20 21:04:06','127.0.0.1','200','GET','/v1/auth/domain/page','','vertex_root'),('b42e2efa-0d6d-11e7-964b-a0c58951c8d5','admin','2017-03-20 21:04:06','127.0.0.1','200','GET','/v1/auth/domain/get','limit=40&offset=0&order=asc','vertex_root'),('b4663adc-0d55-11e7-964b-a0c58951c8d5','caadmin','2017-03-20 18:12:20','127.0.0.1','200','GET','/v1/auth/main/menu','Id=-1&TypeId=0&_=1490004740680','mas'),('b46c4f61-0d56-11e7-964b-a0c58951c8d5','admin','2017-03-20 18:19:30','127.0.0.1','200','GET','/v1/auth/user/page','_=1490005166296','vertex_root'),('b472e436-0d56-11e7-964b-a0c58951c8d5','admin','2017-03-20 18:19:30','127.0.0.1','200','GET','/v1/auth/domain/owner','','vertex_root'),('b475ff47-0d56-11e7-964b-a0c58951c8d5','admin','2017-03-20 18:19:30','127.0.0.1','200','GET','/v1/auth/domain/id','','vertex_root'),('b47a25ed-0d56-11e7-964b-a0c58951c8d5','admin','2017-03-20 18:19:30','127.0.0.1','200','GET','/v1/auth/resource/org/get','domain_id=vertex_root','vertex_root'),('b47f39e1-0d56-11e7-964b-a0c58951c8d5','admin','2017-03-20 18:19:30','127.0.0.1','200','GET','/v1/auth/user/get','domain_id=vertex_root&limit=10&offset=0&order=asc','vertex_root'),('b482b68b-0d56-11e7-964b-a0c58951c8d5','admin','2017-03-20 18:19:30','127.0.0.1','200','GET','/v1/auth/user/get','domain_id=vertex_root&limit=10&offset=0&order=asc','vertex_root'),('b4ad1f12-0d2d-11e7-9c4f-a0c58951c8d5','dev','2017-03-20 13:25:59','127.0.0.1','301','GET','/HomePage','','dev'),('b4af171b-0d2d-11e7-9c4f-a0c58951c8d5','dev','2017-03-20 13:25:59','127.0.0.1','200','GET','/','','dev'),('b506afa1-0d6d-11e7-964b-a0c58951c8d5','admin','2017-03-20 21:04:07','127.0.0.1','200','GET','/v1/auth/user/query','','vertex_root'),('b5396214-0d55-11e7-964b-a0c58951c8d5','caadmin','2017-03-20 18:12:22','127.0.0.1','200','GET','/v1/auth/index/entry','Id=0400000000&_=1490004740681','mas'),('b53efce1-0d55-11e7-964b-a0c58951c8d5','caadmin','2017-03-20 18:12:22','127.0.0.1','200','GET','/v1/auth/main/menu','Id=0400000000&TypeId=1&_=1490004740682','mas'),('b55931d8-0d6f-11e7-964b-a0c58951c8d5','admin','2017-03-20 21:18:27','127.0.0.1','200','GET','/HomePage','','vertex_root'),('b55ee121-0d3f-11e7-964b-a0c58951c8d5','demo','2017-03-20 15:34:53','127.0.0.1','200','GET','/v1/auth/resource/page','_=1489995288207','mas'),('b5649007-0d3f-11e7-964b-a0c58951c8d5','demo','2017-03-20 15:34:53','127.0.0.1','200','GET','/v1/auth/resource/get','','mas'),('b5825ef6-0d6f-11e7-964b-a0c58951c8d5','admin','2017-03-20 21:18:27','127.0.0.1','200','GET','/v1/auth/main/menu','Id=-1&TypeId=0&_=1490015907580','vertex_root'),('b591395c-0d6a-11e7-964b-a0c58951c8d5','caadmin','2017-03-20 20:42:40','127.0.0.1','200','GET','/HomePage','','mas'),('b5af8d4b-0d6a-11e7-964b-a0c58951c8d5','caadmin','2017-03-20 20:42:40','127.0.0.1','200','GET','/v1/auth/main/menu','Id=-1&TypeId=0&_=1490013760431','mas'),('b5c1ded8-0d6d-11e7-964b-a0c58951c8d5','admin','2017-03-20 21:04:09','127.0.0.1','200','POST','/v1/auth/theme/update','theme_id=1004','vertex_root'),('b5c48b7e-0d6d-11e7-964b-a0c58951c8d5','admin','2017-03-20 21:04:09','127.0.0.1','200','GET','/HomePage','','vertex_root'),('b5e537c3-0d6d-11e7-964b-a0c58951c8d5','admin','2017-03-20 21:04:09','127.0.0.1','200','GET','/v1/auth/main/menu','Id=-1&TypeId=0&_=1490015049249','vertex_root'),('b5eb3a4f-0d55-11e7-964b-a0c58951c8d5','caadmin','2017-03-20 18:12:23','127.0.0.1','200','GET','/HomePage','','mas'),('b64aa0f6-0d55-11e7-964b-a0c58951c8d5','caadmin','2017-03-20 18:12:23','127.0.0.1','200','GET','/v1/auth/main/menu','Id=-1&TypeId=0&_=1490004743858','mas'),('b66a13c7-0d6d-11e7-964b-a0c58951c8d5','admin','2017-03-20 21:04:10','127.0.0.1','200','GET','/v1/auth/index/entry','Id=1100000000&_=1490015049250','vertex_root'),('b66f2672-0d6d-11e7-964b-a0c58951c8d5','admin','2017-03-20 21:04:10','127.0.0.1','200','GET','/v1/auth/main/menu','Id=1100000000&TypeId=1&_=1490015049251','vertex_root'),('b6930765-0d51-11e7-964b-a0c58951c8d5','caadmin','2017-03-20 17:43:46','127.0.0.1','200','GET','/logout','','mas'),('b695b114-0d51-11e7-964b-a0c58951c8d5','dev','2017-03-20 17:43:46','127.0.0.1','200','GET','/','','dev'),('b696be76-0d3f-11e7-964b-a0c58951c8d5','demo','2017-03-20 15:34:55','127.0.0.1','200','GET','/HomePage','','mas'),('b6b5254f-0d55-11e7-964b-a0c58951c8d5','caadmin','2017-03-20 18:12:24','127.0.0.1','200','GET','/v1/auth/index/entry','Id=0200000000&_=1490004743859','mas'),('b6b6fa2d-0d3f-11e7-964b-a0c58951c8d5','demo','2017-03-20 15:34:55','127.0.0.1','200','GET','/v1/auth/main/menu','Id=-1&TypeId=0&_=1489995295702','mas'),('b6bd1698-0d55-11e7-964b-a0c58951c8d5','caadmin','2017-03-20 18:12:24','127.0.0.1','200','GET','/v1/auth/main/menu','Id=0200000000&TypeId=1&_=1490004743860','mas'),('b6d96e07-0d6d-11e7-964b-a0c58951c8d5','admin','2017-03-20 21:04:10','127.0.0.1','200','GET','/v1/help/system/help','','vertex_root'),('b73bbb32-0d3f-11e7-964b-a0c58951c8d5','demo','2017-03-20 15:34:56','127.0.0.1','200','GET','/v1/auth/index/entry','Id=0100000000&_=1489995295703','mas'),('b7411572-0d3f-11e7-964b-a0c58951c8d5','demo','2017-03-20 15:34:56','127.0.0.1','200','GET','/v1/auth/main/menu','Id=0100000000&TypeId=1&_=1489995295704','mas'),('b767363a-0d55-11e7-964b-a0c58951c8d5','caadmin','2017-03-20 18:12:25','127.0.0.1','200','GET','/v1/ca/cost/direction/page','','mas'),('b772084f-0d55-11e7-964b-a0c58951c8d5','caadmin','2017-03-20 18:12:25','127.0.0.1','200','GET','/v1/auth/domain/owner','','mas'),('b79585c7-0d6a-11e7-964b-a0c58951c8d5','caadmin','2017-03-20 20:42:43','127.0.0.1','200','GET','/HomePage','','mas'),('b79f4832-0d53-11e7-964b-a0c58951c8d5','caadmin','2017-03-20 17:58:07','127.0.0.1','200','GET','/HomePage','','mas'),('b7a9fb5c-0d3f-11e7-964b-a0c58951c8d5','demo','2017-03-20 15:34:57','127.0.0.1','200','GET','/v1/auth/domain/page','','mas'),('b7aeffd4-0d3f-11e7-964b-a0c58951c8d5','demo','2017-03-20 15:34:57','127.0.0.1','200','GET','/v1/auth/domain/get','limit=40&offset=0&order=asc','mas'),('b7b3b1be-0d6a-11e7-964b-a0c58951c8d5','caadmin','2017-03-20 20:42:43','127.0.0.1','200','GET','/v1/auth/main/menu','Id=-1&TypeId=0&_=1490013763814','mas'),('b7c8ff21-0d55-11e7-964b-a0c58951c8d5','caadmin','2017-03-20 18:12:26','127.0.0.1','200','GET','/HomePage','','mas'),('b8184225-0d4b-11e7-964b-a0c58951c8d5','demo','2017-03-20 17:00:52','127.0.0.1','200','GET','/HomePage','','mas'),('b82ac2ed-0d55-11e7-964b-a0c58951c8d5','caadmin','2017-03-20 18:12:27','127.0.0.1','200','GET','/v1/auth/main/menu','Id=-1&TypeId=0&_=1490004746972','mas'),('b84c5ab2-0d4b-11e7-964b-a0c58951c8d5','demo','2017-03-20 17:00:52','127.0.0.1','200','GET','/v1/auth/main/menu','Id=-1&TypeId=0&_=1490000452279','mas'),('b8a81632-0d55-11e7-964b-a0c58951c8d5','caadmin','2017-03-20 18:12:27','127.0.0.1','200','GET','/v1/auth/index/entry','Id=0300000000&_=1490004746973','mas'),('b8afa6cb-0d55-11e7-964b-a0c58951c8d5','caadmin','2017-03-20 18:12:27','127.0.0.1','200','GET','/v1/auth/main/menu','Id=0300000000&TypeId=1&_=1490004746974','mas'),('b8fa955c-0d6d-11e7-964b-a0c58951c8d5','admin','2017-03-20 21:04:14','127.0.0.1','200','GET','/v1/help/system/help','','vertex_root'),('b90ef9b6-0d51-11e7-964b-a0c58951c8d5','dev','2017-03-20 17:43:50','127.0.0.1','405','POST','/login','password=zahnwei&username=admin','dev'),('b9316929-0d67-11e7-964b-a0c58951c8d5','caadmin','2017-03-20 20:21:17','127.0.0.1','200','GET','/HomePage','','mas'),('b95a9643-0d67-11e7-964b-a0c58951c8d5','caadmin','2017-03-20 20:21:18','127.0.0.1','200','GET','/v1/auth/main/menu','Id=-1&TypeId=0&_=1490012478054','mas'),('b99a733a-0d4b-11e7-964b-a0c58951c8d5','demo','2017-03-20 17:00:54','127.0.0.1','200','GET','/logout','','mas'),('b99ce0ad-0d4b-11e7-964b-a0c58951c8d5','dev','2017-03-20 17:00:54','127.0.0.1','200','GET','/','','dev'),('b9bff22d-0d6a-11e7-964b-a0c58951c8d5','caadmin','2017-03-20 20:42:47','127.0.0.1','200','GET','/v1/auth/user/query','','mas'),('b9c1a11c-0d55-11e7-964b-a0c58951c8d5','caadmin','2017-03-20 18:12:29','127.0.0.1','200','GET','/v1/ftp/curve/manage/page','','mas'),('b9c72507-0d55-11e7-964b-a0c58951c8d5','caadmin','2017-03-20 18:12:29','127.0.0.1','200','GET','/v1/auth/domain/owner','','mas'),('b9c77054-0d55-11e7-964b-a0c58951c8d5','caadmin','2017-03-20 18:12:29','127.0.0.1','200','GET','/v1/ftp/curve/manage/get','curve_id=devops_product_join_10001&domain_id=devops_product','mas'),('b9d5f8f6-0d6d-11e7-964b-a0c58951c8d5','admin','2017-03-20 21:04:15','127.0.0.1','200','GET','/HomePage','','vertex_root'),('b9e5fc32-0d6d-11e7-964b-a0c58951c8d5','admin','2017-03-20 21:04:16','127.0.0.1','200','GET','/v1/auth/main/menu','Id=-1&TypeId=0&_=1490015055990','vertex_root'),('ba46e4cf-0d6d-11e7-964b-a0c58951c8d5','admin','2017-03-20 21:04:16','127.0.0.1','200','GET','/v1/auth/index/entry','Id=0100000000&_=1490015055991','vertex_root'),('ba4e6ac7-0d6d-11e7-964b-a0c58951c8d5','admin','2017-03-20 21:04:16','127.0.0.1','200','GET','/v1/auth/main/menu','Id=0100000000&TypeId=1&_=1490015055992','vertex_root'),('ba58e065-0d55-11e7-964b-a0c58951c8d5','caadmin','2017-03-20 18:12:30','127.0.0.1','200','GET','/HomePage','','mas'),('ba6ab0cb-0d67-11e7-964b-a0c58951c8d5','caadmin','2017-03-20 20:21:19','127.0.0.1','200','GET','/v1/auth/user/query','','mas'),('baa11921-0d55-11e7-964b-a0c58951c8d5','caadmin','2017-03-20 18:12:31','127.0.0.1','200','GET','/v1/auth/main/menu','Id=-1&TypeId=0&_=1490004751146','mas'),('bac33214-0d6c-11e7-964b-a0c58951c8d5','admin','2017-03-20 20:57:07','127.0.0.1','200','GET','/v1/auth/user/query','','vertex_root'),('bb0c0454-0d55-11e7-964b-a0c58951c8d5','caadmin','2017-03-20 18:12:31','127.0.0.1','200','GET','/v1/auth/index/entry','Id=0200000000&_=1490004751147','mas'),('bb138998-0d55-11e7-964b-a0c58951c8d5','caadmin','2017-03-20 18:12:32','127.0.0.1','200','GET','/v1/auth/main/menu','Id=0200000000&TypeId=1&_=1490004751148','mas'),('bb23a2a5-0d6d-11e7-964b-a0c58951c8d5','admin','2017-03-20 21:04:18','127.0.0.1','200','GET','/v1/auth/domain/page','','vertex_root'),('bb29a914-0d6d-11e7-964b-a0c58951c8d5','admin','2017-03-20 21:04:18','127.0.0.1','200','GET','/v1/auth/domain/get','limit=40&offset=0&order=asc','vertex_root'),('bb3e47dc-0d51-11e7-964b-a0c58951c8d5','dev','2017-03-20 17:43:54','127.0.0.1','200','POST','/login','password=zhanwei&username=admin','dev'),('bb405bd8-0d51-11e7-964b-a0c58951c8d5','admin','2017-03-20 17:43:54','127.0.0.1','200','GET','/HomePage','','vertex_root'),('bb63f06d-0d51-11e7-964b-a0c58951c8d5','admin','2017-03-20 17:43:54','127.0.0.1','200','GET','/v1/auth/main/menu','Id=-1&TypeId=0&_=1490003034470','vertex_root'),('bb748d36-0d6c-11e7-964b-a0c58951c8d5','admin','2017-03-20 20:57:09','127.0.0.1','200','POST','/v1/auth/theme/update','theme_id=1001','vertex_root'),('bb77058f-0d6c-11e7-964b-a0c58951c8d5','admin','2017-03-20 20:57:09','127.0.0.1','200','GET','/HomePage','','vertex_root'),('bb9eb10f-0d6c-11e7-964b-a0c58951c8d5','admin','2017-03-20 20:57:09','127.0.0.1','200','GET','/v1/auth/main/menu','Id=-1&TypeId=0&_=1490014629334','vertex_root'),('bbb60076-0d55-11e7-964b-a0c58951c8d5','caadmin','2017-03-20 18:12:33','127.0.0.1','200','GET','/HomePage','','mas'),('bbf5db65-0d51-11e7-964b-a0c58951c8d5','admin','2017-03-20 17:43:55','127.0.0.1','200','GET','/v1/auth/index/entry','Id=0100000000&_=1490003034471','vertex_root'),('bbfe5147-0d51-11e7-964b-a0c58951c8d5','admin','2017-03-20 17:43:55','127.0.0.1','200','GET','/v1/auth/main/menu','Id=0100000000&TypeId=1&_=1490003034472','vertex_root'),('bc17fa54-0d6c-11e7-964b-a0c58951c8d5','admin','2017-03-20 20:57:10','127.0.0.1','200','GET','/v1/auth/index/entry','Id=0100000000&_=1490014629335','vertex_root'),('bc18539c-0d55-11e7-964b-a0c58951c8d5','caadmin','2017-03-20 18:12:33','127.0.0.1','200','GET','/v1/auth/main/menu','Id=-1&TypeId=0&_=1490004753593','mas'),('bc203825-0d6c-11e7-964b-a0c58951c8d5','admin','2017-03-20 20:57:10','127.0.0.1','200','GET','/v1/auth/main/menu','Id=0100000000&TypeId=1&_=1490014629336','vertex_root'),('bc3b302d-0d4b-11e7-964b-a0c58951c8d5','dev','2017-03-20 17:00:58','127.0.0.1','200','POST','/login','password=zhanwei&username=admin','dev'),('bc3cfd3a-0d4b-11e7-964b-a0c58951c8d5','admin','2017-03-20 17:00:58','127.0.0.1','200','GET','/HomePage','','vertex_root'),('bc5dbac7-0d4b-11e7-964b-a0c58951c8d5','admin','2017-03-20 17:00:59','127.0.0.1','200','GET','/v1/auth/main/menu','Id=-1&TypeId=0&_=1490000459130','vertex_root'),('bc8d921c-0d51-11e7-964b-a0c58951c8d5','admin','2017-03-20 17:43:56','127.0.0.1','200','GET','/v1/auth/resource/page','_=1490003034473','vertex_root'),('bc97f6be-0d51-11e7-964b-a0c58951c8d5','admin','2017-03-20 17:43:56','127.0.0.1','200','GET','/v1/auth/resource/get','','vertex_root'),('bcef327e-0d6c-11e7-964b-a0c58951c8d5','admin','2017-03-20 20:57:11','127.0.0.1','200','GET','/HomePage','','vertex_root'),('bd12d4a1-0d6c-11e7-964b-a0c58951c8d5','admin','2017-03-20 20:57:11','127.0.0.1','200','GET','/v1/auth/main/menu','Id=-1&TypeId=0&_=1490014631798','vertex_root'),('bd1f4e69-0d4b-11e7-964b-a0c58951c8d5','admin','2017-03-20 17:01:00','127.0.0.1','200','GET','/v1/auth/index/entry','Id=0300000000&_=1490000459131','vertex_root'),('bd25133a-0d4b-11e7-964b-a0c58951c8d5','admin','2017-03-20 17:01:00','127.0.0.1','200','GET','/v1/auth/main/menu','Id=0300000000&TypeId=1&_=1490000459132','vertex_root'),('bd571065-0d6d-11e7-964b-a0c58951c8d5','admin','2017-03-20 21:04:21','127.0.0.1','200','GET','/v1/auth/HandleLogsPage','_=1490015055994','vertex_root'),('bd5c32f6-0d6d-11e7-964b-a0c58951c8d5','admin','2017-03-20 21:04:21','127.0.0.1','200','GET','/v1/auth/handle/logs','limit=80&offset=0&order=asc','vertex_root'),('bd91803a-0d6c-11e7-964b-a0c58951c8d5','admin','2017-03-20 20:57:12','127.0.0.1','200','GET','/v1/auth/index/entry','Id=1100000000&_=1490014631799','vertex_root'),('bd969a72-0d6c-11e7-964b-a0c58951c8d5','admin','2017-03-20 20:57:12','127.0.0.1','200','GET','/v1/auth/main/menu','Id=1100000000&TypeId=1&_=1490014631800','vertex_root'),('bda746cf-0d4b-11e7-964b-a0c58951c8d5','admin','2017-03-20 17:01:01','127.0.0.1','200','GET','/v1/ftp/filter/define/page','','vertex_root'),('bdb11a83-0d4b-11e7-964b-a0c58951c8d5','admin','2017-03-20 17:01:01','127.0.0.1','200','GET','/v1/auth/domain/owner','','vertex_root'),('bdeb5c9c-0d51-11e7-964b-a0c58951c8d5','admin','2017-03-20 17:43:58','127.0.0.1','200','GET','/v1/auth/resource/query','res_id=0200000000','vertex_root'),('bdece9cb-0d51-11e7-964b-a0c58951c8d5','admin','2017-03-20 17:43:58','127.0.0.1','200','GET','/v1/auth/resource/queryTheme','res_id=0200000000&theme_id=1001','vertex_root'),('be3b4861-0d6c-11e7-964b-a0c58951c8d5','admin','2017-03-20 20:57:13','127.0.0.1','200','GET','/HomePage','','vertex_root'),('be59d4fe-0d6c-11e7-964b-a0c58951c8d5','admin','2017-03-20 20:57:14','127.0.0.1','200','GET','/v1/auth/main/menu','Id=-1&TypeId=0&_=1490014633952','vertex_root'),('beccd2e5-0d6d-11e7-964b-a0c58951c8d5','admin','2017-03-20 21:04:24','127.0.0.1','200','GET','/v1/auth/user/page','_=1490015055995','vertex_root'),('becee53e-0d6d-11e7-964b-a0c58951c8d5','admin','2017-03-20 21:04:24','127.0.0.1','200','GET','/v1/auth/domain/owner','','vertex_root'),('bed1462d-0d6d-11e7-964b-a0c58951c8d5','admin','2017-03-20 21:04:24','127.0.0.1','200','GET','/v1/auth/domain/id','','vertex_root'),('bed2e66d-0d6c-11e7-964b-a0c58951c8d5','admin','2017-03-20 20:57:14','127.0.0.1','200','GET','/v1/auth/index/entry','Id=0100000000&_=1490014633953','vertex_root'),('bed46772-0d6d-11e7-964b-a0c58951c8d5','admin','2017-03-20 21:04:24','127.0.0.1','200','GET','/v1/auth/resource/org/get','domain_id=vertex_root','vertex_root'),('bed906f6-0d6d-11e7-964b-a0c58951c8d5','admin','2017-03-20 21:04:24','127.0.0.1','200','GET','/v1/auth/user/get','domain_id=vertex_root&limit=10&offset=0&order=asc','vertex_root'),('bedae307-0d6c-11e7-964b-a0c58951c8d5','admin','2017-03-20 20:57:14','127.0.0.1','200','GET','/v1/auth/main/menu','Id=0100000000&TypeId=1&_=1490014633954','vertex_root'),('bedc1c3a-0d6d-11e7-964b-a0c58951c8d5','admin','2017-03-20 21:04:24','127.0.0.1','200','GET','/v1/auth/user/get','domain_id=vertex_root&limit=10&offset=0&order=asc','vertex_root'),('bf40c4a9-0d4b-11e7-964b-a0c58951c8d5','admin','2017-03-20 17:01:04','127.0.0.1','200','GET','/v1/ftp/adjust/inner/page','','vertex_root'),('bf4a44ad-0d4b-11e7-964b-a0c58951c8d5','admin','2017-03-20 17:01:04','127.0.0.1','200','GET','/v1/auth/domain/owner','','vertex_root'),('bf55b7ba-0d4b-11e7-964b-a0c58951c8d5','admin','2017-03-20 17:01:04','127.0.0.1','200','GET','/v1/ftp/curve/define/get','domain_id=devops_product&limit=10&offset=0&order=asc','vertex_root'),('c0e7e954-0d4b-11e7-964b-a0c58951c8d5','admin','2017-03-20 17:01:06','127.0.0.1','200','GET','/v1/ftp/rules/manage/page','','vertex_root'),('c0f5d73a-0d4b-11e7-964b-a0c58951c8d5','admin','2017-03-20 17:01:06','127.0.0.1','200','GET','/v1/auth/domain/owner','','vertex_root'),('c0f9b625-0d4b-11e7-964b-a0c58951c8d5','admin','2017-03-20 17:01:06','127.0.0.1','200','GET','/v1/ftp/rules/manage/get','domain_id=devops_product&limit=10&offset=0&order=asc','vertex_root'),('c0fa0758-0d4b-11e7-964b-a0c58951c8d5','admin','2017-03-20 17:01:06','127.0.0.1','200','GET','/v1/ftp/rules/manage/get','domain_id=devops_product','vertex_root'),('c112e09f-0d2c-11e7-9c4f-a0c58951c8d5','admin','2017-03-20 13:19:10','127.0.0.1','200','GET','/HomePage','','vertex_root'),('c1404b94-0d6b-11e7-964b-a0c58951c8d5','admin','2017-03-20 20:50:09','127.0.0.1','200','GET','/v1/auth/domain/page','','vertex_root'),('c1406fce-0d2c-11e7-9c4f-a0c58951c8d5','admin','2017-03-20 13:19:10','127.0.0.1','200','GET','/v1/auth/main/menu','Id=-1&TypeId=0&_=1489987150588','vertex_root'),('c1474c07-0d6b-11e7-964b-a0c58951c8d5','admin','2017-03-20 20:50:09','127.0.0.1','200','GET','/v1/auth/domain/get','limit=40&offset=0&order=asc','vertex_root'),('c1d60785-0d2c-11e7-9c4f-a0c58951c8d5','admin','2017-03-20 13:19:11','127.0.0.1','200','GET','/v1/auth/index/entry','Id=1100000000&_=1489987150589','vertex_root'),('c1dc94bd-0d2c-11e7-9c4f-a0c58951c8d5','admin','2017-03-20 13:19:11','127.0.0.1','200','GET','/v1/auth/main/menu','Id=1100000000&TypeId=1&_=1489987150590','vertex_root'),('c236f38b-0d4b-11e7-964b-a0c58951c8d5','admin','2017-03-20 17:01:09','127.0.0.1','200','GET','/v1/ftp/curve/manage/page','','vertex_root'),('c23d5efe-0d4b-11e7-964b-a0c58951c8d5','admin','2017-03-20 17:01:09','127.0.0.1','200','GET','/v1/auth/domain/owner','','vertex_root'),('c23f33dc-0d4b-11e7-964b-a0c58951c8d5','admin','2017-03-20 17:01:09','127.0.0.1','200','GET','/v1/ftp/curve/manage/get','curve_id=devops_product_join_10001&domain_id=devops_product','vertex_root'),('c25ad363-0d2c-11e7-9c4f-a0c58951c8d5','admin','2017-03-20 13:19:12','127.0.0.1','200','GET','/v1/help/system/help','','vertex_root'),('c2a55a21-0d6c-11e7-964b-a0c58951c8d5','admin','2017-03-20 20:57:21','127.0.0.1','200','GET','/v1/auth/user/page','_=1490014633955','vertex_root'),('c2a94bd4-0d6c-11e7-964b-a0c58951c8d5','admin','2017-03-20 20:57:21','127.0.0.1','200','GET','/v1/auth/domain/owner','','vertex_root'),('c2aaa5ed-0d6c-11e7-964b-a0c58951c8d5','admin','2017-03-20 20:57:21','127.0.0.1','200','GET','/v1/auth/domain/id','','vertex_root'),('c2aca5e1-0d6c-11e7-964b-a0c58951c8d5','admin','2017-03-20 20:57:21','127.0.0.1','200','GET','/v1/auth/resource/org/get','domain_id=vertex_root','vertex_root'),('c2b14394-0d6c-11e7-964b-a0c58951c8d5','admin','2017-03-20 20:57:21','127.0.0.1','200','GET','/v1/auth/user/get','domain_id=vertex_root&limit=10&offset=0&order=asc','vertex_root'),('c2b4c969-0d6c-11e7-964b-a0c58951c8d5','admin','2017-03-20 20:57:21','127.0.0.1','200','GET','/v1/auth/user/get','domain_id=vertex_root&limit=10&offset=0&order=asc','vertex_root'),('c35dfaba-0d6c-11e7-964b-a0c58951c8d5','admin','2017-03-20 20:57:22','127.0.0.1','200','GET','/v1/auth/user/query','','vertex_root'),('c3fd2ccf-0d6c-11e7-964b-a0c58951c8d5','admin','2017-03-20 20:57:23','127.0.0.1','200','POST','/v1/auth/theme/update','theme_id=1004','vertex_root'),('c3ffc9f6-0d6c-11e7-964b-a0c58951c8d5','admin','2017-03-20 20:57:23','127.0.0.1','200','GET','/HomePage','','vertex_root'),('c4254d32-0d6c-11e7-964b-a0c58951c8d5','admin','2017-03-20 20:57:23','127.0.0.1','200','GET','/v1/auth/main/menu','Id=-1&TypeId=0&_=1490014643646','vertex_root'),('c437a43e-0d4b-11e7-964b-a0c58951c8d5','admin','2017-03-20 17:01:12','127.0.0.1','200','GET','/v1/ftp/curve/manage/page','','vertex_root'),('c43abbc7-0d4b-11e7-964b-a0c58951c8d5','admin','2017-03-20 17:01:12','127.0.0.1','200','GET','/v1/ftp/curve/manage/get','curve_id=devops_product_join_10001&domain_id=devops_product','vertex_root'),('c43b10ad-0d4b-11e7-964b-a0c58951c8d5','admin','2017-03-20 17:01:12','127.0.0.1','200','GET','/v1/auth/domain/owner','','vertex_root'),('c4ce61d8-0d55-11e7-964b-a0c58951c8d5','caadmin','2017-03-20 18:12:48','127.0.0.1','200','GET','/v1/auth/index/entry','Id=0200000000&_=1490004753594','mas'),('c4d3cb3e-0d6c-11e7-964b-a0c58951c8d5','admin','2017-03-20 20:57:24','127.0.0.1','200','GET','/v1/auth/index/entry','Id=0200000000&_=1490014643647','vertex_root'),('c4d5283a-0d55-11e7-964b-a0c58951c8d5','caadmin','2017-03-20 18:12:48','127.0.0.1','200','GET','/v1/auth/main/menu','Id=0200000000&TypeId=1&_=1490004753595','mas'),('c4d9f77e-0d6c-11e7-964b-a0c58951c8d5','admin','2017-03-20 20:57:24','127.0.0.1','200','GET','/v1/auth/main/menu','Id=0200000000&TypeId=1&_=1490014643648','vertex_root'),('c4f356f4-0d2c-11e7-9c4f-a0c58951c8d5','admin','2017-03-20 13:19:16','127.0.0.1','200','GET','/HomePage','','vertex_root'),('c5138ddf-0d2c-11e7-9c4f-a0c58951c8d5','admin','2017-03-20 13:19:17','127.0.0.1','200','GET','/v1/auth/main/menu','Id=-1&TypeId=0&_=1489987157050','vertex_root'),('c527957a-0d6b-11e7-964b-a0c58951c8d5','admin','2017-03-20 20:50:15','127.0.0.1','200','GET','/HomePage','','vertex_root'),('c54b4acb-0d6c-11e7-964b-a0c58951c8d5','admin','2017-03-20 20:57:25','127.0.0.1','200','GET','/v1/ca/responsibility/page','','vertex_root'),('c54e8983-0d6c-11e7-964b-a0c58951c8d5','admin','2017-03-20 20:57:25','127.0.0.1','200','GET','/v1/auth/domain/owner','','vertex_root'),('c55197c7-0d6c-11e7-964b-a0c58951c8d5','admin','2017-03-20 20:57:25','127.0.0.1','200','GET','/v1/auth/domain/id','','vertex_root'),('c551b71c-0d6b-11e7-964b-a0c58951c8d5','admin','2017-03-20 20:50:16','127.0.0.1','200','GET','/v1/auth/main/menu','Id=-1&TypeId=0&_=1490014216101','vertex_root'),('c55398dc-0d6c-11e7-964b-a0c58951c8d5','admin','2017-03-20 20:57:25','127.0.0.1','200','GET','/v1/auth/resource/org/get','domain_id=vertex_root','vertex_root'),('c554b53e-0d6c-11e7-964b-a0c58951c8d5','admin','2017-03-20 20:57:25','127.0.0.1','200','GET','/v1/auth/resource/org/get','domain_id=vertex_root','vertex_root'),('c5595025-0d6c-11e7-964b-a0c58951c8d5','admin','2017-03-20 20:57:25','127.0.0.1','200','GET','/v1/auth/resource/org/get','domain_id=vertex_root&limit=10&offset=0&order=asc','vertex_root'),('c55a4421-0d6c-11e7-964b-a0c58951c8d5','admin','2017-03-20 20:57:25','127.0.0.1','200','GET','/v1/auth/resource/org/get','domain_id=vertex_root&limit=10&offset=0&order=asc','vertex_root'),('c55aa332-0d6c-11e7-964b-a0c58951c8d5','admin','2017-03-20 20:57:25','127.0.0.1','200','GET','/v1/auth/resource/org/get','domain_id=vertex_root&limit=10&offset=0&order=asc','vertex_root'),('c5663b3a-0d4b-11e7-964b-a0c58951c8d5','admin','2017-03-20 17:01:14','127.0.0.1','200','GET','/v1/ftp/curve/define/page','','vertex_root'),('c56c5adc-0d4b-11e7-964b-a0c58951c8d5','admin','2017-03-20 17:01:14','127.0.0.1','200','GET','/v1/ftp/curve/define/get','domain_id=devops_product&limit=10&offset=0&order=asc','vertex_root'),('c56c5da1-0d4b-11e7-964b-a0c58951c8d5','admin','2017-03-20 17:01:14','127.0.0.1','200','GET','/v1/auth/domain/owner','','vertex_root'),('c56d64d8-0d55-11e7-964b-a0c58951c8d5','caadmin','2017-03-20 18:12:49','127.0.0.1','200','GET','/v1/ca/responsibility/page','','mas'),('c571c661-0d55-11e7-964b-a0c58951c8d5','caadmin','2017-03-20 18:12:49','127.0.0.1','200','GET','/v1/auth/domain/owner','','mas'),('c574cdfe-0d55-11e7-964b-a0c58951c8d5','caadmin','2017-03-20 18:12:49','127.0.0.1','200','GET','/v1/auth/domain/id','','mas'),('c579d08f-0d55-11e7-964b-a0c58951c8d5','caadmin','2017-03-20 18:12:49','127.0.0.1','403','GET','/v1/auth/resource/org/get','domain_id=mas','mas'),('c579d090-0d55-11e7-964b-a0c58951c8d5','caadmin','2017-03-20 18:12:49','127.0.0.1','403','GET','/v1/auth/resource/org/get','domain_id=mas','mas'),('c57fe258-0d55-11e7-964b-a0c58951c8d5','caadmin','2017-03-20 18:12:49','127.0.0.1','403','GET','/v1/auth/resource/org/get','domain_id=mas&limit=10&offset=0&order=asc','mas'),('c5bf708a-0d2c-11e7-9c4f-a0c58951c8d5','admin','2017-03-20 13:19:18','127.0.0.1','200','GET','/v1/auth/index/entry','Id=0400000000&_=1489987157051','vertex_root'),('c5c3b1fd-0d2c-11e7-9c4f-a0c58951c8d5','admin','2017-03-20 13:19:18','127.0.0.1','200','GET','/v1/auth/main/menu','Id=0400000000&TypeId=1&_=1489987157052','vertex_root'),('c5f1d5b2-0d6b-11e7-964b-a0c58951c8d5','admin','2017-03-20 20:50:17','127.0.0.1','200','GET','/v1/auth/index/entry','Id=0100000000&_=1490014216102','vertex_root'),('c5f9c88b-0d6b-11e7-964b-a0c58951c8d5','admin','2017-03-20 20:50:17','127.0.0.1','200','GET','/v1/auth/main/menu','Id=0100000000&TypeId=1&_=1490014216103','vertex_root'),('c639d8f9-0d2c-11e7-9c4f-a0c58951c8d5','admin','2017-03-20 13:19:19','127.0.0.1','200','GET','/HomePage','','vertex_root'),('c65371f6-0d55-11e7-964b-a0c58951c8d5','caadmin','2017-03-20 18:12:50','127.0.0.1','200','GET','/v1/auth/domain/owner','','mas'),('c657eced-0d55-11e7-964b-a0c58951c8d5','caadmin','2017-03-20 18:12:50','127.0.0.1','403','GET','/v1/auth/resource/org/get','domain_id=mas','mas'),('c65d9330-0d2c-11e7-9c4f-a0c58951c8d5','admin','2017-03-20 13:19:19','127.0.0.1','200','GET','/v1/auth/main/menu','Id=-1&TypeId=0&_=1489987159198','vertex_root'),('c673a93a-0d6c-11e7-964b-a0c58951c8d5','admin','2017-03-20 20:57:27','127.0.0.1','200','GET','/HomePage','','vertex_root'),('c69351b6-0d6c-11e7-964b-a0c58951c8d5','admin','2017-03-20 20:57:27','127.0.0.1','200','GET','/v1/auth/main/menu','Id=-1&TypeId=0&_=1490014647745','vertex_root'),('c6996c85-0d2c-11e7-9c4f-a0c58951c8d5','admin','2017-03-20 13:19:19','127.0.0.1','200','GET','/v1/auth/index/entry','Id=0100000000&_=1489987159199','vertex_root'),('c69d4565-0d4b-11e7-964b-a0c58951c8d5','admin','2017-03-20 17:01:16','127.0.0.1','200','GET','/v1/ftp/rules/manage/page','','vertex_root'),('c69feb8e-0d2c-11e7-9c4f-a0c58951c8d5','admin','2017-03-20 13:19:19','127.0.0.1','200','GET','/v1/auth/main/menu','Id=0100000000&TypeId=1&_=1489987159200','vertex_root'),('c6a4d2dc-0d4b-11e7-964b-a0c58951c8d5','admin','2017-03-20 17:01:16','127.0.0.1','200','GET','/v1/ftp/rules/manage/get','domain_id=devops_product','vertex_root'),('c6a4edb6-0d4b-11e7-964b-a0c58951c8d5','admin','2017-03-20 17:01:16','127.0.0.1','200','GET','/v1/ftp/rules/manage/get','domain_id=devops_product&limit=10&offset=0&order=asc','vertex_root'),('c6a79f94-0d4b-11e7-964b-a0c58951c8d5','admin','2017-03-20 17:01:16','127.0.0.1','200','GET','/v1/auth/domain/owner','','vertex_root'),('c6cf8af6-0d6b-11e7-964b-a0c58951c8d5','admin','2017-03-20 20:50:18','127.0.0.1','200','GET','/v1/auth/HandleLogsPage','_=1490014216104','vertex_root'),('c6d80ae5-0d6b-11e7-964b-a0c58951c8d5','admin','2017-03-20 20:50:18','127.0.0.1','200','GET','/v1/auth/handle/logs','limit=80&offset=0&order=asc','vertex_root'),('c6ece0bd-0d2c-11e7-9c4f-a0c58951c8d5','admin','2017-03-20 13:19:20','127.0.0.1','200','GET','/v1/auth/HandleLogsPage','_=1489987159201','vertex_root'),('c6f8094e-0d2c-11e7-9c4f-a0c58951c8d5','admin','2017-03-20 13:19:20','127.0.0.1','200','GET','/v1/auth/handle/logs','limit=80&offset=0&order=asc','vertex_root'),('c70cc354-0d6c-11e7-964b-a0c58951c8d5','admin','2017-03-20 20:57:28','127.0.0.1','200','GET','/v1/auth/index/entry','Id=0100000000&_=1490014647746','vertex_root'),('c70e90e1-0d51-11e7-964b-a0c58951c8d5','admin','2017-03-20 17:44:14','127.0.0.1','200','GET','/v1/auth/resource/query','res_id=1101000000','vertex_root'),('c70f1fd4-0d51-11e7-964b-a0c58951c8d5','admin','2017-03-20 17:44:14','127.0.0.1','200','GET','/v1/auth/resource/queryTheme','res_id=1101000000&theme_id=1001','vertex_root'),('c712a5dc-0d6c-11e7-964b-a0c58951c8d5','admin','2017-03-20 20:57:28','127.0.0.1','200','GET','/v1/auth/main/menu','Id=0100000000&TypeId=1&_=1490014647747','vertex_root'),('c75dfb2d-0d6c-11e7-964b-a0c58951c8d5','admin','2017-03-20 20:57:29','127.0.0.1','200','GET','/v1/auth/domain/page','','vertex_root'),('c76608b6-0d6c-11e7-964b-a0c58951c8d5','admin','2017-03-20 20:57:29','127.0.0.1','200','GET','/v1/auth/domain/get','limit=40&offset=0&order=asc','vertex_root'),('c7a378ed-0d6d-11e7-964b-a0c58951c8d5','admin','2017-03-20 21:04:39','127.0.0.1','200','GET','/v1/auth/resource/org/page','_=1490015055996','vertex_root'),('c7a6cb9c-0d6d-11e7-964b-a0c58951c8d5','admin','2017-03-20 21:04:39','127.0.0.1','200','GET','/v1/auth/domain/owner','','vertex_root'),('c7a9b70b-0d6d-11e7-964b-a0c58951c8d5','admin','2017-03-20 21:04:39','127.0.0.1','200','GET','/v1/auth/domain/id','','vertex_root'),('c7acdfe1-0d6d-11e7-964b-a0c58951c8d5','admin','2017-03-20 21:04:39','127.0.0.1','200','GET','/v1/auth/resource/org/get','domain_id=vertex_root','vertex_root'),('c7adfdf2-0d6d-11e7-964b-a0c58951c8d5','admin','2017-03-20 21:04:39','127.0.0.1','200','GET','/v1/auth/resource/org/get','domain_id=vertex_root','vertex_root'),('c7afd9b2-0d6d-11e7-964b-a0c58951c8d5','admin','2017-03-20 21:04:39','127.0.0.1','200','GET','/v1/auth/resource/org/get','domain_id=vertex_root&limit=10&offset=0&order=asc','vertex_root'),('c7b21acf-0d6d-11e7-964b-a0c58951c8d5','admin','2017-03-20 21:04:39','127.0.0.1','200','GET','/v1/auth/resource/org/get','domain_id=vertex_root&limit=10&offset=0&order=asc','vertex_root'),('c7b35029-0d6d-11e7-964b-a0c58951c8d5','admin','2017-03-20 21:04:39','127.0.0.1','200','GET','/v1/auth/resource/org/get','domain_id=vertex_root&limit=10&offset=0&order=asc','vertex_root'),('c84a9a58-0d55-11e7-964b-a0c58951c8d5','caadmin','2017-03-20 18:12:54','127.0.0.1','200','GET','/HomePage','','mas'),('c8722b43-0d51-11e7-964b-a0c58951c8d5','admin','2017-03-20 17:44:16','127.0.0.1','200','GET','/v1/auth/resource/query','res_id=0200000000','vertex_root'),('c8722e14-0d51-11e7-964b-a0c58951c8d5','admin','2017-03-20 17:44:16','127.0.0.1','200','GET','/v1/auth/resource/queryTheme','res_id=0200000000&theme_id=1001','vertex_root'),('c894194f-0d55-11e7-964b-a0c58951c8d5','caadmin','2017-03-20 18:12:54','127.0.0.1','200','GET','/v1/auth/main/menu','Id=-1&TypeId=0&_=1490004774527','mas'),('ca03f587-0d55-11e7-964b-a0c58951c8d5','caadmin','2017-03-20 18:12:57','127.0.0.1','200','GET','/HomePage','','mas'),('ca14ab8b-0d6b-11e7-964b-a0c58951c8d5','admin','2017-03-20 20:50:24','127.0.0.1','200','GET','/HomePage','','vertex_root'),('ca2a488b-0d6c-11e7-964b-a0c58951c8d5','admin','2017-03-20 20:57:33','127.0.0.1','200','GET','/v1/auth/HandleLogsPage','_=1490014647749','vertex_root'),('ca314d18-0d6c-11e7-964b-a0c58951c8d5','admin','2017-03-20 20:57:33','127.0.0.1','200','GET','/v1/auth/handle/logs','limit=80&offset=0&order=asc','vertex_root'),('ca33bac3-0d55-11e7-964b-a0c58951c8d5','caadmin','2017-03-20 18:12:57','127.0.0.1','200','GET','/v1/auth/main/menu','Id=-1&TypeId=0&_=1490004777256','mas'),('ca37e61c-0d6b-11e7-964b-a0c58951c8d5','admin','2017-03-20 20:50:24','127.0.0.1','200','GET','/v1/auth/main/menu','Id=-1&TypeId=0&_=1490014224353','vertex_root'),('caea8df2-0d6b-11e7-964b-a0c58951c8d5','admin','2017-03-20 20:50:25','127.0.0.1','200','GET','/v1/auth/user/query','','vertex_root'),('caf5f8e1-0d55-11e7-964b-a0c58951c8d5','caadmin','2017-03-20 18:12:58','127.0.0.1','200','GET','/v1/auth/index/entry','Id=0200000000&_=1490004777257','mas'),('cafc2014-0d55-11e7-964b-a0c58951c8d5','caadmin','2017-03-20 18:12:58','127.0.0.1','200','GET','/v1/auth/main/menu','Id=0200000000&TypeId=1&_=1490004777258','mas'),('cb2ceffe-0d67-11e7-964b-a0c58951c8d5','caadmin','2017-03-20 20:21:48','127.0.0.1','200','GET','/HomePage','','mas'),('cb57a58f-0d67-11e7-964b-a0c58951c8d5','caadmin','2017-03-20 20:21:48','127.0.0.1','200','GET','/v1/auth/main/menu','Id=-1&TypeId=0&_=1490012508220','mas'),('cb5abbd4-0d6f-11e7-964b-a0c58951c8d5','admin','2017-03-20 21:19:04','127.0.0.1','200','GET','/v1/auth/user/query','','vertex_root'),('cb864d61-0d6b-11e7-964b-a0c58951c8d5','admin','2017-03-20 20:50:26','127.0.0.1','200','POST','/v1/auth/theme/update','theme_id=1001','vertex_root'),('cb889e94-0d6b-11e7-964b-a0c58951c8d5','admin','2017-03-20 20:50:26','127.0.0.1','200','GET','/HomePage','','vertex_root'),('cba92407-0d6b-11e7-964b-a0c58951c8d5','admin','2017-03-20 20:50:26','127.0.0.1','200','GET','/v1/auth/main/menu','Id=-1&TypeId=0&_=1490014226778','vertex_root'),('cbaeeb4b-0d51-11e7-964b-a0c58951c8d5','admin','2017-03-20 17:44:21','127.0.0.1','200','GET','/v1/auth/resource/query','res_id=0100000000','vertex_root'),('cbaf665c-0d51-11e7-964b-a0c58951c8d5','admin','2017-03-20 17:44:21','127.0.0.1','200','GET','/v1/auth/resource/queryTheme','res_id=0100000000&theme_id=1001','vertex_root'),('cbe2cbcb-0d51-11e7-964b-a0c58951c8d5','admin','2017-03-20 17:44:22','127.0.0.1','200','GET','/v1/auth/resource/query','res_id=0200000000','vertex_root'),('cbe31665-0d51-11e7-964b-a0c58951c8d5','admin','2017-03-20 17:44:22','127.0.0.1','200','GET','/v1/auth/resource/queryTheme','res_id=0200000000&theme_id=1001','vertex_root'),('cbf3d04f-0d6f-11e7-964b-a0c58951c8d5','admin','2017-03-20 21:19:05','127.0.0.1','200','POST','/v1/auth/theme/update','theme_id=1001','vertex_root'),('cbf67b3e-0d6f-11e7-964b-a0c58951c8d5','admin','2017-03-20 21:19:05','127.0.0.1','200','GET','/HomePage','','vertex_root'),('cc0935d4-0d51-11e7-964b-a0c58951c8d5','admin','2017-03-20 17:44:22','127.0.0.1','200','GET','/v1/auth/resource/query','res_id=0300000000','vertex_root'),('cc097b94-0d51-11e7-964b-a0c58951c8d5','admin','2017-03-20 17:44:22','127.0.0.1','200','GET','/v1/auth/resource/queryTheme','res_id=0300000000&theme_id=1001','vertex_root'),('cc1e940b-0d6f-11e7-964b-a0c58951c8d5','admin','2017-03-20 21:19:05','127.0.0.1','200','GET','/v1/auth/main/menu','Id=-1&TypeId=0&_=1490015945505','vertex_root'),('cc2f8543-0d67-11e7-964b-a0c58951c8d5','caadmin','2017-03-20 20:21:49','127.0.0.1','200','GET','/v1/auth/user/query','','mas'),('cc49b06d-0d51-11e7-964b-a0c58951c8d5','admin','2017-03-20 17:44:22','127.0.0.1','200','GET','/v1/auth/resource/query','res_id=0400000000','vertex_root'),('cc49c061-0d51-11e7-964b-a0c58951c8d5','admin','2017-03-20 17:44:22','127.0.0.1','200','GET','/v1/auth/resource/queryTheme','res_id=0400000000&theme_id=1001','vertex_root'),('cc60a24f-0d6b-11e7-964b-a0c58951c8d5','admin','2017-03-20 20:50:28','127.0.0.1','200','GET','/v1/auth/index/entry','Id=0100000000&_=1490014226779','vertex_root'),('cc67d129-0d6b-11e7-964b-a0c58951c8d5','admin','2017-03-20 20:50:28','127.0.0.1','200','GET','/v1/auth/main/menu','Id=0100000000&TypeId=1&_=1490014226780','vertex_root'),('cc7418b6-0d51-11e7-964b-a0c58951c8d5','admin','2017-03-20 17:44:23','127.0.0.1','200','GET','/v1/auth/resource/query','res_id=1100000000','vertex_root'),('cc743794-0d51-11e7-964b-a0c58951c8d5','admin','2017-03-20 17:44:23','127.0.0.1','200','GET','/v1/auth/resource/queryTheme','res_id=1100000000&theme_id=1001','vertex_root'),('cc9d7edc-0d6f-11e7-964b-a0c58951c8d5','admin','2017-03-20 21:19:06','127.0.0.1','200','GET','/v1/auth/index/entry','Id=0100000000&_=1490015945506','vertex_root'),('cca165ed-0d51-11e7-964b-a0c58951c8d5','admin','2017-03-20 17:44:23','127.0.0.1','200','GET','/v1/auth/resource/query','res_id=0400000000','vertex_root'),('cca1d598-0d51-11e7-964b-a0c58951c8d5','admin','2017-03-20 17:44:23','127.0.0.1','200','GET','/v1/auth/resource/queryTheme','res_id=0400000000&theme_id=1001','vertex_root'),('cca5dd03-0d6f-11e7-964b-a0c58951c8d5','admin','2017-03-20 21:19:06','127.0.0.1','200','GET','/v1/auth/main/menu','Id=0100000000&TypeId=1&_=1490015945507','vertex_root'),('cccf4658-0d51-11e7-964b-a0c58951c8d5','admin','2017-03-20 17:44:23','127.0.0.1','200','GET','/v1/auth/resource/query','res_id=0300000000','vertex_root'),('cccf601c-0d51-11e7-964b-a0c58951c8d5','admin','2017-03-20 17:44:23','127.0.0.1','200','GET','/v1/auth/resource/queryTheme','res_id=0300000000&theme_id=1001','vertex_root'),('ccf8def2-0d51-11e7-964b-a0c58951c8d5','admin','2017-03-20 17:44:24','127.0.0.1','200','GET','/v1/auth/resource/query','res_id=0200000000','vertex_root'),('ccf8df8b-0d51-11e7-964b-a0c58951c8d5','admin','2017-03-20 17:44:24','127.0.0.1','200','GET','/v1/auth/resource/queryTheme','res_id=0200000000&theme_id=1001','vertex_root'),('cd29bb29-0d51-11e7-964b-a0c58951c8d5','admin','2017-03-20 17:44:24','127.0.0.1','200','GET','/v1/auth/resource/query','res_id=0100000000','vertex_root'),('cd29e0a1-0d51-11e7-964b-a0c58951c8d5','admin','2017-03-20 17:44:24','127.0.0.1','200','GET','/v1/auth/resource/queryTheme','res_id=0100000000&theme_id=1001','vertex_root'),('cd3109ad-0d6b-11e7-964b-a0c58951c8d5','admin','2017-03-20 20:50:29','127.0.0.1','200','GET','/HomePage','','vertex_root'),('cd3245dc-0d55-11e7-964b-a0c58951c8d5','caadmin','2017-03-20 18:13:02','127.0.0.1','200','GET','/v1/ca/responsibility/page','','mas'),('cd36266d-0d6f-11e7-964b-a0c58951c8d5','admin','2017-03-20 21:19:07','127.0.0.1','200','GET','/v1/auth/domain/page','','vertex_root'),('cd36280b-0d55-11e7-964b-a0c58951c8d5','caadmin','2017-03-20 18:13:02','127.0.0.1','200','GET','/v1/auth/domain/owner','','mas'),('cd38ad87-0d55-11e7-964b-a0c58951c8d5','caadmin','2017-03-20 18:13:02','127.0.0.1','200','GET','/v1/auth/domain/id','','mas'),('cd3c0c72-0d55-11e7-964b-a0c58951c8d5','caadmin','2017-03-20 18:13:02','127.0.0.1','403','GET','/v1/auth/resource/org/get','domain_id=mas','mas'),('cd3cefe1-0d55-11e7-964b-a0c58951c8d5','caadmin','2017-03-20 18:13:02','127.0.0.1','403','GET','/v1/auth/resource/org/get','domain_id=mas','mas'),('cd3d6c87-0d6f-11e7-964b-a0c58951c8d5','admin','2017-03-20 21:19:07','127.0.0.1','200','GET','/v1/auth/domain/get','limit=40&offset=0&order=asc','vertex_root'),('cd4230e9-0d55-11e7-964b-a0c58951c8d5','caadmin','2017-03-20 18:13:02','127.0.0.1','403','GET','/v1/auth/resource/org/get','domain_id=mas&limit=10&offset=0&order=asc','mas'),('cd51d6a9-0d6b-11e7-964b-a0c58951c8d5','admin','2017-03-20 20:50:29','127.0.0.1','200','GET','/v1/auth/main/menu','Id=-1&TypeId=0&_=1490014229564','vertex_root'),('cd995994-0d53-11e7-964b-a0c58951c8d5','caadmin','2017-03-20 17:58:44','127.0.0.1','200','GET','/HomePage','','mas'),('cd9faefe-0d56-11e7-964b-a0c58951c8d5','admin','2017-03-20 18:20:12','127.0.0.1','200','GET','/HomePage','','vertex_root'),('cdcb5b18-0d56-11e7-964b-a0c58951c8d5','admin','2017-03-20 18:20:12','127.0.0.1','200','GET','/v1/auth/main/menu','Id=-1&TypeId=0&_=1490005212795','vertex_root'),('cde2d665-0d6b-11e7-964b-a0c58951c8d5','admin','2017-03-20 20:50:30','127.0.0.1','200','GET','/v1/auth/index/entry','Id=1100000000&_=1490014229565','vertex_root'),('cde7813e-0d6b-11e7-964b-a0c58951c8d5','admin','2017-03-20 20:50:30','127.0.0.1','200','GET','/v1/auth/main/menu','Id=1100000000&TypeId=1&_=1490014229566','vertex_root'),('ce0cbdf2-0d55-11e7-964b-a0c58951c8d5','caadmin','2017-03-20 18:13:03','127.0.0.1','200','GET','/HomePage','','mas'),('ce2fed25-0d55-11e7-964b-a0c58951c8d5','caadmin','2017-03-20 18:13:04','127.0.0.1','200','GET','/v1/auth/main/menu','Id=-1&TypeId=0&_=1490004783993','mas'),('ce50d398-0d56-11e7-964b-a0c58951c8d5','admin','2017-03-20 18:20:13','127.0.0.1','200','GET','/v1/auth/index/entry','Id=0200000000&_=1490005212796','vertex_root'),('ce5691b6-0d56-11e7-964b-a0c58951c8d5','admin','2017-03-20 18:20:13','127.0.0.1','200','GET','/v1/auth/main/menu','Id=0200000000&TypeId=1&_=1490005212797','vertex_root'),('ce85a4b2-0d6b-11e7-964b-a0c58951c8d5','admin','2017-03-20 20:50:31','127.0.0.1','200','GET','/v1/help/system/help','','vertex_root'),('cebaafc3-0d55-11e7-964b-a0c58951c8d5','caadmin','2017-03-20 18:13:04','127.0.0.1','200','GET','/v1/auth/index/entry','Id=0200000000&_=1490004783994','mas'),('cec139d8-0d55-11e7-964b-a0c58951c8d5','caadmin','2017-03-20 18:13:05','127.0.0.1','200','GET','/v1/auth/main/menu','Id=0200000000&TypeId=1&_=1490004783995','mas'),('ced5cda1-0d56-11e7-964b-a0c58951c8d5','admin','2017-03-20 18:20:14','127.0.0.1','200','GET','/v1/ca/responsibility/page','','vertex_root'),('ced91932-0d56-11e7-964b-a0c58951c8d5','admin','2017-03-20 18:20:14','127.0.0.1','200','GET','/v1/auth/domain/owner','','vertex_root'),('cedbed8f-0d56-11e7-964b-a0c58951c8d5','admin','2017-03-20 18:20:14','127.0.0.1','200','GET','/v1/auth/domain/id','','vertex_root'),('cede9007-0d56-11e7-964b-a0c58951c8d5','admin','2017-03-20 18:20:14','127.0.0.1','200','GET','/v1/auth/resource/org/get','domain_id=vertex_root','vertex_root'),('cedefaa5-0d56-11e7-964b-a0c58951c8d5','admin','2017-03-20 18:20:14','127.0.0.1','200','GET','/v1/auth/resource/org/get','domain_id=vertex_root','vertex_root'),('cee38503-0d56-11e7-964b-a0c58951c8d5','admin','2017-03-20 18:20:14','127.0.0.1','200','GET','/v1/auth/resource/org/get','domain_id=vertex_root&limit=10&offset=0&order=asc','vertex_root'),('cee61ea9-0d56-11e7-964b-a0c58951c8d5','admin','2017-03-20 18:20:14','127.0.0.1','200','GET','/v1/auth/resource/org/get','domain_id=vertex_root&limit=10&offset=0&order=asc','vertex_root'),('cee725d4-0d56-11e7-964b-a0c58951c8d5','admin','2017-03-20 18:20:14','127.0.0.1','200','GET','/v1/auth/resource/org/get','domain_id=vertex_root&limit=10&offset=0&order=asc','vertex_root'),('cf27870f-0d6f-11e7-964b-a0c58951c8d5','admin','2017-03-20 21:19:10','127.0.0.1','200','GET','/v1/auth/resource/org/page','_=1490015945509','vertex_root'),('cf29b44f-0d6f-11e7-964b-a0c58951c8d5','admin','2017-03-20 21:19:10','127.0.0.1','200','GET','/v1/auth/domain/owner','','vertex_root'),('cf2cdd2d-0d6f-11e7-964b-a0c58951c8d5','admin','2017-03-20 21:19:10','127.0.0.1','200','GET','/v1/auth/domain/id','','vertex_root'),('cf2e9203-0d6f-11e7-964b-a0c58951c8d5','admin','2017-03-20 21:19:10','127.0.0.1','200','GET','/v1/auth/resource/org/get','domain_id=vertex_root','vertex_root'),('cf2f208b-0d6f-11e7-964b-a0c58951c8d5','admin','2017-03-20 21:19:10','127.0.0.1','200','GET','/v1/auth/resource/org/get','domain_id=vertex_root','vertex_root'),('cf322103-0d6f-11e7-964b-a0c58951c8d5','admin','2017-03-20 21:19:10','127.0.0.1','200','GET','/v1/auth/resource/org/get','domain_id=vertex_root&limit=10&offset=0&order=asc','vertex_root'),('cf34ad58-0d6f-11e7-964b-a0c58951c8d5','admin','2017-03-20 21:19:10','127.0.0.1','200','GET','/v1/auth/resource/org/get','domain_id=vertex_root&limit=10&offset=0&order=asc','vertex_root'),('cf3601a1-0d6f-11e7-964b-a0c58951c8d5','admin','2017-03-20 21:19:10','127.0.0.1','200','GET','/v1/auth/resource/org/get','domain_id=vertex_root&limit=10&offset=0&order=asc','vertex_root'),('cf567f8f-0d6b-11e7-964b-a0c58951c8d5','admin','2017-03-20 20:50:33','127.0.0.1','200','GET','/HomePage','','vertex_root'),('cf76a998-0d55-11e7-964b-a0c58951c8d5','caadmin','2017-03-20 18:13:06','127.0.0.1','200','GET','/v1/ca/cost/direction/page','','mas'),('cf79d7ba-0d6b-11e7-964b-a0c58951c8d5','admin','2017-03-20 20:50:33','127.0.0.1','200','GET','/v1/auth/main/menu','Id=-1&TypeId=0&_=1490014233169','vertex_root'),('cf7a81f6-0d55-11e7-964b-a0c58951c8d5','caadmin','2017-03-20 18:13:06','127.0.0.1','200','GET','/v1/auth/domain/owner','','mas'),('cfc02bb2-0d3a-11e7-964b-a0c58951c8d5','demo','2017-03-20 14:59:50','127.0.0.1','200','GET','/','','mas'),('d00a54b6-0d6b-11e7-964b-a0c58951c8d5','admin','2017-03-20 20:50:34','127.0.0.1','200','GET','/v1/auth/index/entry','Id=0100000000&_=1490014233170','vertex_root'),('d011a97a-0d6b-11e7-964b-a0c58951c8d5','admin','2017-03-20 20:50:34','127.0.0.1','200','GET','/v1/auth/main/menu','Id=0100000000&TypeId=1&_=1490014233171','vertex_root'),('d011ce3a-0d55-11e7-964b-a0c58951c8d5','caadmin','2017-03-20 18:13:07','127.0.0.1','200','GET','/HomePage','','mas'),('d02043cb-0d6f-11e7-964b-a0c58951c8d5','admin','2017-03-20 21:19:12','127.0.0.1','200','GET','/v1/auth/resource/page','_=1490015945510','vertex_root'),('d0251b7e-0d6f-11e7-964b-a0c58951c8d5','admin','2017-03-20 21:19:12','127.0.0.1','200','GET','/v1/auth/resource/get','','vertex_root'),('d033f147-0d55-11e7-964b-a0c58951c8d5','caadmin','2017-03-20 18:13:07','127.0.0.1','200','GET','/v1/auth/main/menu','Id=-1&TypeId=0&_=1490004787378','mas'),('d0d21694-0d54-11e7-964b-a0c58951c8d5','caadmin','2017-03-20 18:05:58','127.0.0.1','200','GET','/HomePage','','mas'),('d0d35b61-0d55-11e7-964b-a0c58951c8d5','caadmin','2017-03-20 18:13:08','127.0.0.1','200','GET','/v1/auth/index/entry','Id=0200000000&_=1490004787379','mas'),('d0d85d3e-0d55-11e7-964b-a0c58951c8d5','caadmin','2017-03-20 18:13:08','127.0.0.1','200','GET','/v1/auth/main/menu','Id=0200000000&TypeId=1&_=1490004787380','mas'),('d1457ad4-0d54-11e7-964b-a0c58951c8d5','caadmin','2017-03-20 18:05:59','127.0.0.1','200','GET','/v1/auth/main/menu','Id=-1&TypeId=0&_=1490004359615','mas'),('d148f6ba-0d66-11e7-964b-a0c58951c8d5','caadmin','2017-03-20 20:14:48','127.0.0.1','200','GET','/v1/ca/responsibility/page','','mas'),('d14ca5cb-0d66-11e7-964b-a0c58951c8d5','caadmin','2017-03-20 20:14:48','127.0.0.1','200','GET','/v1/auth/domain/owner','','mas'),('d14e6a0f-0d66-11e7-964b-a0c58951c8d5','caadmin','2017-03-20 20:14:48','127.0.0.1','200','GET','/v1/auth/domain/id','','mas'),('d1511821-0d66-11e7-964b-a0c58951c8d5','caadmin','2017-03-20 20:14:48','127.0.0.1','403','GET','/v1/auth/resource/org/get','domain_id=mas','mas'),('d151da54-0d66-11e7-964b-a0c58951c8d5','caadmin','2017-03-20 20:14:48','127.0.0.1','403','GET','/v1/auth/resource/org/get','domain_id=mas','mas'),('d154e2c7-0d66-11e7-964b-a0c58951c8d5','caadmin','2017-03-20 20:14:48','127.0.0.1','403','GET','/v1/auth/resource/org/get','domain_id=mas&limit=10&offset=0&order=asc','mas'),('d17a258b-0d6d-11e7-964b-a0c58951c8d5','admin','2017-03-20 21:04:55','127.0.0.1','200','GET','/HomePage','','vertex_root'),('d1a2b7fe-0d6d-11e7-964b-a0c58951c8d5','admin','2017-03-20 21:04:55','127.0.0.1','200','GET','/v1/auth/main/menu','Id=-1&TypeId=0&_=1490015095757','vertex_root'),('d1bdd772-0d6f-11e7-964b-a0c58951c8d5','admin','2017-03-20 21:19:15','127.0.0.1','200','GET','/v1/auth/user/page','_=1490015945511','vertex_root'),('d1c1989c-0d6f-11e7-964b-a0c58951c8d5','admin','2017-03-20 21:19:15','127.0.0.1','200','GET','/v1/auth/domain/owner','','vertex_root'),('d1c51672-0d6f-11e7-964b-a0c58951c8d5','admin','2017-03-20 21:19:15','127.0.0.1','200','GET','/v1/auth/domain/id','','vertex_root'),('d1c80d8f-0d6f-11e7-964b-a0c58951c8d5','admin','2017-03-20 21:19:15','127.0.0.1','200','GET','/v1/auth/resource/org/get','domain_id=vertex_root','vertex_root'),('d1ccac32-0d6f-11e7-964b-a0c58951c8d5','admin','2017-03-20 21:19:15','127.0.0.1','200','GET','/v1/auth/user/get','domain_id=vertex_root&limit=10&offset=0&order=asc','vertex_root'),('d1d17ea5-0d6f-11e7-964b-a0c58951c8d5','admin','2017-03-20 21:19:15','127.0.0.1','200','GET','/v1/auth/user/get','domain_id=vertex_root&limit=10&offset=0&order=asc','vertex_root'),('d1d19b47-0d55-11e7-964b-a0c58951c8d5','caadmin','2017-03-20 18:13:10','127.0.0.1','200','GET','/v1/ca/cost/direction/page','','mas'),('d1d51783-0d55-11e7-964b-a0c58951c8d5','caadmin','2017-03-20 18:13:10','127.0.0.1','200','GET','/v1/auth/domain/owner','','mas'),('d24ee9b6-0d3a-11e7-964b-a0c58951c8d5','demo','2017-03-20 14:59:54','127.0.0.1','200','POST','/login','password=zhanwei&username=admin','mas'),('d2508aad-0d3a-11e7-964b-a0c58951c8d5','admin','2017-03-20 14:59:54','127.0.0.1','200','GET','/HomePage','','vertex_root'),('d27e944b-0d3a-11e7-964b-a0c58951c8d5','admin','2017-03-20 14:59:54','127.0.0.1','200','GET','/v1/auth/main/menu','Id=-1&TypeId=0&_=1489993194754','vertex_root'),('d2ca1347-0d56-11e7-964b-a0c58951c8d5','admin','2017-03-20 18:20:21','127.0.0.1','200','GET','/v1/ca/cost/direction/page','','vertex_root'),('d2cd4298-0d56-11e7-964b-a0c58951c8d5','admin','2017-03-20 18:20:21','127.0.0.1','200','GET','/v1/auth/domain/owner','','vertex_root'),('d2cf8e9c-0d6f-11e7-964b-a0c58951c8d5','admin','2017-03-20 21:19:16','127.0.0.1','200','GET','/v1/auth/role/page','_=1490015945512','vertex_root'),('d2d2704b-0d66-11e7-964b-a0c58951c8d5','caadmin','2017-03-20 20:14:51','127.0.0.1','200','GET','/HomePage','','mas'),('d2d27bbe-0d6d-11e7-964b-a0c58951c8d5','admin','2017-03-20 21:04:57','127.0.0.1','200','GET','/v1/auth/index/entry','Id=0100000000&_=1490015095758','vertex_root'),('d2d29658-0d6f-11e7-964b-a0c58951c8d5','admin','2017-03-20 21:19:16','127.0.0.1','200','GET','/v1/auth/domain/owner','','vertex_root'),('d2d574e5-0d6f-11e7-964b-a0c58951c8d5','admin','2017-03-20 21:19:16','127.0.0.1','200','GET','/v1/auth/role/get','domain_id=&limit=10&offset=0&order=asc','vertex_root'),('d2d5e354-0d6b-11e7-964b-a0c58951c8d5','admin','2017-03-20 20:50:38','127.0.0.1','200','GET','/v1/auth/user/query','','vertex_root'),('d2d74e14-0d6f-11e7-964b-a0c58951c8d5','admin','2017-03-20 21:19:16','127.0.0.1','200','GET','/v1/auth/domain/id','','vertex_root'),('d2db4f1c-0d6d-11e7-964b-a0c58951c8d5','admin','2017-03-20 21:04:57','127.0.0.1','200','GET','/v1/auth/main/menu','Id=0100000000&TypeId=1&_=1490015095759','vertex_root'),('d2ddcc61-0d6f-11e7-964b-a0c58951c8d5','admin','2017-03-20 21:19:16','127.0.0.1','200','GET','/v1/auth/role/get','domain_id=vertex_root&limit=10&offset=0&order=asc','vertex_root'),('d2fc887e-0d66-11e7-964b-a0c58951c8d5','caadmin','2017-03-20 20:14:51','127.0.0.1','200','GET','/v1/auth/main/menu','Id=-1&TypeId=0&_=1490012091545','mas'),('d33e409c-0d3a-11e7-964b-a0c58951c8d5','admin','2017-03-20 14:59:56','127.0.0.1','200','GET','/v1/auth/index/entry','Id=0300000000&_=1489993194755','vertex_root'),('d34059c7-0d6d-11e7-964b-a0c58951c8d5','admin','2017-03-20 21:04:58','127.0.0.1','200','GET','/v1/auth/domain/page','','vertex_root'),('d344bee9-0d3a-11e7-964b-a0c58951c8d5','admin','2017-03-20 14:59:56','127.0.0.1','200','GET','/v1/auth/main/menu','Id=0300000000&TypeId=1&_=1489993194756','vertex_root'),('d348d536-0d6d-11e7-964b-a0c58951c8d5','admin','2017-03-20 21:04:58','127.0.0.1','200','GET','/v1/auth/domain/get','limit=40&offset=0&order=asc','vertex_root'),('d377167a-0d6b-11e7-964b-a0c58951c8d5','admin','2017-03-20 20:50:39','127.0.0.1','200','POST','/v1/auth/theme/update','theme_id=1004','vertex_root'),('d3773d21-0d66-11e7-964b-a0c58951c8d5','caadmin','2017-03-20 20:14:52','127.0.0.1','200','GET','/v1/auth/index/entry','Id=0200000000&_=1490012091546','mas'),('d378c843-0d55-11e7-964b-a0c58951c8d5','caadmin','2017-03-20 18:13:12','127.0.0.1','200','GET','/v1/ca/static/radio/page','','mas'),('d3791e18-0d6b-11e7-964b-a0c58951c8d5','admin','2017-03-20 20:50:39','127.0.0.1','200','GET','/HomePage','','vertex_root'),('d37db6ed-0d55-11e7-964b-a0c58951c8d5','caadmin','2017-03-20 18:13:12','127.0.0.1','200','GET','/v1/auth/domain/owner','','mas'),('d37e1bad-0d66-11e7-964b-a0c58951c8d5','caadmin','2017-03-20 20:14:52','127.0.0.1','200','GET','/v1/auth/main/menu','Id=0200000000&TypeId=1&_=1490012091547','mas'),('d395f67a-0d6b-11e7-964b-a0c58951c8d5','admin','2017-03-20 20:50:40','127.0.0.1','200','GET','/v1/auth/main/menu','Id=-1&TypeId=0&_=1490014240011','vertex_root'),('d3f8b758-0d66-11e7-964b-a0c58951c8d5','caadmin','2017-03-20 20:14:53','127.0.0.1','200','GET','/v1/ca/cost/direction/page','','mas'),('d3fd5a61-0d66-11e7-964b-a0c58951c8d5','caadmin','2017-03-20 20:14:53','127.0.0.1','200','GET','/v1/auth/domain/owner','','mas'),('d43d64a5-0d52-11e7-964b-a0c58951c8d5','caadmin','2017-03-20 17:51:45','127.0.0.1','200','GET','/HomePage','','mas'),('d45cc55c-0d6d-11e7-964b-a0c58951c8d5','admin','2017-03-20 21:05:00','127.0.0.1','200','GET','/v1/auth/domain/share/page','_=1490015095761&domain_id=mas','vertex_root'),('d45f12fe-0d6d-11e7-964b-a0c58951c8d5','admin','2017-03-20 21:05:00','127.0.0.1','200','GET','/v1/auth/domain/owner','','vertex_root'),('d462b6be-0d6d-11e7-964b-a0c58951c8d5','admin','2017-03-20 21:05:00','127.0.0.1','200','GET','/v1/auth/domain/share/get','domain_id=mas&limit=10&offset=0&order=asc','vertex_root'),('d4657c03-0d6d-11e7-964b-a0c58951c8d5','admin','2017-03-20 21:05:00','127.0.0.1','200','GET','/v1/auth/domain/share/get','domain_id=mas','vertex_root'),('d465b818-0d6d-11e7-964b-a0c58951c8d5','admin','2017-03-20 21:05:00','127.0.0.1','200','GET','/v1/auth/domain/row/details','domain_id=mas','vertex_root'),('d489db14-0d6f-11e7-964b-a0c58951c8d5','admin','2017-03-20 21:19:19','127.0.0.1','200','GET','/HomePage','','vertex_root'),('d48daeed-0d52-11e7-964b-a0c58951c8d5','caadmin','2017-03-20 17:51:46','127.0.0.1','200','GET','/v1/auth/main/menu','Id=-1&TypeId=0&_=1490003506129','mas'),('d4a35ced-0d55-11e7-964b-a0c58951c8d5','caadmin','2017-03-20 18:13:14','127.0.0.1','200','GET','/v1/auth/user/query','','mas'),('d4b3ae7e-0d6f-11e7-964b-a0c58951c8d5','admin','2017-03-20 21:19:20','127.0.0.1','200','GET','/v1/auth/main/menu','Id=-1&TypeId=0&_=1490015959908','vertex_root'),('d5e9b77d-0d30-11e7-9c4f-a0c58951c8d5','dev','2017-03-20 13:48:23','127.0.0.1','200','GET','/','','dev'),('d5ef9da1-0d6f-11e7-964b-a0c58951c8d5','admin','2017-03-20 21:19:22','127.0.0.1','200','GET','/v1/auth/user/query','','vertex_root'),('d6979eb6-0d6d-11e7-964b-a0c58951c8d5','admin','2017-03-20 21:05:04','127.0.0.1','200','GET','/v1/auth/domain/page','','vertex_root'),('d69b9ea1-0d6d-11e7-964b-a0c58951c8d5','admin','2017-03-20 21:05:04','127.0.0.1','200','GET','/v1/auth/domain/get','limit=40&offset=0&order=asc','vertex_root'),('d6a893ad-0d6f-11e7-964b-a0c58951c8d5','admin','2017-03-20 21:19:23','127.0.0.1','200','POST','/v1/auth/theme/update','theme_id=1004','vertex_root'),('d6aa6ae1-0d6f-11e7-964b-a0c58951c8d5','admin','2017-03-20 21:19:23','127.0.0.1','200','GET','/HomePage','','vertex_root'),('d6cc7c58-0d6f-11e7-964b-a0c58951c8d5','admin','2017-03-20 21:19:23','127.0.0.1','200','GET','/v1/auth/main/menu','Id=-1&TypeId=0&_=1490015963456','vertex_root'),('d761f5e9-0d6d-11e7-964b-a0c58951c8d5','admin','2017-03-20 21:05:05','127.0.0.1','200','GET','/v1/auth/domain/share/page','_=1490015095763&domain_id=mas','vertex_root'),('d763ec4f-0d6d-11e7-964b-a0c58951c8d5','admin','2017-03-20 21:05:05','127.0.0.1','200','GET','/v1/auth/domain/owner','','vertex_root'),('d765e9dc-0d6d-11e7-964b-a0c58951c8d5','admin','2017-03-20 21:05:05','127.0.0.1','200','GET','/v1/auth/domain/share/get','domain_id=mas&limit=10&offset=0&order=asc','vertex_root'),('d76711c3-0d6d-11e7-964b-a0c58951c8d5','admin','2017-03-20 21:05:05','127.0.0.1','200','GET','/v1/auth/domain/row/details','domain_id=mas','vertex_root'),('d7676e21-0d6d-11e7-964b-a0c58951c8d5','admin','2017-03-20 21:05:05','127.0.0.1','200','GET','/v1/auth/domain/share/get','domain_id=mas','vertex_root'),('d8549f25-0d6b-11e7-964b-a0c58951c8d5','admin','2017-03-20 20:50:48','127.0.0.1','200','GET','/logout','','vertex_root'),('d856cb72-0d6b-11e7-964b-a0c58951c8d5','dev','2017-03-20 20:50:48','127.0.0.1','200','GET','/','','dev'),('d886c30f-0d55-11e7-964b-a0c58951c8d5','caadmin','2017-03-20 18:13:21','127.0.0.1','200','GET','/v1/ca/dispatch/page','','mas'),('d88e1f0f-0d55-11e7-964b-a0c58951c8d5','caadmin','2017-03-20 18:13:21','127.0.0.1','200','GET','/v1/auth/domain/owner','','mas'),('d8ac6cc7-0d6a-11e7-964b-a0c58951c8d5','caadmin','2017-03-20 20:43:39','127.0.0.1','200','GET','/HomePage','','mas'),('d8d4f7d8-0d6a-11e7-964b-a0c58951c8d5','caadmin','2017-03-20 20:43:39','127.0.0.1','200','GET','/v1/auth/main/menu','Id=-1&TypeId=0&_=1490013819356','mas'),('d951f9c7-0d6d-11e7-964b-a0c58951c8d5','admin','2017-03-20 21:05:08','127.0.0.1','200','GET','/HomePage','','vertex_root'),('d956c729-0d6a-11e7-964b-a0c58951c8d5','caadmin','2017-03-20 20:43:40','127.0.0.1','200','GET','/v1/auth/user/query','','mas'),('d96443c3-0d6f-11e7-964b-a0c58951c8d5','admin','2017-03-20 21:19:27','127.0.0.1','200','GET','/v1/auth/index/entry','Id=0400000000&_=1490015963457','vertex_root'),('d976268b-0d6d-11e7-964b-a0c58951c8d5','admin','2017-03-20 21:05:08','127.0.0.1','200','GET','/v1/auth/main/menu','Id=-1&TypeId=0&_=1490015108906','vertex_root'),('d9c0ac36-0d55-11e7-964b-a0c58951c8d5','caadmin','2017-03-20 18:13:23','127.0.0.1','200','GET','/HomePage','','mas'),('d9ea18f2-0d55-11e7-964b-a0c58951c8d5','caadmin','2017-03-20 18:13:23','127.0.0.1','200','GET','/v1/auth/main/menu','Id=-1&TypeId=0&_=1490004803644','mas'),('d9ef097e-0d66-11e7-964b-a0c58951c8d5','caadmin','2017-03-20 20:15:03','127.0.0.1','200','GET','/HomePage','','mas'),('da157d3a-0d6a-11e7-964b-a0c58951c8d5','caadmin','2017-03-20 20:43:41','127.0.0.1','200','POST','/v1/auth/theme/update','','mas'),('da161dd8-0d66-11e7-964b-a0c58951c8d5','caadmin','2017-03-20 20:15:03','127.0.0.1','200','GET','/v1/auth/main/menu','Id=-1&TypeId=0&_=1490012103475','mas'),('da178d47-0d6a-11e7-964b-a0c58951c8d5','caadmin','2017-03-20 20:43:41','127.0.0.1','200','GET','/HomePage','','mas'),('da1fa9f2-0d6d-11e7-964b-a0c58951c8d5','admin','2017-03-20 21:05:10','127.0.0.1','200','GET','/v1/auth/index/entry','Id=1100000000&_=1490015108907','vertex_root'),('da2492e1-0d6d-11e7-964b-a0c58951c8d5','admin','2017-03-20 21:05:10','127.0.0.1','200','GET','/v1/auth/main/menu','Id=1100000000&TypeId=1&_=1490015108908','vertex_root'),('da38169c-0d6a-11e7-964b-a0c58951c8d5','caadmin','2017-03-20 20:43:41','127.0.0.1','200','GET','/v1/auth/main/menu','Id=-1&TypeId=0&_=1490013821717','mas'),('da690d29-0d55-11e7-964b-a0c58951c8d5','caadmin','2017-03-20 18:13:24','127.0.0.1','200','GET','/v1/auth/index/entry','Id=0200000000&_=1490004803645','mas'),('da6cc8c7-0d55-11e7-964b-a0c58951c8d5','caadmin','2017-03-20 18:13:24','127.0.0.1','200','GET','/v1/auth/main/menu','Id=0200000000&TypeId=1&_=1490004803646','mas'),('da7d6683-0d67-11e7-964b-a0c58951c8d5','caadmin','2017-03-20 20:22:13','127.0.0.1','200','GET','/HomePage','','mas'),('da90530f-0d6f-11e7-964b-a0c58951c8d5','admin','2017-03-20 21:19:29','127.0.0.1','200','GET','/HomePage','','vertex_root'),('da9c1e7e-0d6d-11e7-964b-a0c58951c8d5','admin','2017-03-20 21:05:10','127.0.0.1','200','GET','/v1/help/system/help','','vertex_root'),('daa7d60b-0d67-11e7-964b-a0c58951c8d5','caadmin','2017-03-20 20:22:14','127.0.0.1','200','GET','/v1/auth/main/menu','Id=-1&TypeId=0&_=1490012533919','mas'),('dab31218-0d6f-11e7-964b-a0c58951c8d5','admin','2017-03-20 21:19:30','127.0.0.1','200','GET','/v1/auth/main/menu','Id=-1&TypeId=0&_=1490015969987','vertex_root'),('dae6cd0f-0d55-11e7-964b-a0c58951c8d5','caadmin','2017-03-20 18:13:25','127.0.0.1','200','GET','/v1/ca/cost/direction/page','','mas'),('daee49cf-0d55-11e7-964b-a0c58951c8d5','caadmin','2017-03-20 18:13:25','127.0.0.1','200','GET','/v1/auth/domain/owner','','mas'),('db1d0165-0d6f-11e7-964b-a0c58951c8d5','admin','2017-03-20 21:19:30','127.0.0.1','200','GET','/v1/auth/index/entry','Id=0100000000&_=1490015969988','vertex_root'),('db23a6d8-0d67-11e7-964b-a0c58951c8d5','caadmin','2017-03-20 20:22:14','127.0.0.1','200','GET','/v1/auth/user/query','','mas'),('db255598-0d6f-11e7-964b-a0c58951c8d5','admin','2017-03-20 21:19:30','127.0.0.1','200','GET','/v1/auth/main/menu','Id=0100000000&TypeId=1&_=1490015969989','vertex_root'),('db279676-0d6b-11e7-964b-a0c58951c8d5','dev','2017-03-20 20:50:52','127.0.0.1','200','POST','/login','password=123456&username=caadmin','dev'),('db291e0f-0d6b-11e7-964b-a0c58951c8d5','caadmin','2017-03-20 20:50:52','127.0.0.1','200','GET','/HomePage','','mas'),('db49b525-0d6b-11e7-964b-a0c58951c8d5','caadmin','2017-03-20 20:50:53','127.0.0.1','200','GET','/v1/auth/main/menu','Id=-1&TypeId=0&_=1490014252985','mas'),('db4f5b4f-0d6a-11e7-964b-a0c58951c8d5','caadmin','2017-03-20 20:43:43','127.0.0.1','200','GET','/v1/auth/user/query','','mas'),('db99ae8b-0d6d-11e7-964b-a0c58951c8d5','admin','2017-03-20 21:05:12','127.0.0.1','200','GET','/v1/auth/user/query','','vertex_root'),('dbca5efa-0d66-11e7-964b-a0c58951c8d5','caadmin','2017-03-20 20:15:06','127.0.0.1','200','GET','/v1/auth/index/entry','Id=0200000000&_=1490012103476','mas'),('dbd0b1f6-0d66-11e7-964b-a0c58951c8d5','caadmin','2017-03-20 20:15:06','127.0.0.1','200','GET','/v1/auth/main/menu','Id=0200000000&TypeId=1&_=1490012103477','mas'),('dbe3b15c-0d6f-11e7-964b-a0c58951c8d5','admin','2017-03-20 21:19:32','127.0.0.1','200','GET','/v1/auth/resource/org/page','_=1490015969990','vertex_root'),('dbe6ef61-0d6f-11e7-964b-a0c58951c8d5','admin','2017-03-20 21:19:32','127.0.0.1','200','GET','/v1/auth/domain/owner','','vertex_root'),('dbeaae29-0d6f-11e7-964b-a0c58951c8d5','admin','2017-03-20 21:19:32','127.0.0.1','200','GET','/v1/auth/domain/id','','vertex_root'),('dbec30ed-0d6f-11e7-964b-a0c58951c8d5','admin','2017-03-20 21:19:32','127.0.0.1','200','GET','/v1/auth/resource/org/get','domain_id=vertex_root','vertex_root'),('dbed2a61-0d6f-11e7-964b-a0c58951c8d5','admin','2017-03-20 21:19:32','127.0.0.1','200','GET','/v1/auth/resource/org/get','domain_id=vertex_root','vertex_root'),('dbeda214-0d6a-11e7-964b-a0c58951c8d5','caadmin','2017-03-20 20:43:44','127.0.0.1','200','POST','/v1/auth/theme/update','','mas'),('dbefeffa-0d6a-11e7-964b-a0c58951c8d5','caadmin','2017-03-20 20:43:44','127.0.0.1','200','GET','/HomePage','','mas'),('dbf0b665-0d6f-11e7-964b-a0c58951c8d5','admin','2017-03-20 21:19:32','127.0.0.1','200','GET','/v1/auth/resource/org/get','domain_id=vertex_root&limit=10&offset=0&order=asc','vertex_root'),('dbf2fb7a-0d6f-11e7-964b-a0c58951c8d5','admin','2017-03-20 21:19:32','127.0.0.1','200','GET','/v1/auth/resource/org/get','domain_id=vertex_root&limit=10&offset=0&order=asc','vertex_root'),('dbf429ad-0d6f-11e7-964b-a0c58951c8d5','admin','2017-03-20 21:19:32','127.0.0.1','200','GET','/v1/auth/resource/org/get','domain_id=vertex_root&limit=10&offset=0&order=asc','vertex_root'),('dc0e86ad-0d6a-11e7-964b-a0c58951c8d5','caadmin','2017-03-20 20:43:44','127.0.0.1','200','GET','/v1/auth/main/menu','Id=-1&TypeId=0&_=1490013824800','mas'),('dc3b1ce5-0d6d-11e7-964b-a0c58951c8d5','admin','2017-03-20 21:05:13','127.0.0.1','200','POST','/v1/auth/theme/update','theme_id=1001','vertex_root'),('dc3dafcb-0d6d-11e7-964b-a0c58951c8d5','admin','2017-03-20 21:05:13','127.0.0.1','200','GET','/HomePage','','vertex_root'),('dc5dbdc7-0d6d-11e7-964b-a0c58951c8d5','admin','2017-03-20 21:05:13','127.0.0.1','200','GET','/v1/auth/main/menu','Id=-1&TypeId=0&_=1490015113793','vertex_root'),('dc68b4f6-0d55-11e7-964b-a0c58951c8d5','caadmin','2017-03-20 18:13:27','127.0.0.1','200','GET','/v1/ca/responsibility/page','','mas'),('dc6a932d-0d55-11e7-964b-a0c58951c8d5','caadmin','2017-03-20 18:13:27','127.0.0.1','200','GET','/v1/auth/domain/owner','','mas'),('dc6c87dc-0d55-11e7-964b-a0c58951c8d5','caadmin','2017-03-20 18:13:27','127.0.0.1','200','GET','/v1/auth/domain/id','','mas'),('dc6e0fd4-0d55-11e7-964b-a0c58951c8d5','caadmin','2017-03-20 18:13:27','127.0.0.1','403','GET','/v1/auth/resource/org/get','domain_id=mas','mas'),('dc6f66a1-0d55-11e7-964b-a0c58951c8d5','caadmin','2017-03-20 18:13:27','127.0.0.1','403','GET','/v1/auth/resource/org/get','domain_id=mas','mas'),('dc723118-0d55-11e7-964b-a0c58951c8d5','caadmin','2017-03-20 18:13:27','127.0.0.1','403','GET','/v1/auth/resource/org/get','domain_id=mas&limit=10&offset=0&order=asc','mas'),('dc8a250f-0d6f-11e7-964b-a0c58951c8d5','admin','2017-03-20 21:19:33','127.0.0.1','200','GET','/HomePage','','vertex_root'),('dcaa4158-0d6f-11e7-964b-a0c58951c8d5','admin','2017-03-20 21:19:33','127.0.0.1','200','GET','/v1/auth/main/menu','Id=-1&TypeId=0&_=1490015973301','vertex_root'),('dce892ed-0d6d-11e7-964b-a0c58951c8d5','admin','2017-03-20 21:05:14','127.0.0.1','200','GET','/v1/auth/index/entry','Id=0400000000&_=1490015113794','vertex_root'),('dced1ca9-0d6d-11e7-964b-a0c58951c8d5','admin','2017-03-20 21:05:14','127.0.0.1','200','GET','/v1/auth/main/menu','Id=0400000000&TypeId=1&_=1490015113795','vertex_root'),('dcf12ac3-0d6b-11e7-964b-a0c58951c8d5','caadmin','2017-03-20 20:50:55','127.0.0.1','200','GET','/v1/auth/index/entry','Id=0200000000&_=1490014252986','mas'),('dcf4b30f-0d6b-11e7-964b-a0c58951c8d5','caadmin','2017-03-20 20:50:55','127.0.0.1','200','GET','/v1/auth/main/menu','Id=0200000000&TypeId=1&_=1490014252987','mas'),('dd715f32-0d6d-11e7-964b-a0c58951c8d5','admin','2017-03-20 21:05:15','127.0.0.1','200','GET','/v1/auth/resource/org/page','_=1490015113796','vertex_root'),('dd73a5b6-0d6d-11e7-964b-a0c58951c8d5','admin','2017-03-20 21:05:15','127.0.0.1','200','GET','/v1/auth/domain/owner','','vertex_root'),('dd75c276-0d55-11e7-964b-a0c58951c8d5','caadmin','2017-03-20 18:13:29','127.0.0.1','200','GET','/v1/ca/driver/page','','mas'),('dd766ff6-0d6d-11e7-964b-a0c58951c8d5','admin','2017-03-20 21:05:15','127.0.0.1','200','GET','/v1/auth/domain/id','','vertex_root'),('dd77c187-0d6d-11e7-964b-a0c58951c8d5','admin','2017-03-20 21:05:15','127.0.0.1','200','GET','/v1/auth/resource/org/get','domain_id=vertex_root','vertex_root'),('dd78734b-0d6d-11e7-964b-a0c58951c8d5','admin','2017-03-20 21:05:15','127.0.0.1','200','GET','/v1/auth/resource/org/get','domain_id=vertex_root','vertex_root'),('dd7b1421-0d55-11e7-964b-a0c58951c8d5','caadmin','2017-03-20 18:13:29','127.0.0.1','200','GET','/v1/auth/domain/owner','','mas'),('dd7bd672-0d6d-11e7-964b-a0c58951c8d5','admin','2017-03-20 21:05:15','127.0.0.1','200','GET','/v1/auth/resource/org/get','domain_id=vertex_root&limit=10&offset=0&order=asc','vertex_root'),('dd7dbcb6-0d6d-11e7-964b-a0c58951c8d5','admin','2017-03-20 21:05:15','127.0.0.1','200','GET','/v1/auth/resource/org/get','domain_id=vertex_root&limit=10&offset=0&order=asc','vertex_root'),('dd7ecedc-0d6d-11e7-964b-a0c58951c8d5','admin','2017-03-20 21:05:15','127.0.0.1','200','GET','/v1/auth/resource/org/get','domain_id=vertex_root&limit=10&offset=0&order=asc','vertex_root'),('dd843c69-0d6a-11e7-964b-a0c58951c8d5','caadmin','2017-03-20 20:43:47','127.0.0.1','200','GET','/logout','','mas'),('dd868cf2-0d6a-11e7-964b-a0c58951c8d5','dev','2017-03-20 20:43:47','127.0.0.1','200','GET','/','','dev'),('ddfca91c-0d6b-11e7-964b-a0c58951c8d5','caadmin','2017-03-20 20:50:57','127.0.0.1','200','GET','/logout','','mas'),('ddfe8458-0d6b-11e7-964b-a0c58951c8d5','dev','2017-03-20 20:50:57','127.0.0.1','200','GET','/','','dev'),('de91e536-0d6f-11e7-964b-a0c58951c8d5','admin','2017-03-20 21:19:36','127.0.0.1','200','GET','/v1/auth/index/entry','Id=0100000000&_=1490015973302','vertex_root'),('de978b61-0d55-11e7-964b-a0c58951c8d5','caadmin','2017-03-20 18:13:31','127.0.0.1','200','GET','/v1/ca/cost/direction/page','','mas'),('de99e22d-0d6f-11e7-964b-a0c58951c8d5','admin','2017-03-20 21:19:36','127.0.0.1','200','GET','/v1/auth/main/menu','Id=0100000000&TypeId=1&_=1490015973303','vertex_root'),('de9dd1e9-0d55-11e7-964b-a0c58951c8d5','caadmin','2017-03-20 18:13:31','127.0.0.1','200','GET','/v1/auth/domain/owner','','mas'),('df0c0d3e-0d53-11e7-964b-a0c58951c8d5','caadmin','2017-03-20 17:59:13','127.0.0.1','200','GET','/HomePage','','mas'),('df1f4fed-0d6d-11e7-964b-a0c58951c8d5','admin','2017-03-20 21:05:18','127.0.0.1','200','GET','/HomePage','','vertex_root'),('df3eb9f6-0d6d-11e7-964b-a0c58951c8d5','admin','2017-03-20 21:05:18','127.0.0.1','200','GET','/v1/auth/main/menu','Id=-1&TypeId=0&_=1490015118624','vertex_root'),('dfa1d0dc-0d6d-11e7-964b-a0c58951c8d5','admin','2017-03-20 21:05:19','127.0.0.1','200','GET','/v1/auth/index/entry','Id=0100000000&_=1490015118625','vertex_root'),('dfab5025-0d6d-11e7-964b-a0c58951c8d5','admin','2017-03-20 21:05:19','127.0.0.1','200','GET','/v1/auth/main/menu','Id=0100000000&TypeId=1&_=1490015118626','vertex_root'),('dfe75543-0d6f-11e7-964b-a0c58951c8d5','admin','2017-03-20 21:19:38','127.0.0.1','200','GET','/logout','','vertex_root'),('dfe9892d-0d6f-11e7-964b-a0c58951c8d5','dev','2017-03-20 21:19:38','127.0.0.1','200','GET','/','','dev'),('e015ce18-0d6d-11e7-964b-a0c58951c8d5','admin','2017-03-20 21:05:20','127.0.0.1','200','GET','/v1/auth/domain/page','','vertex_root'),('e01c5054-0d6d-11e7-964b-a0c58951c8d5','admin','2017-03-20 21:05:20','127.0.0.1','200','GET','/v1/auth/domain/get','limit=40&offset=0&order=asc','vertex_root'),('e03ab35c-0d6b-11e7-964b-a0c58951c8d5','dev','2017-03-20 20:51:01','127.0.0.1','200','POST','/login','password=zhanwei&username=admin','dev'),('e03c6b29-0d6b-11e7-964b-a0c58951c8d5','admin','2017-03-20 20:51:01','127.0.0.1','200','GET','/HomePage','','vertex_root'),('e05ee418-0d6b-11e7-964b-a0c58951c8d5','admin','2017-03-20 20:51:01','127.0.0.1','200','GET','/v1/auth/main/menu','Id=-1&TypeId=0&_=1490014261507','vertex_root'),('e066859c-0d6a-11e7-964b-a0c58951c8d5','dev','2017-03-20 20:43:52','127.0.0.1','200','POST','/login','password=123456&username=demo','dev'),('e0688458-0d6a-11e7-964b-a0c58951c8d5','demo','2017-03-20 20:43:52','127.0.0.1','200','GET','/HomePage','','mas'),('e0886fa1-0d6a-11e7-964b-a0c58951c8d5','demo','2017-03-20 20:43:52','127.0.0.1','200','GET','/v1/auth/main/menu','Id=-1&TypeId=0&_=1490013832306','mas'),('e16570cb-0d6b-11e7-964b-a0c58951c8d5','admin','2017-03-20 20:51:03','127.0.0.1','200','GET','/v1/auth/index/entry','Id=0100000000&_=1490014261508','vertex_root'),('e16abc72-0d6b-11e7-964b-a0c58951c8d5','admin','2017-03-20 20:51:03','127.0.0.1','200','GET','/v1/auth/main/menu','Id=0100000000&TypeId=1&_=1490014261509','vertex_root'),('e1845907-0d6d-11e7-964b-a0c58951c8d5','admin','2017-03-20 21:05:22','127.0.0.1','200','GET','/v1/auth/user/query','','vertex_root'),('e1eb43fa-0d6a-11e7-964b-a0c58951c8d5','demo','2017-03-20 20:43:54','127.0.0.1','200','GET','/logout','','mas'),('e1edba29-0d6a-11e7-964b-a0c58951c8d5','dev','2017-03-20 20:43:54','127.0.0.1','200','GET','/','','dev'),('e21af9c3-0d54-11e7-964b-a0c58951c8d5','caadmin','2017-03-20 18:06:27','127.0.0.1','200','GET','/logout','','mas'),('e21d7907-0d54-11e7-964b-a0c58951c8d5','dev','2017-03-20 18:06:28','127.0.0.1','200','GET','/','','dev'),('e21e4c43-0d6b-11e7-964b-a0c58951c8d5','admin','2017-03-20 20:51:04','127.0.0.1','200','GET','/v1/auth/domain/page','','vertex_root'),('e223c4e9-0d6d-11e7-964b-a0c58951c8d5','admin','2017-03-20 21:05:23','127.0.0.1','200','POST','/v1/auth/theme/update','theme_id=1004','vertex_root'),('e2253c83-0d6b-11e7-964b-a0c58951c8d5','admin','2017-03-20 20:51:04','127.0.0.1','200','GET','/v1/auth/domain/get','limit=40&offset=0&order=asc','vertex_root'),('e22605ad-0d6d-11e7-964b-a0c58951c8d5','admin','2017-03-20 21:05:23','127.0.0.1','200','GET','/HomePage','','vertex_root'),('e2467f9c-0d6d-11e7-964b-a0c58951c8d5','admin','2017-03-20 21:05:23','127.0.0.1','200','GET','/v1/auth/main/menu','Id=-1&TypeId=0&_=1490015123705','vertex_root'),('e2bcc21b-0d30-11e7-9c4f-a0c58951c8d5','dev','2017-03-20 13:48:44','127.0.0.1','200','POST','/login','password=zhanwei&username=admin','dev'),('e2befd68-0d30-11e7-9c4f-a0c58951c8d5','admin','2017-03-20 13:48:44','127.0.0.1','200','GET','/HomePage','','vertex_root'),('e2d6728f-0d55-11e7-964b-a0c58951c8d5','caadmin','2017-03-20 18:13:38','127.0.0.1','200','GET','/HomePage','','mas'),('e2e8036d-0d6f-11e7-964b-a0c58951c8d5','dev','2017-03-20 21:19:43','127.0.0.1','200','POST','/login','password=123456&username=demo','dev'),('e2ea4b4b-0d6f-11e7-964b-a0c58951c8d5','demo','2017-03-20 21:19:43','127.0.0.1','200','GET','/HomePage','','mas'),('e2edcca8-0d30-11e7-9c4f-a0c58951c8d5','admin','2017-03-20 13:48:45','127.0.0.1','200','GET','/v1/auth/main/menu','Id=-1&TypeId=0&_=1489988925052','vertex_root'),('e2fd9694-0d55-11e7-964b-a0c58951c8d5','caadmin','2017-03-20 18:13:38','127.0.0.1','200','GET','/v1/auth/main/menu','Id=-1&TypeId=0&_=1490004818880','mas'),('e3097b03-0d6f-11e7-964b-a0c58951c8d5','demo','2017-03-20 21:19:44','127.0.0.1','200','GET','/v1/auth/main/menu','Id=-1&TypeId=0&_=1490015983989','mas'),('e33ca65c-0d50-11e7-964b-a0c58951c8d5','demo','2017-03-20 17:37:51','127.0.0.1','200','GET','/HomePage','','mas'),('e35c9bad-0d55-11e7-964b-a0c58951c8d5','caadmin','2017-03-20 18:13:39','127.0.0.1','200','GET','/v1/auth/index/entry','Id=0400000000&_=1490004818881','mas'),('e36020e9-0d55-11e7-964b-a0c58951c8d5','caadmin','2017-03-20 18:13:39','127.0.0.1','200','GET','/v1/auth/main/menu','Id=0400000000&TypeId=1&_=1490004818882','mas'),('e365c696-0d30-11e7-9c4f-a0c58951c8d5','admin','2017-03-20 13:48:45','127.0.0.1','200','GET','/v1/auth/index/entry','Id=0300000000&_=1489988925053','vertex_root'),('e368e0ed-0d50-11e7-964b-a0c58951c8d5','demo','2017-03-20 17:37:52','127.0.0.1','200','GET','/v1/auth/main/menu','Id=-1&TypeId=0&_=1490002672080','mas'),('e36dca79-0d30-11e7-9c4f-a0c58951c8d5','admin','2017-03-20 13:48:46','127.0.0.1','200','GET','/v1/auth/main/menu','Id=0300000000&TypeId=1&_=1489988925054','vertex_root'),('e3cd1ded-0d55-11e7-964b-a0c58951c8d5','caadmin','2017-03-20 18:13:40','127.0.0.1','200','GET','/v1/auth/resource/org/page','_=1490004818883','mas'),('e3cf4a9c-0d55-11e7-964b-a0c58951c8d5','caadmin','2017-03-20 18:13:40','127.0.0.1','200','GET','/v1/auth/domain/owner','','mas'),('e3d2627e-0d55-11e7-964b-a0c58951c8d5','caadmin','2017-03-20 18:13:40','127.0.0.1','200','GET','/v1/auth/domain/id','','mas'),('e3d3d3d8-0d55-11e7-964b-a0c58951c8d5','caadmin','2017-03-20 18:13:40','127.0.0.1','403','GET','/v1/auth/resource/org/get','domain_id=mas','mas'),('e3d43c0b-0d55-11e7-964b-a0c58951c8d5','caadmin','2017-03-20 18:13:40','127.0.0.1','403','GET','/v1/auth/resource/org/get','domain_id=mas','mas'),('e3d7c6e1-0d55-11e7-964b-a0c58951c8d5','caadmin','2017-03-20 18:13:40','127.0.0.1','403','GET','/v1/auth/resource/org/get','domain_id=mas&limit=10&offset=0&order=asc','mas'),('e40f9acf-0d6b-11e7-964b-a0c58951c8d5','admin','2017-03-20 20:51:07','127.0.0.1','200','GET','/v1/auth/domain/page','','vertex_root'),('e4131a98-0d6b-11e7-964b-a0c58951c8d5','admin','2017-03-20 20:51:07','127.0.0.1','200','GET','/v1/auth/domain/get','limit=40&offset=0&order=asc','vertex_root'),('e430f383-0d6f-11e7-964b-a0c58951c8d5','demo','2017-03-20 21:19:45','127.0.0.1','200','GET','/v1/auth/index/entry','Id=0100000000&_=1490015983990','mas'),('e43900cf-0d6f-11e7-964b-a0c58951c8d5','demo','2017-03-20 21:19:46','127.0.0.1','200','GET','/v1/auth/main/menu','Id=0100000000&TypeId=1&_=1490015983991','mas'),('e4a67025-0d66-11e7-964b-a0c58951c8d5','caadmin','2017-03-20 20:15:21','127.0.0.1','200','GET','/v1/ca/responsibility/page','','mas'),('e4ae13ed-0d66-11e7-964b-a0c58951c8d5','caadmin','2017-03-20 20:15:21','127.0.0.1','200','GET','/v1/auth/domain/owner','','mas'),('e4b13872-0d66-11e7-964b-a0c58951c8d5','caadmin','2017-03-20 20:15:21','127.0.0.1','200','GET','/v1/auth/domain/id','','mas'),('e4b456dc-0d66-11e7-964b-a0c58951c8d5','caadmin','2017-03-20 20:15:21','127.0.0.1','403','GET','/v1/auth/resource/org/get','domain_id=mas','mas'),('e4b51ca5-0d66-11e7-964b-a0c58951c8d5','caadmin','2017-03-20 20:15:21','127.0.0.1','403','GET','/v1/auth/resource/org/get','domain_id=mas','mas'),('e4bc3ecf-0d66-11e7-964b-a0c58951c8d5','caadmin','2017-03-20 20:15:21','127.0.0.1','403','GET','/v1/auth/resource/org/get','domain_id=mas&limit=10&offset=0&order=asc','mas'),('e4f6d283-0d6f-11e7-964b-a0c58951c8d5','demo','2017-03-20 21:19:47','127.0.0.1','200','GET','/v1/auth/user/query','','mas'),('e4ffbfb0-0d30-11e7-9c4f-a0c58951c8d5','admin','2017-03-20 13:48:48','127.0.0.1','200','GET','/HomePage','','vertex_root'),('e503ac69-0d6a-11e7-964b-a0c58951c8d5','dev','2017-03-20 20:43:59','127.0.0.1','200','POST','/login','password=123456&username=caadmin','dev'),('e5064bb6-0d6a-11e7-964b-a0c58951c8d5','caadmin','2017-03-20 20:43:59','127.0.0.1','200','GET','/HomePage','','mas'),('e5243a8f-0d6a-11e7-964b-a0c58951c8d5','caadmin','2017-03-20 20:44:00','127.0.0.1','200','GET','/v1/auth/main/menu','Id=-1&TypeId=0&_=1490013840048','mas'),('e52637db-0d30-11e7-9c4f-a0c58951c8d5','admin','2017-03-20 13:48:48','127.0.0.1','200','GET','/v1/auth/main/menu','Id=-1&TypeId=0&_=1489988928819','vertex_root'),('e548b74b-0d6d-11e7-964b-a0c58951c8d5','admin','2017-03-20 21:05:28','127.0.0.1','200','GET','/v1/auth/index/entry','Id=0100000000&_=1490015123706','vertex_root'),('e550670f-0d6d-11e7-964b-a0c58951c8d5','admin','2017-03-20 21:05:28','127.0.0.1','200','GET','/v1/auth/main/menu','Id=0100000000&TypeId=1&_=1490015123707','vertex_root'),('e576d93d-0d30-11e7-9c4f-a0c58951c8d5','admin','2017-03-20 13:48:49','127.0.0.1','200','GET','/v1/auth/index/entry','Id=0200000000&_=1489988928820','vertex_root'),('e57cd96c-0d30-11e7-9c4f-a0c58951c8d5','admin','2017-03-20 13:48:49','127.0.0.1','200','GET','/v1/auth/main/menu','Id=0200000000&TypeId=1&_=1489988928821','vertex_root'),('e5857d47-0d54-11e7-964b-a0c58951c8d5','dev','2017-03-20 18:06:33','127.0.0.1','200','POST','/login','password=123456&username=demo','dev'),('e58835e1-0d54-11e7-964b-a0c58951c8d5','demo','2017-03-20 18:06:33','127.0.0.1','200','GET','/HomePage','','mas'),('e5a347fa-0d6f-11e7-964b-a0c58951c8d5','demo','2017-03-20 21:19:48','127.0.0.1','200','POST','/v1/auth/theme/update','theme_id=1004','mas'),('e5a5b9f2-0d6f-11e7-964b-a0c58951c8d5','demo','2017-03-20 21:19:48','127.0.0.1','200','GET','/HomePage','','mas'),('e5c54cb2-0d6f-11e7-964b-a0c58951c8d5','demo','2017-03-20 21:19:48','127.0.0.1','200','GET','/v1/auth/main/menu','Id=-1&TypeId=0&_=1490015988579','mas'),('e5cdba83-0d54-11e7-964b-a0c58951c8d5','demo','2017-03-20 18:06:34','127.0.0.1','200','GET','/v1/auth/main/menu','Id=-1&TypeId=0&_=1490004394069','mas'),('e5cfee8f-0d6b-11e7-964b-a0c58951c8d5','admin','2017-03-20 20:51:10','127.0.0.1','200','GET','/HomePage','','vertex_root'),('e5d1df6d-0d55-11e7-964b-a0c58951c8d5','caadmin','2017-03-20 18:13:43','127.0.0.1','200','GET','/v1/auth/resource/org/page','_=1490004818884','mas'),('e5d4439c-0d55-11e7-964b-a0c58951c8d5','caadmin','2017-03-20 18:13:43','127.0.0.1','200','GET','/v1/auth/domain/owner','','mas'),('e5d87c0f-0d55-11e7-964b-a0c58951c8d5','caadmin','2017-03-20 18:13:43','127.0.0.1','200','GET','/v1/auth/domain/id','','mas'),('e5d91276-0d6d-11e7-964b-a0c58951c8d5','admin','2017-03-20 21:05:29','127.0.0.1','200','GET','/v1/auth/domain/page','','vertex_root'),('e5daf75c-0d55-11e7-964b-a0c58951c8d5','caadmin','2017-03-20 18:13:43','127.0.0.1','403','GET','/v1/auth/resource/org/get','domain_id=mas','mas'),('e5db9f72-0d55-11e7-964b-a0c58951c8d5','caadmin','2017-03-20 18:13:43','127.0.0.1','403','GET','/v1/auth/resource/org/get','domain_id=mas','mas'),('e5dcb6cf-0d55-11e7-964b-a0c58951c8d5','caadmin','2017-03-20 18:13:43','127.0.0.1','403','GET','/v1/auth/resource/org/get','domain_id=mas','mas'),('e5dcc5dc-0d6d-11e7-964b-a0c58951c8d5','admin','2017-03-20 21:05:29','127.0.0.1','200','GET','/v1/auth/domain/get','limit=40&offset=0&order=asc','vertex_root'),('e5f62836-0d6b-11e7-964b-a0c58951c8d5','admin','2017-03-20 20:51:10','127.0.0.1','200','GET','/v1/auth/main/menu','Id=-1&TypeId=0&_=1490014270884','vertex_root'),('e62e55f2-0d6a-11e7-964b-a0c58951c8d5','caadmin','2017-03-20 20:44:01','127.0.0.1','200','GET','/v1/auth/user/query','','mas'),('e66632ad-0d6b-11e7-964b-a0c58951c8d5','admin','2017-03-20 20:51:11','127.0.0.1','200','GET','/v1/auth/index/entry','Id=0100000000&_=1490014270885','vertex_root'),('e66d6ca9-0d6b-11e7-964b-a0c58951c8d5','admin','2017-03-20 20:51:11','127.0.0.1','200','GET','/v1/auth/main/menu','Id=0100000000&TypeId=1&_=1490014270886','vertex_root'),('e677cf0b-0d6f-11e7-964b-a0c58951c8d5','demo','2017-03-20 21:19:49','127.0.0.1','200','GET','/HomePage','','mas'),('e696676d-0d6f-11e7-964b-a0c58951c8d5','demo','2017-03-20 21:19:50','127.0.0.1','200','GET','/v1/auth/main/menu','Id=-1&TypeId=0&_=1490015989951','mas'),('e6d59147-0d54-11e7-964b-a0c58951c8d5','demo','2017-03-20 18:06:35','127.0.0.1','200','GET','/v1/auth/index/entry','Id=0100000000&_=1490004394070','mas'),('e6e14ef2-0d54-11e7-964b-a0c58951c8d5','demo','2017-03-20 18:06:36','127.0.0.1','200','GET','/v1/auth/main/menu','Id=0100000000&TypeId=1&_=1490004394071','mas'),('e6e82947-0d6b-11e7-964b-a0c58951c8d5','admin','2017-03-20 20:51:12','127.0.0.1','200','GET','/v1/auth/domain/page','','vertex_root'),('e6f1a683-0d6b-11e7-964b-a0c58951c8d5','admin','2017-03-20 20:51:12','127.0.0.1','200','GET','/v1/auth/domain/get','limit=40&offset=0&order=asc','vertex_root'),('e705609c-0d6f-11e7-964b-a0c58951c8d5','demo','2017-03-20 21:19:50','127.0.0.1','200','GET','/v1/auth/index/entry','Id=1100000000&_=1490015989952','mas'),('e705d4a9-0d6a-11e7-964b-a0c58951c8d5','caadmin','2017-03-20 20:44:03','127.0.0.1','200','POST','/v1/auth/theme/update','','mas'),('e7085725-0d6f-11e7-964b-a0c58951c8d5','demo','2017-03-20 21:19:50','127.0.0.1','200','GET','/v1/auth/main/menu','Id=1100000000&TypeId=1&_=1490015989953','mas'),('e7087076-0d6a-11e7-964b-a0c58951c8d5','caadmin','2017-03-20 20:44:03','127.0.0.1','200','GET','/HomePage','','mas'),('e7273c3e-0d6a-11e7-964b-a0c58951c8d5','caadmin','2017-03-20 20:44:03','127.0.0.1','200','GET','/v1/auth/main/menu','Id=-1&TypeId=0&_=1490013843419','mas'),('e76f8bed-0d54-11e7-964b-a0c58951c8d5','demo','2017-03-20 18:06:36','127.0.0.1','200','GET','/v1/auth/domain/page','','mas'),('e77b2c72-0d54-11e7-964b-a0c58951c8d5','demo','2017-03-20 18:06:37','127.0.0.1','200','GET','/v1/auth/domain/get','limit=40&offset=0&order=asc','mas'),('e7d461c7-0d6f-11e7-964b-a0c58951c8d5','demo','2017-03-20 21:19:52','127.0.0.1','200','GET','/v1/help/system/help','','mas'),('e7ef2c1c-0d6a-11e7-964b-a0c58951c8d5','caadmin','2017-03-20 20:44:04','127.0.0.1','200','GET','/v1/auth/user/query','','mas'),('e87cf6e9-0d6b-11e7-964b-a0c58951c8d5','admin','2017-03-20 20:51:15','127.0.0.1','200','GET','/v1/auth/resource/page','_=1490014270888','vertex_root'),('e8809994-0d6b-11e7-964b-a0c58951c8d5','admin','2017-03-20 20:51:15','127.0.0.1','200','GET','/v1/auth/resource/get','','vertex_root'),('e8ed74e5-0d54-11e7-964b-a0c58951c8d5','demo','2017-03-20 18:06:39','127.0.0.1','200','GET','/v1/auth/user/page','_=1490004394073','mas'),('e8f57465-0d54-11e7-964b-a0c58951c8d5','demo','2017-03-20 18:06:39','127.0.0.1','200','GET','/v1/auth/domain/owner','','mas'),('e8f95b03-0d54-11e7-964b-a0c58951c8d5','demo','2017-03-20 18:06:39','127.0.0.1','200','GET','/v1/auth/domain/id','','mas'),('e8ff332d-0d54-11e7-964b-a0c58951c8d5','demo','2017-03-20 18:06:39','127.0.0.1','200','GET','/v1/auth/resource/org/get','domain_id=mas','mas'),('e900e354-0d50-11e7-964b-a0c58951c8d5','demo','2017-03-20 17:38:01','127.0.0.1','200','GET','/v1/auth/index/entry','Id=0100000000&_=1490002672081','mas'),('e9037dd4-0d54-11e7-964b-a0c58951c8d5','demo','2017-03-20 18:06:39','127.0.0.1','200','GET','/v1/auth/user/get','domain_id=mas&limit=10&offset=0&order=asc','mas'),('e908003e-0d54-11e7-964b-a0c58951c8d5','demo','2017-03-20 18:06:39','127.0.0.1','200','GET','/v1/auth/user/get','domain_id=mas&limit=10&offset=0&order=asc','mas'),('e90941c3-0d50-11e7-964b-a0c58951c8d5','demo','2017-03-20 17:38:01','127.0.0.1','200','GET','/v1/auth/main/menu','Id=0100000000&TypeId=1&_=1490002672082','mas'),('e99fcc61-0d6f-11e7-964b-a0c58951c8d5','demo','2017-03-20 21:19:55','127.0.0.1','200','GET','/HomePage','','mas'),('e9bf0d2d-0d6a-11e7-964b-a0c58951c8d5','caadmin','2017-03-20 20:44:07','127.0.0.1','200','GET','/logout','','mas'),('e9bf2943-0d6f-11e7-964b-a0c58951c8d5','demo','2017-03-20 21:19:55','127.0.0.1','200','GET','/v1/auth/main/menu','Id=-1&TypeId=0&_=1490015995248','mas'),('e9c0ef4f-0d6a-11e7-964b-a0c58951c8d5','dev','2017-03-20 20:44:07','127.0.0.1','200','GET','/','','dev'),('e9f64018-0d50-11e7-964b-a0c58951c8d5','demo','2017-03-20 17:38:03','127.0.0.1','200','GET','/v1/auth/HandleLogsPage','_=1490002672083','mas'),('e9ff7a7a-0d50-11e7-964b-a0c58951c8d5','demo','2017-03-20 17:38:03','127.0.0.1','200','GET','/v1/auth/handle/logs','limit=80&offset=0&order=asc','mas'),('ea2d235c-0d6f-11e7-964b-a0c58951c8d5','demo','2017-03-20 21:19:56','127.0.0.1','200','GET','/v1/auth/index/entry','Id=0100000000&_=1490015995249','mas'),('ea344921-0d6f-11e7-964b-a0c58951c8d5','demo','2017-03-20 21:19:56','127.0.0.1','200','GET','/v1/auth/main/menu','Id=0100000000&TypeId=1&_=1490015995250','mas'),('ea45654e-0d33-11e7-9c4f-a0c58951c8d5','demo','2017-03-20 14:10:25','127.0.0.1','200','GET','/v1/auth/domain/share/page','_=1489989815717&domain_id=vertex_root','mas'),('ea4bd49b-0d33-11e7-9c4f-a0c58951c8d5','demo','2017-03-20 14:10:26','127.0.0.1','200','GET','/v1/auth/domain/owner','','mas'),('ea4e4aa3-0d33-11e7-9c4f-a0c58951c8d5','demo','2017-03-20 14:10:26','127.0.0.1','200','GET','/v1/auth/domain/share/get','domain_id=vertex_root&limit=10&offset=0&order=asc','mas'),('eab4ef87-0d6f-11e7-964b-a0c58951c8d5','demo','2017-03-20 21:19:56','127.0.0.1','200','GET','/v1/auth/domain/page','','mas'),('eabb04ed-0d6f-11e7-964b-a0c58951c8d5','demo','2017-03-20 21:19:56','127.0.0.1','200','GET','/v1/auth/domain/get','limit=40&offset=0&order=asc','mas'),('eb4c9ca9-0d67-11e7-964b-a0c58951c8d5','caadmin','2017-03-20 20:22:41','127.0.0.1','200','GET','/HomePage','','mas'),('eb7c3de5-0d67-11e7-964b-a0c58951c8d5','caadmin','2017-03-20 20:22:42','127.0.0.1','200','GET','/v1/auth/main/menu','Id=-1&TypeId=0&_=1490012562141','mas'),('ec51e807-0d67-11e7-964b-a0c58951c8d5','caadmin','2017-03-20 20:22:43','127.0.0.1','200','GET','/v1/auth/user/query','','mas'),('ec5a7ce1-0d6f-11e7-964b-a0c58951c8d5','demo','2017-03-20 21:19:59','127.0.0.1','200','GET','/v1/auth/user/page','_=1490015995252','mas'),('ec5e1554-0d6f-11e7-964b-a0c58951c8d5','demo','2017-03-20 21:19:59','127.0.0.1','200','GET','/v1/auth/domain/owner','','mas'),('ec61ff83-0d6f-11e7-964b-a0c58951c8d5','demo','2017-03-20 21:19:59','127.0.0.1','200','GET','/v1/auth/domain/id','','mas'),('ec660669-0d6f-11e7-964b-a0c58951c8d5','demo','2017-03-20 21:19:59','127.0.0.1','200','GET','/v1/auth/resource/org/get','domain_id=mas','mas'),('ec6b13f6-0d6f-11e7-964b-a0c58951c8d5','demo','2017-03-20 21:19:59','127.0.0.1','200','GET','/v1/auth/user/get','domain_id=mas&limit=10&offset=0&order=asc','mas'),('ec6dc061-0d6f-11e7-964b-a0c58951c8d5','demo','2017-03-20 21:19:59','127.0.0.1','200','GET','/v1/auth/user/get','domain_id=mas&limit=10&offset=0&order=asc','mas'),('ec7b5cd4-0d56-11e7-964b-a0c58951c8d5','admin','2017-03-20 18:21:04','127.0.0.1','200','GET','/HomePage','','vertex_root'),('ec941758-0d6a-11e7-964b-a0c58951c8d5','dev','2017-03-20 20:44:12','127.0.0.1','200','POST','/login','password=123456&username=caadmin','dev'),('ec960e94-0d6a-11e7-964b-a0c58951c8d5','caadmin','2017-03-20 20:44:12','127.0.0.1','200','GET','/HomePage','','mas'),('eca77fbe-0d56-11e7-964b-a0c58951c8d5','admin','2017-03-20 18:21:04','127.0.0.1','200','GET','/v1/auth/main/menu','Id=-1&TypeId=0&_=1490005264569','vertex_root'),('ecb1ddf6-0d54-11e7-964b-a0c58951c8d5','demo','2017-03-20 18:06:45','127.0.0.1','200','GET','/v1/auth/resource/org/page','_=1490004394074','mas'),('ecb22e72-0d6a-11e7-964b-a0c58951c8d5','caadmin','2017-03-20 20:44:12','127.0.0.1','200','GET','/v1/auth/main/menu','Id=-1&TypeId=0&_=1490013852727','mas'),('ecb6048b-0d54-11e7-964b-a0c58951c8d5','demo','2017-03-20 18:06:45','127.0.0.1','200','GET','/v1/auth/domain/owner','','mas'),('ecb85a8f-0d54-11e7-964b-a0c58951c8d5','demo','2017-03-20 18:06:45','127.0.0.1','200','GET','/v1/auth/domain/id','','mas'),('ecbbda2d-0d54-11e7-964b-a0c58951c8d5','demo','2017-03-20 18:06:45','127.0.0.1','200','GET','/v1/auth/resource/org/get','domain_id=mas','mas'),('ecbbfb4f-0d54-11e7-964b-a0c58951c8d5','demo','2017-03-20 18:06:45','127.0.0.1','200','GET','/v1/auth/resource/org/get','domain_id=mas','mas'),('ecc0fc29-0d54-11e7-964b-a0c58951c8d5','demo','2017-03-20 18:06:45','127.0.0.1','200','GET','/v1/auth/resource/org/get','domain_id=mas&limit=10&offset=0&order=asc','mas'),('ecc5aba1-0d54-11e7-964b-a0c58951c8d5','demo','2017-03-20 18:06:45','127.0.0.1','200','GET','/v1/auth/resource/org/get','domain_id=mas&limit=10&offset=0&order=asc','mas'),('ecc69ebe-0d54-11e7-964b-a0c58951c8d5','demo','2017-03-20 18:06:45','127.0.0.1','200','GET','/v1/auth/resource/org/get','domain_id=mas&limit=10&offset=0&order=asc','mas'),('ed1ef9ba-0d56-11e7-964b-a0c58951c8d5','admin','2017-03-20 18:21:05','127.0.0.1','200','GET','/v1/auth/index/entry','Id=0100000000&_=1490005264570','vertex_root'),('ed270425-0d56-11e7-964b-a0c58951c8d5','admin','2017-03-20 18:21:05','127.0.0.1','200','GET','/v1/auth/main/menu','Id=0100000000&TypeId=1&_=1490005264571','vertex_root'),('ed730976-0d56-11e7-964b-a0c58951c8d5','admin','2017-03-20 18:21:06','127.0.0.1','200','GET','/v1/auth/domain/page','','vertex_root'),('ed7a98b6-0d56-11e7-964b-a0c58951c8d5','admin','2017-03-20 18:21:06','127.0.0.1','200','GET','/v1/auth/domain/get','limit=40&offset=0&order=asc','vertex_root'),('eda0cbc7-0d6a-11e7-964b-a0c58951c8d5','caadmin','2017-03-20 20:44:14','127.0.0.1','200','GET','/HomePage','','mas'),('edafcee5-0d6f-11e7-964b-a0c58951c8d5','demo','2017-03-20 21:20:01','127.0.0.1','200','GET','/v1/auth/role/page','_=1490015995253','mas'),('edb2e3c7-0d6f-11e7-964b-a0c58951c8d5','demo','2017-03-20 21:20:01','127.0.0.1','200','GET','/v1/auth/domain/owner','','mas'),('edb64021-0d6f-11e7-964b-a0c58951c8d5','demo','2017-03-20 21:20:01','127.0.0.1','200','GET','/v1/auth/role/get','domain_id=&limit=10&offset=0&order=asc','mas'),('edb7ddcb-0d6f-11e7-964b-a0c58951c8d5','demo','2017-03-20 21:20:01','127.0.0.1','200','GET','/v1/auth/domain/id','','mas'),('edbda6ad-0d6a-11e7-964b-a0c58951c8d5','caadmin','2017-03-20 20:44:14','127.0.0.1','200','GET','/v1/auth/main/menu','Id=-1&TypeId=0&_=1490013854477','mas'),('edbe26a1-0d6f-11e7-964b-a0c58951c8d5','demo','2017-03-20 21:20:02','127.0.0.1','200','GET','/v1/auth/role/get','domain_id=mas&limit=10&offset=0&order=asc','mas'),('eee67ff2-0d6f-11e7-964b-a0c58951c8d5','demo','2017-03-20 21:20:03','127.0.0.1','200','GET','/v1/auth/user/page','_=1490015995254','mas'),('eee96eb2-0d6f-11e7-964b-a0c58951c8d5','demo','2017-03-20 21:20:03','127.0.0.1','200','GET','/v1/auth/domain/owner','','mas'),('eeeba298-0d52-11e7-964b-a0c58951c8d5','caadmin','2017-03-20 17:52:30','127.0.0.1','200','GET','/logout','','mas'),('eeec01a5-0d6f-11e7-964b-a0c58951c8d5','demo','2017-03-20 21:20:03','127.0.0.1','200','GET','/v1/auth/domain/id','','mas'),('eeedfbf6-0d52-11e7-964b-a0c58951c8d5','dev','2017-03-20 17:52:30','127.0.0.1','200','GET','/','','dev'),('eeee7fcf-0d6f-11e7-964b-a0c58951c8d5','demo','2017-03-20 21:20:04','127.0.0.1','200','GET','/v1/auth/resource/org/get','domain_id=mas','mas'),('eef31921-0d6f-11e7-964b-a0c58951c8d5','demo','2017-03-20 21:20:04','127.0.0.1','200','GET','/v1/auth/user/get','domain_id=mas&limit=10&offset=0&order=asc','mas'),('eef72ef2-0d6f-11e7-964b-a0c58951c8d5','demo','2017-03-20 21:20:04','127.0.0.1','200','GET','/v1/auth/user/get','domain_id=mas&limit=10&offset=0&order=asc','mas'),('f01b9d9b-0d33-11e7-9c4f-a0c58951c8d5','demo','2017-03-20 14:10:35','127.0.0.1','200','GET','/HomePage','','mas'),('f047a45c-0d6f-11e7-964b-a0c58951c8d5','demo','2017-03-20 21:20:06','127.0.0.1','200','GET','/v1/auth/user/page','_=1490015995255','mas'),('f04986ed-0d6f-11e7-964b-a0c58951c8d5','demo','2017-03-20 21:20:06','127.0.0.1','200','GET','/v1/auth/domain/owner','','mas'),('f04b7087-0d6f-11e7-964b-a0c58951c8d5','demo','2017-03-20 21:20:06','127.0.0.1','200','GET','/v1/auth/domain/id','','mas'),('f04ea1e9-0d6f-11e7-964b-a0c58951c8d5','demo','2017-03-20 21:20:06','127.0.0.1','200','GET','/v1/auth/resource/org/get','domain_id=mas','mas'),('f052c765-0d6f-11e7-964b-a0c58951c8d5','demo','2017-03-20 21:20:06','127.0.0.1','200','GET','/v1/auth/user/get','domain_id=mas&limit=10&offset=0&order=asc','mas'),('f054fcb2-0d6f-11e7-964b-a0c58951c8d5','demo','2017-03-20 21:20:06','127.0.0.1','200','GET','/v1/auth/user/get','domain_id=mas&limit=10&offset=0&order=asc','mas'),('f075f36d-0d6b-11e7-964b-a0c58951c8d5','admin','2017-03-20 20:51:28','127.0.0.1','200','GET','/v1/auth/resource/queryTheme','res_id=0105010000&theme_id=1001','vertex_root'),('f075fb1c-0d6b-11e7-964b-a0c58951c8d5','admin','2017-03-20 20:51:28','127.0.0.1','200','GET','/v1/auth/resource/query','res_id=0105010000','vertex_root'),('f07784f0-0d33-11e7-9c4f-a0c58951c8d5','demo','2017-03-20 14:10:36','127.0.0.1','200','GET','/v1/auth/main/menu','Id=-1&TypeId=0&_=1489990236261','mas'),('f0d17e4f-0d56-11e7-964b-a0c58951c8d5','admin','2017-03-20 18:21:11','127.0.0.1','200','GET','/v1/auth/resource/org/page','_=1490005264573','vertex_root'),('f0d6550f-0d56-11e7-964b-a0c58951c8d5','admin','2017-03-20 18:21:11','127.0.0.1','200','GET','/v1/auth/domain/owner','','vertex_root'),('f0d9c987-0d56-11e7-964b-a0c58951c8d5','admin','2017-03-20 18:21:11','127.0.0.1','200','GET','/v1/auth/domain/id','','vertex_root'),('f0dd0e7e-0d56-11e7-964b-a0c58951c8d5','admin','2017-03-20 18:21:11','127.0.0.1','200','GET','/v1/auth/resource/org/get','domain_id=vertex_root','vertex_root'),('f0deda94-0d56-11e7-964b-a0c58951c8d5','admin','2017-03-20 18:21:11','127.0.0.1','200','GET','/v1/auth/resource/org/get','domain_id=vertex_root','vertex_root'),('f0e2d1a1-0d56-11e7-964b-a0c58951c8d5','admin','2017-03-20 18:21:11','127.0.0.1','200','GET','/v1/auth/resource/org/get','domain_id=vertex_root&limit=10&offset=0&order=asc','vertex_root'),('f0e55307-0d56-11e7-964b-a0c58951c8d5','admin','2017-03-20 18:21:11','127.0.0.1','200','GET','/v1/auth/resource/org/get','domain_id=vertex_root&limit=10&offset=0&order=asc','vertex_root'),('f0e6c53e-0d56-11e7-964b-a0c58951c8d5','admin','2017-03-20 18:21:11','127.0.0.1','200','GET','/v1/auth/resource/org/get','domain_id=vertex_root&limit=10&offset=0&order=asc','vertex_root'),('f1c961b2-0d51-11e7-964b-a0c58951c8d5','admin','2017-03-20 17:45:25','127.0.0.1','200','GET','/logout','','vertex_root'),('f1cb79be-0d51-11e7-964b-a0c58951c8d5','dev','2017-03-20 17:45:25','127.0.0.1','200','GET','/','','dev'),('f1e273a1-0d6f-11e7-964b-a0c58951c8d5','demo','2017-03-20 21:20:08','127.0.0.1','200','GET','/v1/auth/user/page','_=1490015995256','mas'),('f1e5d621-0d6f-11e7-964b-a0c58951c8d5','demo','2017-03-20 21:20:08','127.0.0.1','200','GET','/v1/auth/domain/owner','','mas'),('f1e7b2fe-0d6f-11e7-964b-a0c58951c8d5','demo','2017-03-20 21:20:08','127.0.0.1','200','GET','/v1/auth/domain/id','','mas'),('f1eb2e07-0d6f-11e7-964b-a0c58951c8d5','demo','2017-03-20 21:20:09','127.0.0.1','200','GET','/v1/auth/resource/org/get','domain_id=mas','mas'),('f1eeb629-0d6f-11e7-964b-a0c58951c8d5','demo','2017-03-20 21:20:09','127.0.0.1','200','GET','/v1/auth/user/get','domain_id=mas&limit=10&offset=0&order=asc','mas'),('f1f312c7-0d6f-11e7-964b-a0c58951c8d5','demo','2017-03-20 21:20:09','127.0.0.1','200','GET','/v1/auth/user/get','domain_id=mas&limit=10&offset=0&order=asc','mas'),('f2d1995b-0d32-11e7-9c4f-a0c58951c8d5','admin','2017-03-20 14:03:30','127.0.0.1','200','GET','/','','vertex_root'),('f3cdc4fe-0d6f-11e7-964b-a0c58951c8d5','demo','2017-03-20 21:20:12','127.0.0.1','200','GET','/v1/auth/user/page','_=1490015995257','mas'),('f3d24061-0d6f-11e7-964b-a0c58951c8d5','demo','2017-03-20 21:20:12','127.0.0.1','200','GET','/v1/auth/domain/owner','','mas'),('f3d45072-0d6f-11e7-964b-a0c58951c8d5','demo','2017-03-20 21:20:12','127.0.0.1','200','GET','/v1/auth/domain/id','','mas'),('f3d74a47-0d6f-11e7-964b-a0c58951c8d5','demo','2017-03-20 21:20:12','127.0.0.1','200','GET','/v1/auth/resource/org/get','domain_id=mas','mas'),('f3dbfcb2-0d6f-11e7-964b-a0c58951c8d5','demo','2017-03-20 21:20:12','127.0.0.1','200','GET','/v1/auth/user/get','domain_id=mas&limit=10&offset=0&order=asc','mas'),('f3dfc66d-0d6f-11e7-964b-a0c58951c8d5','demo','2017-03-20 21:20:12','127.0.0.1','200','GET','/v1/auth/user/get','domain_id=mas&limit=10&offset=0&order=asc','mas'),('f466db2d-0d51-11e7-964b-a0c58951c8d5','dev','2017-03-20 17:45:30','127.0.0.1','200','POST','/login','password=123456&username=caadmin','dev'),('f468d9b6-0d51-11e7-964b-a0c58951c8d5','caadmin','2017-03-20 17:45:30','127.0.0.1','200','GET','/HomePage','','mas'),('f4891f7a-0d51-11e7-964b-a0c58951c8d5','caadmin','2017-03-20 17:45:30','127.0.0.1','200','GET','/v1/auth/main/menu','Id=-1&TypeId=0&_=1490003130354','mas'),('f53e4a03-0d6b-11e7-964b-a0c58951c8d5','admin','2017-03-20 20:51:36','127.0.0.1','200','GET','/v1/auth/resource/queryTheme','res_id=0105010100&theme_id=1001','vertex_root'),('f53edc61-0d6b-11e7-964b-a0c58951c8d5','admin','2017-03-20 20:51:36','127.0.0.1','200','GET','/v1/auth/resource/query','res_id=0105010100','vertex_root'),('f59c2d6c-0d32-11e7-9c4f-a0c58951c8d5','admin','2017-03-20 14:03:35','127.0.0.1','200','POST','/login','password=123456&username=demo','vertex_root'),('f59e2cf9-0d32-11e7-9c4f-a0c58951c8d5','demo','2017-03-20 14:03:35','127.0.0.1','200','GET','/HomePage','','mas'),('f5c17ed4-0d6f-11e7-964b-a0c58951c8d5','demo','2017-03-20 21:20:15','127.0.0.1','200','GET','/v1/auth/user/page','_=1490015995258','mas'),('f5c4fdad-0d6f-11e7-964b-a0c58951c8d5','demo','2017-03-20 21:20:15','127.0.0.1','200','GET','/v1/auth/domain/owner','','mas'),('f5c7bd83-0d6f-11e7-964b-a0c58951c8d5','demo','2017-03-20 21:20:15','127.0.0.1','200','GET','/v1/auth/domain/id','','mas'),('f5ca7758-0d6f-11e7-964b-a0c58951c8d5','demo','2017-03-20 21:20:15','127.0.0.1','200','GET','/v1/auth/resource/org/get','domain_id=mas','mas'),('f5ca951f-0d32-11e7-9c4f-a0c58951c8d5','demo','2017-03-20 14:03:35','127.0.0.1','200','GET','/v1/auth/main/menu','Id=-1&TypeId=0&_=1489989815708','mas'),('f5cfad21-0d6b-11e7-964b-a0c58951c8d5','admin','2017-03-20 20:51:37','127.0.0.1','200','GET','/v1/auth/resource/query','res_id=0105010000','vertex_root'),('f5cfbc7a-0d6b-11e7-964b-a0c58951c8d5','admin','2017-03-20 20:51:37','127.0.0.1','200','GET','/v1/auth/resource/queryTheme','res_id=0105010000&theme_id=1001','vertex_root'),('f5d024a9-0d6f-11e7-964b-a0c58951c8d5','demo','2017-03-20 21:20:15','127.0.0.1','200','GET','/v1/auth/user/get','domain_id=mas&limit=10&offset=0&order=asc','mas'),('f5d32832-0d6f-11e7-964b-a0c58951c8d5','demo','2017-03-20 21:20:15','127.0.0.1','200','GET','/v1/auth/user/get','domain_id=mas&limit=10&offset=0&order=asc','mas'),('f64048b4-0d32-11e7-9c4f-a0c58951c8d5','demo','2017-03-20 14:03:36','127.0.0.1','200','GET','/v1/auth/index/entry','Id=0100000000&_=1489989815709','mas'),('f649032c-0d32-11e7-9c4f-a0c58951c8d5','demo','2017-03-20 14:03:36','127.0.0.1','200','GET','/v1/auth/main/menu','Id=0100000000&TypeId=1&_=1489989815710','mas'),('f67a5ffa-0d55-11e7-964b-a0c58951c8d5','caadmin','2017-03-20 18:14:11','127.0.0.1','200','GET','/HomePage','','mas'),('f68290a5-0d52-11e7-964b-a0c58951c8d5','dev','2017-03-20 17:52:43','127.0.0.1','200','GET','/','','dev'),('f69228fd-0d32-11e7-9c4f-a0c58951c8d5','demo','2017-03-20 14:03:37','127.0.0.1','200','GET','/v1/auth/domain/page','','mas'),('f69baedf-0d32-11e7-9c4f-a0c58951c8d5','demo','2017-03-20 14:03:37','127.0.0.1','200','GET','/v1/auth/domain/get','limit=40&offset=0&order=asc','mas'),('f6a61e0f-0d55-11e7-964b-a0c58951c8d5','caadmin','2017-03-20 18:14:11','127.0.0.1','200','GET','/v1/auth/main/menu','Id=-1&TypeId=0&_=1490004851846','mas'),('f73a1225-0d55-11e7-964b-a0c58951c8d5','caadmin','2017-03-20 18:14:12','127.0.0.1','200','GET','/v1/auth/index/entry','Id=0200000000&_=1490004851847','mas'),('f7408a58-0d55-11e7-964b-a0c58951c8d5','caadmin','2017-03-20 18:14:12','127.0.0.1','200','GET','/v1/auth/main/menu','Id=0200000000&TypeId=1&_=1490004851848','mas'),('f74fac03-0d6f-11e7-964b-a0c58951c8d5','demo','2017-03-20 21:20:18','127.0.0.1','200','GET','/HomePage','','mas'),('f770ae36-0d6f-11e7-964b-a0c58951c8d5','demo','2017-03-20 21:20:18','127.0.0.1','200','GET','/v1/auth/main/menu','Id=-1&TypeId=0&_=1490016018220','mas'),('f7b3c598-0d55-11e7-964b-a0c58951c8d5','caadmin','2017-03-20 18:14:13','127.0.0.1','200','GET','/v1/ca/responsibility/page','','mas'),('f7b85a0b-0d55-11e7-964b-a0c58951c8d5','caadmin','2017-03-20 18:14:13','127.0.0.1','200','GET','/v1/auth/domain/owner','','mas'),('f7bb97cb-0d55-11e7-964b-a0c58951c8d5','caadmin','2017-03-20 18:14:13','127.0.0.1','200','GET','/v1/auth/domain/id','','mas'),('f7bf2a2d-0d55-11e7-964b-a0c58951c8d5','caadmin','2017-03-20 18:14:13','127.0.0.1','403','GET','/v1/auth/resource/org/get','domain_id=mas','mas'),('f7bffecb-0d55-11e7-964b-a0c58951c8d5','caadmin','2017-03-20 18:14:13','127.0.0.1','403','GET','/v1/auth/resource/org/get','domain_id=mas','mas'),('f7c582ad-0d55-11e7-964b-a0c58951c8d5','caadmin','2017-03-20 18:14:13','127.0.0.1','403','GET','/v1/auth/resource/org/get','domain_id=mas&limit=10&offset=0&order=asc','mas'),('f8081de1-0d6f-11e7-964b-a0c58951c8d5','demo','2017-03-20 21:20:19','127.0.0.1','200','GET','/v1/auth/index/entry','Id=0100000000&_=1490016018221','mas'),('f80f80ba-0d6f-11e7-964b-a0c58951c8d5','demo','2017-03-20 21:20:19','127.0.0.1','200','GET','/v1/auth/main/menu','Id=0100000000&TypeId=1&_=1490016018222','mas'),('f85a9328-0d32-11e7-9c4f-a0c58951c8d5','demo','2017-03-20 14:03:40','127.0.0.1','200','GET','/v1/auth/domain/share/page','_=1489989815712&domain_id=vertex_root','mas'),('f85e478e-0d32-11e7-9c4f-a0c58951c8d5','demo','2017-03-20 14:03:40','127.0.0.1','200','GET','/v1/auth/domain/owner','','mas'),('f860db1b-0d32-11e7-9c4f-a0c58951c8d5','demo','2017-03-20 14:03:40','127.0.0.1','200','GET','/v1/auth/domain/share/get','domain_id=vertex_root&limit=10&offset=0&order=asc','mas'),('f87cdc7a-0d67-11e7-964b-a0c58951c8d5','caadmin','2017-03-20 20:23:04','127.0.0.1','200','GET','/HomePage','','mas'),('f89796b2-0d6f-11e7-964b-a0c58951c8d5','demo','2017-03-20 21:20:20','127.0.0.1','200','GET','/v1/auth/domain/page','','mas'),('f89d2f8f-0d6f-11e7-964b-a0c58951c8d5','demo','2017-03-20 21:20:20','127.0.0.1','200','GET','/v1/auth/domain/get','limit=40&offset=0&order=asc','mas'),('f8a9c383-0d67-11e7-964b-a0c58951c8d5','caadmin','2017-03-20 20:23:04','127.0.0.1','200','GET','/v1/auth/main/menu','Id=-1&TypeId=0&_=1490012584255','mas'),('f8efb2e9-0d52-11e7-964b-a0c58951c8d5','dev','2017-03-20 17:52:47','127.0.0.1','200','POST','/login','password=123456&username=demo','dev'),('f8f2a0c7-0d52-11e7-964b-a0c58951c8d5','demo','2017-03-20 17:52:47','127.0.0.1','200','GET','/HomePage','','mas'),('f932f118-0d52-11e7-964b-a0c58951c8d5','demo','2017-03-20 17:52:47','127.0.0.1','200','GET','/v1/auth/main/menu','Id=-1&TypeId=0&_=1490003567628','mas'),('f948e4a1-0d55-11e7-964b-a0c58951c8d5','caadmin','2017-03-20 18:14:16','127.0.0.1','200','GET','/v1/ca/cost/direction/page','','mas'),('f94eab7e-0d55-11e7-964b-a0c58951c8d5','caadmin','2017-03-20 18:14:16','127.0.0.1','200','GET','/v1/auth/domain/owner','','mas'),('f957b047-0d67-11e7-964b-a0c58951c8d5','caadmin','2017-03-20 20:23:05','127.0.0.1','200','GET','/v1/auth/user/query','','mas'),('f999a361-0d6f-11e7-964b-a0c58951c8d5','demo','2017-03-20 21:20:21','127.0.0.1','420','GET','/v1/auth/domain/share/page','_=1490016018224&domain_id=vertex_root','mas'),('fa44980b-0d6f-11e7-964b-a0c58951c8d5','demo','2017-03-20 21:20:23','127.0.0.1','420','GET','/v1/auth/domain/share/page','_=1490016018225&domain_id=test','mas'),('fb13841c-0d52-11e7-964b-a0c58951c8d5','demo','2017-03-20 17:52:50','127.0.0.1','200','GET','/logout','','mas'),('fb169772-0d52-11e7-964b-a0c58951c8d5','dev','2017-03-20 17:52:50','127.0.0.1','200','GET','/','','dev'),('fb2a9203-0d6f-11e7-964b-a0c58951c8d5','demo','2017-03-20 21:20:24','127.0.0.1','200','GET','/v1/auth/domain/share/page','_=1490016018226&domain_id=mas','mas'),('fb2cf77a-0d6f-11e7-964b-a0c58951c8d5','demo','2017-03-20 21:20:24','127.0.0.1','200','GET','/v1/auth/domain/owner','','mas'),('fb2fcdb2-0d6f-11e7-964b-a0c58951c8d5','demo','2017-03-20 21:20:24','127.0.0.1','200','GET','/v1/auth/domain/share/get','domain_id=mas&limit=10&offset=0&order=asc','mas'),('fb32a9be-0d6f-11e7-964b-a0c58951c8d5','demo','2017-03-20 21:20:24','127.0.0.1','200','GET','/v1/auth/domain/row/details','domain_id=mas','mas'),('fb32f7e1-0d6f-11e7-964b-a0c58951c8d5','demo','2017-03-20 21:20:24','127.0.0.1','200','GET','/v1/auth/domain/share/get','domain_id=mas','mas'),('fb8ffb4f-0d54-11e7-964b-a0c58951c8d5','demo','2017-03-20 18:07:10','127.0.0.1','200','GET','/HomePage','','mas'),('fbf4e529-0d54-11e7-964b-a0c58951c8d5','demo','2017-03-20 18:07:11','127.0.0.1','200','GET','/v1/auth/main/menu','Id=-1&TypeId=0&_=1490004431213','mas'),('fc3acee5-0d54-11e7-964b-a0c58951c8d5','demo','2017-03-20 18:07:11','127.0.0.1','200','GET','/v1/auth/index/entry','Id=0100000000&_=1490004431214','mas'),('fc439583-0d54-11e7-964b-a0c58951c8d5','demo','2017-03-20 18:07:11','127.0.0.1','200','GET','/v1/auth/main/menu','Id=0100000000&TypeId=1&_=1490004431215','mas'),('fc802b18-0d54-11e7-964b-a0c58951c8d5','demo','2017-03-20 18:07:12','127.0.0.1','200','GET','/v1/auth/domain/page','','mas'),('fc8db2be-0d54-11e7-964b-a0c58951c8d5','demo','2017-03-20 18:07:12','127.0.0.1','200','GET','/v1/auth/domain/get','limit=40&offset=0&order=asc','mas'),('fd56b01b-0d34-11e7-9c4f-a0c58951c8d5','demo','2017-03-20 14:18:07','127.0.0.1','200','GET','/HomePage','','mas'),('fd9cef2c-0d34-11e7-9c4f-a0c58951c8d5','demo','2017-03-20 14:18:07','127.0.0.1','200','GET','/v1/auth/main/menu','Id=-1&TypeId=0&_=1489990687818','mas'),('fdaac7cb-0d67-11e7-964b-a0c58951c8d5','caadmin','2017-03-20 20:23:12','127.0.0.1','200','GET','/v1/auth/user/query','','mas'),('fdf5d121-0d54-11e7-964b-a0c58951c8d5','demo','2017-03-20 18:07:14','127.0.0.1','200','GET','/v1/auth/user/page','_=1490004431217','mas'),('fdfd8114-0d54-11e7-964b-a0c58951c8d5','demo','2017-03-20 18:07:14','127.0.0.1','200','GET','/v1/auth/domain/owner','','mas'),('fdff1bc7-0d54-11e7-964b-a0c58951c8d5','demo','2017-03-20 18:07:14','127.0.0.1','200','GET','/v1/auth/domain/id','','mas'),('fe047098-0d54-11e7-964b-a0c58951c8d5','demo','2017-03-20 18:07:14','127.0.0.1','200','GET','/v1/auth/resource/org/get','domain_id=mas','mas'),('fe07f087-0d54-11e7-964b-a0c58951c8d5','demo','2017-03-20 18:07:14','127.0.0.1','200','GET','/v1/auth/user/get','domain_id=mas&limit=10&offset=0&order=asc','mas'),('fe0dfab6-0d54-11e7-964b-a0c58951c8d5','demo','2017-03-20 18:07:14','127.0.0.1','200','GET','/v1/auth/user/get','domain_id=mas&limit=10&offset=0&order=asc','mas'),('fe1b5e4a-0d34-11e7-9c4f-a0c58951c8d5','demo','2017-03-20 14:18:08','127.0.0.1','200','GET','/v1/auth/index/entry','Id=0100000000&_=1489990687819','mas'),('fe235b52-0d34-11e7-9c4f-a0c58951c8d5','demo','2017-03-20 14:18:08','127.0.0.1','200','GET','/v1/auth/main/menu','Id=0100000000&TypeId=1&_=1489990687820','mas'),('febd5cc1-0d34-11e7-9c4f-a0c58951c8d5','demo','2017-03-20 14:18:09','127.0.0.1','200','GET','/v1/auth/domain/page','','mas'),('fec467ec-0d34-11e7-9c4f-a0c58951c8d5','demo','2017-03-20 14:18:09','127.0.0.1','200','GET','/v1/auth/domain/get','limit=40&offset=0&order=asc','mas'),('ff644a05-0d34-11e7-9c4f-a0c58951c8d5','demo','2017-03-20 14:18:10','127.0.0.1','420','GET','/v1/auth/domain/share/page','_=1489990687822&domain_id=vertex_root','mas');
/*!40000 ALTER TABLE `sys_handle_logs` ENABLE KEYS */;
UNLOCK TABLES;

--
-- Table structure for table `sys_index_page`
--

DROP TABLE IF EXISTS `sys_index_page`;
/*!40101 SET @saved_cs_client     = @@character_set_client */;
/*!40101 SET character_set_client = utf8 */;
CREATE TABLE `sys_index_page` (
  `theme_id` varchar(30) NOT NULL,
  `res_url` varchar(200) DEFAULT NULL,
  PRIMARY KEY (`theme_id`)
) ENGINE=InnoDB DEFAULT CHARSET=utf8;
/*!40101 SET character_set_client = @saved_cs_client */;

--
-- Dumping data for table `sys_index_page`
--

LOCK TABLES `sys_index_page` WRITE;
/*!40000 ALTER TABLE `sys_index_page` DISABLE KEYS */;
INSERT INTO `sys_index_page` VALUES ('1001','./views/hauth/theme/default/index.tpl'),('1004','./views/hauth/theme/cyan/index.tpl');
/*!40000 ALTER TABLE `sys_index_page` ENABLE KEYS */;
UNLOCK TABLES;

--
-- Table structure for table `sys_org_info`
--

DROP TABLE IF EXISTS `sys_org_info`;
/*!40101 SET @saved_cs_client     = @@character_set_client */;
/*!40101 SET character_set_client = utf8 */;
CREATE TABLE `sys_org_info` (
  `org_unit_id` varchar(66) NOT NULL,
  `org_unit_desc` varchar(300) NOT NULL,
  `up_org_id` varchar(66) NOT NULL,
  `org_status_id` char(1) NOT NULL,
  `domain_id` varchar(30) NOT NULL,
  `create_date` date NOT NULL,
  `maintance_date` date NOT NULL,
  `create_user` varchar(30) NOT NULL,
  `maintance_user` varchar(30) NOT NULL,
  `code_number` varchar(66) NOT NULL,
  PRIMARY KEY (`org_unit_id`),
  KEY `FK_REFERENCE_15` (`org_status_id`),
  KEY `pk_sys_org_info_03_idx` (`domain_id`),
  CONSTRAINT `FK_REFERENCE_15` FOREIGN KEY (`org_status_id`) REFERENCES `sys_org_status_attr` (`org_status_id`),
  CONSTRAINT `fk_sys_org_info_01` FOREIGN KEY (`domain_id`) REFERENCES `sys_domain_info` (`domain_id`) ON DELETE NO ACTION ON UPDATE NO ACTION
) ENGINE=InnoDB DEFAULT CHARSET=utf8;
/*!40101 SET character_set_client = @saved_cs_client */;

--
-- Dumping data for table `sys_org_info`
--

LOCK TABLES `sys_org_info` WRITE;
/*!40000 ALTER TABLE `sys_org_info` DISABLE KEYS */;
INSERT INTO `sys_org_info` VALUES ('mas_join_234fda','攀枝花市分行','mas_join_5233454','0','mas','2017-03-14','2017-03-14','admin','admin','234fda'),('mas_join_34124','工商银行','root_vertex_system','0','mas','2017-03-01','2017-03-01','admin','admin','34124'),('mas_join_4321643','自贡市分行','mas_join_5233454','0','mas','2017-03-14','2017-03-14','admin','admin','4321643'),('mas_join_45246543','武汉市分行','mas_join_512345423','0','mas','2017-03-01','2017-03-01','admin','admin','45246543'),('mas_join_4542346','孝感市分行','mas_join_512345423','0','mas','2017-03-01','2017-03-01','admin','admin','4542346'),('mas_join_512345423','湖北省分行','mas_join_34124','0','mas','2017-03-01','2017-03-01','admin','admin','512345423'),('mas_join_5233454','四川省分行','mas_join_34124','0','mas','2017-03-14','2017-03-14','admin','admin','5233454'),('mas_join_aefd','欧洲分行','mas_join_34124','0','mas','2017-03-14','2017-03-14','admin','admin','aefd'),('mas_join_fdafdg','贵州省分行','mas_join_34124','0','mas','2017-03-14','2017-03-14','admin','admin','fdafdg'),('mas_join_fdaga','重庆市分行','mas_join_34124','0','mas','2017-03-14','2017-03-14','admin','admin','fdaga'),('mas_join_fdagqe','宁夏省分行','mas_join_34124','0','mas','2017-03-14','2017-03-14','admin','admin','fdagqe'),('mas_join_fdasfd','上海市分行','mas_join_34124','0','mas','2017-03-14','2017-03-14','admin','admin','fdasfd'),('mas_join_fdsagd','泸州市分行','mas_join_5233454','0','mas','2017-03-14','2017-03-14','admin','admin','fdsagd'),('mas_join_feqhda','海南省分行','mas_join_34124','0','mas','2017-03-14','2017-03-14','admin','admin','feqhda'),('mas_join_ffadg','安徽省分行','mas_join_34124','0','mas','2017-03-14','2017-03-14','admin','admin','ffadg'),('mas_join_fgasdbc','台湾省分行','mas_join_34124','0','mas','2017-03-14','2017-03-14','admin','admin','fgasdbc'),('mas_join_fgasdf','成都市分行','mas_join_5233454','0','mas','2017-03-14','2017-03-14','admin','admin','fgasdf'),('mas_join_fgdasdf','南充市分行','mas_join_5233454','0','mas','2017-03-14','2017-03-14','admin','admin','fgdasdf'),('mas_join_fhadf','香港特别行政区分行','mas_join_34124','0','mas','2017-03-14','2017-03-14','admin','admin','fhadf'),('mas_join_gasdh3','雅安市分行','mas_join_5233454','0','mas','2017-03-14','2017-03-14','admin','admin','gasdh3'),('mas_join_gdsafe','甘孜分行','mas_join_5233454','0','mas','2017-03-14','2017-03-14','admin','admin','gdsafe'),('mas_join_reqggfdas','江西省分行','mas_join_34124','0','mas','2017-03-14','2017-03-14','admin','admin','reqggfdas'),('mas_join_rqreg','北京市分行','mas_join_34124','0','mas','2017-03-14','2017-03-14','admin','admin','rqreg'),('mas_join_trwt','湖南省分行','mas_join_34124','0','mas','2017-03-14','2017-03-14','admin','admin','trwt'),('vertex_root_join_vertex_root','终结者','root_vertex_system','0','vertex_root','2016-01-01','2016-01-01','sys','sys','vertex_root');
/*!40000 ALTER TABLE `sys_org_info` ENABLE KEYS */;
UNLOCK TABLES;

--
-- Table structure for table `sys_org_status_attr`
--

DROP TABLE IF EXISTS `sys_org_status_attr`;
/*!40101 SET @saved_cs_client     = @@character_set_client */;
/*!40101 SET character_set_client = utf8 */;
CREATE TABLE `sys_org_status_attr` (
  `org_status_id` char(1) NOT NULL,
  `org_status_desc` varchar(200) DEFAULT NULL,
  PRIMARY KEY (`org_status_id`)
) ENGINE=InnoDB DEFAULT CHARSET=utf8;
/*!40101 SET character_set_client = @saved_cs_client */;

--
-- Dumping data for table `sys_org_status_attr`
--

LOCK TABLES `sys_org_status_attr` WRITE;
/*!40000 ALTER TABLE `sys_org_status_attr` DISABLE KEYS */;
INSERT INTO `sys_org_status_attr` VALUES ('0','正常'),('1','禁用');
/*!40000 ALTER TABLE `sys_org_status_attr` ENABLE KEYS */;
UNLOCK TABLES;

--
-- Table structure for table `sys_resource_info`
--

DROP TABLE IF EXISTS `sys_resource_info`;
/*!40101 SET @saved_cs_client     = @@character_set_client */;
/*!40101 SET character_set_client = utf8 */;
CREATE TABLE `sys_resource_info` (
  `res_id` varchar(30) NOT NULL,
  `res_name` varchar(300) DEFAULT NULL,
  `res_attr` char(1) DEFAULT NULL,
  `res_up_id` varchar(30) DEFAULT NULL,
  `res_type` char(1) DEFAULT NULL,
  `sys_flag` char(1) DEFAULT NULL,
  PRIMARY KEY (`res_id`),
  KEY `fk_sys_idx_13` (`res_type`),
  KEY `fk_sys_idx_14` (`res_attr`),
  CONSTRAINT `fk_sys_idx_13` FOREIGN KEY (`res_type`) REFERENCES `sys_resource_type_attr` (`res_type`),
  CONSTRAINT `fk_sys_idx_14` FOREIGN KEY (`res_attr`) REFERENCES `sys_resource_info_attr` (`res_attr`)
) ENGINE=InnoDB DEFAULT CHARSET=utf8;
/*!40101 SET character_set_client = @saved_cs_client */;

--
-- Dumping data for table `sys_resource_info`
--

LOCK TABLES `sys_resource_info` WRITE;
/*!40000 ALTER TABLE `sys_resource_info` DISABLE KEYS */;
INSERT INTO `sys_resource_info` VALUES ('0100000000','系统管理','0','-1','0','0'),('0101000000','系统审计','0','0100000000','4','0'),('0101010000','操作查询','1','0101000000','1','0'),('0101010100','查询操作日志','1','0101010000','2',NULL),('0101010200','下载操作日志按钮','1','0101010000','2',NULL),('0101010300','搜索日志信息按钮','1','0101010000','2',NULL),('0103000000','资源管理','0','0100000000','4','0'),('0103010000','菜单','1','0103000000','1','0'),('0103010100','查询资源信息','1','0103010000','2',NULL),('0103010200','新增资源信息按钮','1','0103010000','2',NULL),('0103010300','编辑资源信息按钮','1','0103010000','2',NULL),('0103010400','编辑资源信息按钮','1','0103010000','2',NULL),('0103010500','配置主题信息按钮','1','0103010000','2',NULL),('0103020000','组织','1','0103000000','1','0'),('0103020100','查询组织架构信息','1','0103020000','2',NULL),('0103020200','新增组织架构信息按钮','1','0103020000','2',NULL),('0103020300','更新组织架构信息按钮','1','0103020000','2',NULL),('0103020400','删除组织架构信息按钮','1','0103020000','2',NULL),('0103020500','导出组织架构信息按钮','1','0103020000','2',NULL),('0103030100','查询共享域信息','1','0104010200','2',NULL),('0103030200','新增共享域信息按钮','1','0104010200','2',NULL),('0103030300','删除共享域信息按钮','1','0104010200','2',NULL),('0103030400','更新共享域信息按钮','1','0104010200','2',NULL),('0104010000','域定义','1','0103000000','1','0'),('0104010100','查询域信息','1','0104010000','2',NULL),('0104010200','共享域管理','1','0104010000','2',NULL),('0104010300','编辑域信息按钮','1','0104010000','2',NULL),('0104010400','删除域信息按钮','1','0104010000','2',NULL),('0104010500','新增域信息按钮','1','0104010000','2',NULL),('0105000000','用户与安全管理','0','0100000000','4','0'),('0105010000','用户','1','0105000000','1','0'),('0105010100','查询用户信息','1','0105010000','2',NULL),('0105010200','新增用户信息按钮','1','0105010000','2',NULL),('0105010300','编辑用户信息按钮','1','0105010000','2',NULL),('0105010400','删除用户信息按钮','1','0105010000','2',NULL),('0105010500','修改用户密码按钮','1','0105010000','2',NULL),('0105010600','修改用户状态按钮','1','0105010000','2',NULL),('0105020000','角色','1','0105000000','1','0'),('0105020100','查询角色信息','1','0105020000','2',NULL),('0105020200','新增角色信息按钮','1','0105020000','2',NULL),('0105020300','更新角色信息按钮','1','0105020000','2',NULL),('0105020400','删除角色信息按钮','1','0105020000','2',NULL),('0105020500','角色资源管理','1','0105020000','2',NULL),('0105020510','查询角色资源信息','1','0105020500','2',NULL),('0105020520','修改角色资源信息','1','0105020500','2',NULL),('0105040000','授权','1','0105000000','1','0'),('0105040100','授予权限按钮','1','0105040000','2',NULL),('0105040200','移除权限','1','0105040000','2',NULL),('0200000000','成本分摊','0','-1','0',NULL),('0201000000','维度信息管理','0','0200000000','4',NULL),('0201010000','责任中心','1','0201000000','1',NULL),('0201030000','费用方向','1','0201000000','1',NULL),('0201040000','动因信息','1','0201000000','1',NULL),('0201060000','成本池信息','1','0201000000','1',NULL),('0202000000','规则定义管理','0','0200000000','4',NULL),('0202010000','静态规则配置','1','0202000000','1',NULL),('0202020000','分摊规则','1','0202000000','1',NULL),('0202040000','规则组配置','1','0202000000','1',NULL),('0203000000','批次综合管理','0','0200000000','4',NULL),('0203010000','批次管理','1','0203000000','1',NULL),('0203020000','批次历史信息','1','0203000000','1',NULL),('0203030000','分摊追溯','1','0203000000','1',NULL),('0203040000','费用查询','1','0203000000','1',NULL),('0203050000','动因查询','1','0203000000','1',NULL),('0300000000','内部资金转移定价','0','-1','0',NULL),('0301000000','曲线与规则','0','0300000000','4',NULL),('0301010000','曲线定义','1','0301000000','1',NULL),('0301020000','曲线管理','1','0301000000','1',NULL),('0301050000','定价规则','1','0301000000','1',NULL),('0302000000','调节项管理','0','0300000000','4',NULL),('0302010000','内生性调节项','1','0302000000','1',NULL),('0302020000','政策性调节项','1','0302000000','1',NULL),('0302030000','过滤器配置管理','1','0302000000','1',NULL),('0303000000','批次管理','0','0300000000','4',NULL),('0303010000','单笔试算','1','0303000000','1',NULL),('0303020000','批次配置','1','0303000000','1',NULL),('0303030000','批次历史','1','0303000000','1',NULL),('0400000000','公共维度信息','0','-1','0',NULL),('0401000000','条线信息配置管理','1','0400000000','1',NULL),('0402000000','产品信息配置管理','1','0400000000','1',NULL),('0403000000','科目信息配置管理','1','0400000000','1',NULL),('0404000000','币种信息配置管理','1','0400000000','1',NULL),('1100000000','系统帮助','0','-1','0',NULL),('1101000000','系统管理帮助','0','1100000000','4',NULL),('1101010000','系统维护帮助信息','1','1101000000','1',NULL),('1102000000','管理会计帮助文档','0','1100000000','4',NULL),('1103000000','公共信息帮助','0','1100000000','4',NULL);
/*!40000 ALTER TABLE `sys_resource_info` ENABLE KEYS */;
UNLOCK TABLES;

--
-- Table structure for table `sys_resource_info_attr`
--

DROP TABLE IF EXISTS `sys_resource_info_attr`;
/*!40101 SET @saved_cs_client     = @@character_set_client */;
/*!40101 SET character_set_client = utf8 */;
CREATE TABLE `sys_resource_info_attr` (
  `res_attr` char(1) NOT NULL,
  `res_attr_desc` varchar(300) DEFAULT NULL,
  PRIMARY KEY (`res_attr`)
) ENGINE=InnoDB DEFAULT CHARSET=utf8;
/*!40101 SET character_set_client = @saved_cs_client */;

--
-- Dumping data for table `sys_resource_info_attr`
--

LOCK TABLES `sys_resource_info_attr` WRITE;
/*!40000 ALTER TABLE `sys_resource_info_attr` DISABLE KEYS */;
INSERT INTO `sys_resource_info_attr` VALUES ('0','目录'),('1','叶子');
/*!40000 ALTER TABLE `sys_resource_info_attr` ENABLE KEYS */;
UNLOCK TABLES;

--
-- Table structure for table `sys_resource_type_attr`
--

DROP TABLE IF EXISTS `sys_resource_type_attr`;
/*!40101 SET @saved_cs_client     = @@character_set_client */;
/*!40101 SET character_set_client = utf8 */;
CREATE TABLE `sys_resource_type_attr` (
  `res_type` char(1) NOT NULL,
  `res_type_desc` varchar(90) DEFAULT NULL,
  PRIMARY KEY (`res_type`)
) ENGINE=InnoDB DEFAULT CHARSET=utf8;
/*!40101 SET character_set_client = @saved_cs_client */;

--
-- Dumping data for table `sys_resource_type_attr`
--

LOCK TABLES `sys_resource_type_attr` WRITE;
/*!40000 ALTER TABLE `sys_resource_type_attr` DISABLE KEYS */;
INSERT INTO `sys_resource_type_attr` VALUES ('0','首页菜单'),('1','子系统菜单'),('2','功能按钮'),('4','虚拟节点');
/*!40000 ALTER TABLE `sys_resource_type_attr` ENABLE KEYS */;
UNLOCK TABLES;

--
-- Table structure for table `sys_role_info`
--

DROP TABLE IF EXISTS `sys_role_info`;
/*!40101 SET @saved_cs_client     = @@character_set_client */;
/*!40101 SET character_set_client = utf8 */;
CREATE TABLE `sys_role_info` (
  `role_id` varchar(66) NOT NULL,
  `role_name` varchar(300) NOT NULL,
  `role_owner` varchar(30) NOT NULL,
  `role_create_date` datetime NOT NULL,
  `role_status_id` char(1) NOT NULL,
  `domain_id` varchar(30) NOT NULL,
  `role_maintance_date` datetime NOT NULL,
  `role_maintance_user` varchar(30) NOT NULL,
  `code_number` varchar(66) NOT NULL,
  PRIMARY KEY (`role_id`),
  KEY `fk_sys_idx_11` (`role_status_id`),
  CONSTRAINT `fk_sys_idx_11` FOREIGN KEY (`role_status_id`) REFERENCES `sys_role_status_attr` (`role_status_id`)
) ENGINE=InnoDB DEFAULT CHARSET=utf8;
/*!40101 SET character_set_client = @saved_cs_client */;

--
-- Dumping data for table `sys_role_info`
--

LOCK TABLES `sys_role_info` WRITE;
/*!40000 ALTER TABLE `sys_role_info` DISABLE KEYS */;
INSERT INTO `sys_role_info` VALUES ('mas_join_cademo','成本分摊演示角色','admin','2017-03-07 10:36:45','0','mas','2017-03-07 10:36:45','admin','cademo'),('mas_join_ftpdemo','内部资金转移定价演示角色','admin','2017-03-07 10:36:59','0','mas','2017-03-07 10:36:59','admin','ftpdemo'),('mas_join_masadmin','管理会计管理员','admin','2017-03-14 14:44:34','0','mas','2017-03-14 14:44:34','admin','masadmin'),('vertex_root_join_sysadmin','超级管理员','admin','2016-01-01 00:00:00','0','vertex_root','2016-12-16 00:00:00','admin','sysadmin');
/*!40000 ALTER TABLE `sys_role_info` ENABLE KEYS */;
UNLOCK TABLES;

--
-- Table structure for table `sys_role_resource_relat`
--

DROP TABLE IF EXISTS `sys_role_resource_relat`;
/*!40101 SET @saved_cs_client     = @@character_set_client */;
/*!40101 SET character_set_client = utf8 */;
CREATE TABLE `sys_role_resource_relat` (
  `uuid` varchar(60) NOT NULL DEFAULT 'uuid()',
  `role_id` varchar(66) DEFAULT NULL,
  `res_id` varchar(30) DEFAULT NULL,
  PRIMARY KEY (`uuid`),
  KEY `fk_sys_idx_06` (`res_id`),
  KEY `fk_sys_role_res_01_idx` (`role_id`),
  CONSTRAINT `fk_sys_idx_06` FOREIGN KEY (`res_id`) REFERENCES `sys_resource_info` (`res_id`) ON DELETE CASCADE ON UPDATE CASCADE,
  CONSTRAINT `fk_sys_role_res_01` FOREIGN KEY (`role_id`) REFERENCES `sys_role_info` (`role_id`) ON DELETE CASCADE ON UPDATE CASCADE
) ENGINE=InnoDB DEFAULT CHARSET=utf8;
/*!40101 SET character_set_client = @saved_cs_client */;

--
-- Dumping data for table `sys_role_resource_relat`
--

LOCK TABLES `sys_role_resource_relat` WRITE;
/*!40000 ALTER TABLE `sys_role_resource_relat` DISABLE KEYS */;
INSERT INTO `sys_role_resource_relat` VALUES ('00716df3-07ed-11e7-952f-a0c58951c8d5','vertex_root_join_sysadmin','0105010600'),('0574d053-07e7-11e7-952f-a0c58951c8d5','vertex_root_join_sysadmin','0103020300'),('0e9c6d37-094c-11e7-952f-a0c58951c8d5','vertex_root_join_sysadmin','0203050000'),('0f65406b-02df-11e7-9b60-a0c58951c8d5','mas_join_cademo','0201000000'),('0f655305-02df-11e7-9b60-a0c58951c8d5','mas_join_cademo','0201040000'),('0f656609-02df-11e7-9b60-a0c58951c8d5','mas_join_cademo','0203000000'),('0f657dda-02df-11e7-9b60-a0c58951c8d5','mas_join_cademo','0201030000'),('0f65938e-02df-11e7-9b60-a0c58951c8d5','mas_join_cademo','0203020000'),('0f65a7da-02df-11e7-9b60-a0c58951c8d5','mas_join_cademo','0203010000'),('0f65bc56-02df-11e7-9b60-a0c58951c8d5','mas_join_cademo','0203030000'),('0f65d3c9-02df-11e7-9b60-a0c58951c8d5','mas_join_cademo','0202000000'),('0f671952-02df-11e7-9b60-a0c58951c8d5','mas_join_cademo','0202010000'),('0f672d27-02df-11e7-9b60-a0c58951c8d5','mas_join_cademo','0202020000'),('0f6753eb-02df-11e7-9b60-a0c58951c8d5','mas_join_cademo','0202040000'),('0f676552-02df-11e7-9b60-a0c58951c8d5','mas_join_cademo','0203040000'),('0f678912-02df-11e7-9b60-a0c58951c8d5','mas_join_cademo','0200000000'),('0f679a9f-02df-11e7-9b60-a0c58951c8d5','mas_join_cademo','0201010000'),('0f67bbf4-02df-11e7-9b60-a0c58951c8d5','mas_join_cademo','0201060000'),('0f931a5a-07f2-11e7-952f-a0c58951c8d5','vertex_root_join_sysadmin','0105040100'),('0fed7044-024a-11e7-9b60-a0c58951c8d5','vertex_root_join_sysadmin','0301000000'),('15498bd1-02df-11e7-9b60-a0c58951c8d5','mas_join_ftpdemo','0302000000'),('15499deb-02df-11e7-9b60-a0c58951c8d5','mas_join_ftpdemo','0303000000'),('1549b2c0-02df-11e7-9b60-a0c58951c8d5','mas_join_ftpdemo','0301020000'),('1549c489-02df-11e7-9b60-a0c58951c8d5','mas_join_ftpdemo','0302030000'),('1549da33-02df-11e7-9b60-a0c58951c8d5','mas_join_ftpdemo','0303010000'),('1549ebe7-02df-11e7-9b60-a0c58951c8d5','mas_join_ftpdemo','0303020000'),('1549ff00-02df-11e7-9b60-a0c58951c8d5','mas_join_ftpdemo','0301000000'),('154a0c8d-02df-11e7-9b60-a0c58951c8d5','mas_join_ftpdemo','0302010000'),('154a1a9e-02df-11e7-9b60-a0c58951c8d5','mas_join_ftpdemo','0303030000'),('154a2a7c-02df-11e7-9b60-a0c58951c8d5','mas_join_ftpdemo','0300000000'),('154a62a2-02df-11e7-9b60-a0c58951c8d5','mas_join_ftpdemo','0302020000'),('154a7233-02df-11e7-9b60-a0c58951c8d5','mas_join_ftpdemo','0301050000'),('17994440-024c-11e7-9b60-a0c58951c8d5','vertex_root_join_sysadmin','0303030000'),('19c75114-0248-11e7-9b60-a0c58951c8d5','vertex_root_join_sysadmin','0202020000'),('1bdeaba6-07e9-11e7-952f-a0c58951c8d5','vertex_root_join_sysadmin','0103010100'),('1bf28a08-07e7-11e7-952f-a0c58951c8d5','vertex_root_join_sysadmin','0103020400'),('1c3118cc-07e2-11e7-952f-a0c58951c8d5','vertex_root_join_sysadmin','0103030400'),('25167037-07f2-11e7-952f-a0c58951c8d5','vertex_root_join_sysadmin','0105040200'),('32cfc9e5-0ba4-11e7-9649-a0c58951c8d5','mas_join_cademo','0401000000'),('32cfe510-0ba4-11e7-9649-a0c58951c8d5','mas_join_cademo','0402000000'),('32cff514-0ba4-11e7-9649-a0c58951c8d5','mas_join_cademo','0403000000'),('32d00969-0ba4-11e7-9649-a0c58951c8d5','mas_join_cademo','0404000000'),('32d0a0f2-0ba4-11e7-9649-a0c58951c8d5','mas_join_cademo','0400000000'),('33bb66bb-07e9-11e7-952f-a0c58951c8d5','vertex_root_join_sysadmin','0103010200'),('3d23d85e-07e7-11e7-952f-a0c58951c8d5','vertex_root_join_sysadmin','0103020500'),('43ad40d2-07f1-11e7-952f-a0c58951c8d5','vertex_root_join_sysadmin','0105020510'),('4704352b-0acc-11e7-998e-a0c58951c8d5','mas_join_masadmin','1100000000'),('470450e2-0acc-11e7-998e-a0c58951c8d5','mas_join_masadmin','1101000000'),('4704667c-0acc-11e7-998e-a0c58951c8d5','mas_join_masadmin','1102000000'),('47047a55-0acc-11e7-998e-a0c58951c8d5','mas_join_masadmin','1103000000'),('47048c2b-0acc-11e7-998e-a0c58951c8d5','mas_join_masadmin','1101010000'),('48463b39-07e9-11e7-952f-a0c58951c8d5','vertex_root_join_sysadmin','0103010300'),('48fb522e-04a4-11e7-9b60-a0c58951c8d5','vertex_root_join_sysadmin','0301010000'),('50482835-0247-11e7-9b60-a0c58951c8d5','vertex_root_join_sysadmin','0201030000'),('53c399c4-024c-11e7-9b60-a0c58951c8d5','vertex_root_join_sysadmin','0302030000'),('5479d2da-0246-11e7-9b60-a0c58951c8d5','vertex_root_join_sysadmin','0200000000'),('5a7db1f7-07f1-11e7-952f-a0c58951c8d5','vertex_root_join_sysadmin','0105020520'),('5c60bc08-024b-11e7-9b60-a0c58951c8d5','vertex_root_join_sysadmin','0301050000'),('66e57a22-0248-11e7-9b60-a0c58951c8d5','vertex_root_join_sysadmin','0202040000'),('6bb7e04d-07e9-11e7-952f-a0c58951c8d5','vertex_root_join_sysadmin','0103010400'),('72939327-024b-11e7-9b60-a0c58951c8d5','vertex_root_join_sysadmin','0302000000'),('76e8be09-07e5-11e7-952f-a0c58951c8d5','vertex_root_join_sysadmin','0101010100'),('776b1d4b-024c-11e7-9b60-a0c58951c8d5','vertex_root_join_sysadmin','1101000000'),('7929becd-0247-11e7-9b60-a0c58951c8d5','vertex_root_join_sysadmin','0201040000'),('7d73294c-07ec-11e7-952f-a0c58951c8d5','vertex_root_join_sysadmin','0105010100'),('8009b52c-0ba4-11e7-9649-a0c58951c8d5','mas_join_cademo','0203050000'),('8024c16b-07d8-11e7-952f-a0c58951c8d5','vertex_root_join_sysadmin','0104010300'),('824c1f28-04a3-11e7-9b60-a0c58951c8d5','vertex_root_join_sysadmin','0400000000'),('83794268-024b-11e7-9b60-a0c58951c8d5','vertex_root_join_sysadmin','0302010000'),('841c2ccd-0246-11e7-9b60-a0c58951c8d5','vertex_root_join_sysadmin','0201000000'),('8a1979e2-0248-11e7-9b60-a0c58951c8d5','vertex_root_join_sysadmin','0203010000'),('8ca4f732-07e5-11e7-952f-a0c58951c8d5','vertex_root_join_sysadmin','0101010200'),('9466d2dc-07d5-11e7-952f-a0c58951c8d5','vertex_root_join_sysadmin','0104010200'),('9490d276-024a-11e7-9b60-a0c58951c8d5','vertex_root_join_sysadmin','1100000000'),('970569ee-07d8-11e7-952f-a0c58951c8d5','vertex_root_join_sysadmin','0104010400'),('974d1286-07ec-11e7-952f-a0c58951c8d5','vertex_root_join_sysadmin','0105010200'),('9bf2e6b3-0246-11e7-9b60-a0c58951c8d5','vertex_root_join_sysadmin','0202000000'),('9e79cb72-024b-11e7-9b60-a0c58951c8d5','vertex_root_join_sysadmin','0302020000'),('a2658092-07ed-11e7-952f-a0c58951c8d5','vertex_root_join_sysadmin','0105020100'),('a2a01355-07e5-11e7-952f-a0c58951c8d5','vertex_root_join_sysadmin','0101010300'),('a8320586-0248-11e7-9b60-a0c58951c8d5','vertex_root_join_sysadmin','0203020000'),('ad3e53ed-07d8-11e7-952f-a0c58951c8d5','vertex_root_join_sysadmin','0104010500'),('ad96ffe8-0992-11e7-952f-a0c58951c8d5','mas_join_masadmin','0101010000'),('ad97168e-0992-11e7-952f-a0c58951c8d5','mas_join_masadmin','0101010100'),('ad972957-0992-11e7-952f-a0c58951c8d5','mas_join_masadmin','0101010300'),('ad973d01-0992-11e7-952f-a0c58951c8d5','mas_join_masadmin','0101000000'),('ad974e5b-0992-11e7-952f-a0c58951c8d5','mas_join_masadmin','0101010200'),('b096b467-024b-11e7-9b60-a0c58951c8d5','vertex_root_join_sysadmin','0303000000'),('b142aabf-0246-11e7-9b60-a0c58951c8d5','vertex_root_join_sysadmin','0203000000'),('b257854d-04a3-11e7-9b60-a0c58951c8d5','vertex_root_join_sysadmin','0401000000'),('b5801636-07ec-11e7-952f-a0c58951c8d5','vertex_root_join_sysadmin','0105010300'),('b687b293-024a-11e7-9b60-a0c58951c8d5','vertex_root_join_sysadmin','0301020000'),('b6ca0b31-0881-11e7-952f-a0c58951c8d5','mas_join_masadmin','0103010300'),('b6ca200b-0881-11e7-952f-a0c58951c8d5','mas_join_masadmin','0103010400'),('b6ca36e4-0881-11e7-952f-a0c58951c8d5','mas_join_masadmin','0103010500'),('b6ca480f-0881-11e7-952f-a0c58951c8d5','mas_join_masadmin','0105010600'),('b6ca5c0b-0881-11e7-952f-a0c58951c8d5','mas_join_masadmin','0103010000'),('b6ca9a8f-0881-11e7-952f-a0c58951c8d5','mas_join_masadmin','0105020520'),('b6caa8cf-0881-11e7-952f-a0c58951c8d5','mas_join_masadmin','0105040100'),('b6cab506-0881-11e7-952f-a0c58951c8d5','mas_join_masadmin','0103030200'),('b6cac00f-0881-11e7-952f-a0c58951c8d5','mas_join_masadmin','0103000000'),('b6cad202-0881-11e7-952f-a0c58951c8d5','mas_join_masadmin','0103020000'),('b6cae5b5-0881-11e7-952f-a0c58951c8d5','mas_join_masadmin','0103020400'),('b6caf864-0881-11e7-952f-a0c58951c8d5','mas_join_masadmin','0105010200'),('b6cc6dcb-0881-11e7-952f-a0c58951c8d5','mas_join_masadmin','0105010100'),('b6cc8746-0881-11e7-952f-a0c58951c8d5','mas_join_masadmin','0105020400'),('b6cc9c46-0881-11e7-952f-a0c58951c8d5','mas_join_masadmin','0105000000'),('b6ccae31-0881-11e7-952f-a0c58951c8d5','mas_join_masadmin','0103020200'),('b6ccbf4f-0881-11e7-952f-a0c58951c8d5','mas_join_masadmin','0104010100'),('b6ccd5ad-0881-11e7-952f-a0c58951c8d5','mas_join_masadmin','0104010200'),('b6ccf9f1-0881-11e7-952f-a0c58951c8d5','mas_join_masadmin','0104010300'),('b6cd0a06-0881-11e7-952f-a0c58951c8d5','mas_join_masadmin','0105010300'),('b6cd1c82-0881-11e7-952f-a0c58951c8d5','mas_join_masadmin','0105020510'),('b6cd3017-0881-11e7-952f-a0c58951c8d5','mas_join_masadmin','0105010400'),('b6cd4386-0881-11e7-952f-a0c58951c8d5','mas_join_masadmin','0105040200'),('b6cd66f5-0881-11e7-952f-a0c58951c8d5','mas_join_masadmin','0104010000'),('b6cd7506-0881-11e7-952f-a0c58951c8d5','mas_join_masadmin','0103010100'),('b6cd8439-0881-11e7-952f-a0c58951c8d5','mas_join_masadmin','0103020500'),('b6cd9375-0881-11e7-952f-a0c58951c8d5','mas_join_masadmin','0105020100'),('b6cda1f9-0881-11e7-952f-a0c58951c8d5','mas_join_masadmin','0105020500'),('b6cdb0d7-0881-11e7-952f-a0c58951c8d5','mas_join_masadmin','0103030100'),('b6cdc093-0881-11e7-952f-a0c58951c8d5','mas_join_masadmin','0103030300'),('b6cdccfe-0881-11e7-952f-a0c58951c8d5','mas_join_masadmin','0105010000'),('b6cddc28-0881-11e7-952f-a0c58951c8d5','mas_join_masadmin','0103010200'),('b6cdea17-0881-11e7-952f-a0c58951c8d5','mas_join_masadmin','0103020100'),('b6cdfb93-0881-11e7-952f-a0c58951c8d5','mas_join_masadmin','0104010500'),('b6ce08d7-0881-11e7-952f-a0c58951c8d5','mas_join_masadmin','0103030400'),('b6ce14f1-0881-11e7-952f-a0c58951c8d5','mas_join_masadmin','0104010400'),('b6ce228f-0881-11e7-952f-a0c58951c8d5','mas_join_masadmin','0105010500'),('b6ce2ded-0881-11e7-952f-a0c58951c8d5','mas_join_masadmin','0105020200'),('b6ce39b5-0881-11e7-952f-a0c58951c8d5','mas_join_masadmin','0105020300'),('b6ce49b5-0881-11e7-952f-a0c58951c8d5','mas_join_masadmin','0100000000'),('b6ce568f-0881-11e7-952f-a0c58951c8d5','mas_join_masadmin','0105020000'),('b6ce6475-0881-11e7-952f-a0c58951c8d5','mas_join_masadmin','0105040000'),('b6ce7217-0881-11e7-952f-a0c58951c8d5','mas_join_masadmin','0103020300'),('b8df3b71-07e9-11e7-952f-a0c58951c8d5','vertex_root_join_sysadmin','0103010500'),('ba1baad1-0249-11e7-9b60-a0c58951c8d5','vertex_root_join_sysadmin','0300000000'),('bd267b0e-07ed-11e7-952f-a0c58951c8d5','vertex_root_join_sysadmin','0105020200'),('c1177dbf-07e1-11e7-952f-a0c58951c8d5','vertex_root_join_sysadmin','0103030100'),('c35cb2d1-0248-11e7-9b60-a0c58951c8d5','vertex_root_join_sysadmin','0203030000'),('c3baf059-07ee-11e7-952f-a0c58951c8d5','vertex_root_join_sysadmin','0105020500'),('c8650311-024b-11e7-9b60-a0c58951c8d5','vertex_root_join_sysadmin','0303010000'),('c93c6302-0247-11e7-9b60-a0c58951c8d5','vertex_root_join_sysadmin','0201060000'),('c988dc67-07ec-11e7-952f-a0c58951c8d5','vertex_root_join_sysadmin','0105010400'),('cb4b16fb-04a3-11e7-9b60-a0c58951c8d5','vertex_root_join_sysadmin','0402000000'),('cf420a8e-0991-11e7-952f-a0c58951c8d5','vertex_root_join_sysadmin','1102000000'),('d517d48d-07ed-11e7-952f-a0c58951c8d5','vertex_root_join_sysadmin','0105020300'),('d6746779-0ba4-11e7-9649-a0c58951c8d5','mas_join_ftpdemo','0301010000'),('d89f256d-0991-11e7-952f-a0c58951c8d5','vertex_root_join_sysadmin','1103000000'),('d8fd37ed-07e1-11e7-952f-a0c58951c8d5','vertex_root_join_sysadmin','0103030200'),('daae0b92-07e6-11e7-952f-a0c58951c8d5','vertex_root_join_sysadmin','0103020100'),('dd816233-0248-11e7-9b60-a0c58951c8d5','vertex_root_join_sysadmin','0203040000'),('e61931f7-04a3-11e7-9b60-a0c58951c8d5','vertex_root_join_sysadmin','0403000000'),('ea23a4e6-07ed-11e7-952f-a0c58951c8d5','vertex_root_join_sysadmin','0105020400'),('ec5e6b47-07ec-11e7-952f-a0c58951c8d5','vertex_root_join_sysadmin','0105010500'),('ecfe2317-024b-11e7-9b60-a0c58951c8d5','vertex_root_join_sysadmin','0303020000'),('ee768238-07e6-11e7-952f-a0c58951c8d5','vertex_root_join_sysadmin','0103020200'),('f02c157f-0247-11e7-9b60-a0c58951c8d5','vertex_root_join_sysadmin','0202010000'),('f0766b0d-c597-11e6-9b11-d4bed967cdff','vertex_root_join_sysadmin','0100000000'),('f07680fd-c597-11e6-9b11-d4bed967cdff','vertex_root_join_sysadmin','0101000000'),('f076a4d5-c597-11e6-9b11-d4bed967cdff','vertex_root_join_sysadmin','0103000000'),('f076b2d1-c597-11e6-9b11-d4bed967cdff','vertex_root_join_sysadmin','0103010000'),('f076c09b-c597-11e6-9b11-d4bed967cdff','vertex_root_join_sysadmin','0103020000'),('f076e3ca-c597-11e6-9b11-d4bed967cdff','vertex_root_join_sysadmin','0104010000'),('f076efb4-c597-11e6-9b11-d4bed967cdff','vertex_root_join_sysadmin','0105000000'),('f076fb82-c597-11e6-9b11-d4bed967cdff','vertex_root_join_sysadmin','0105010000'),('f077074b-c597-11e6-9b11-d4bed967cdff','vertex_root_join_sysadmin','0105020000'),('f0771e6b-c597-11e6-9b11-d4bed967cdf1','vertex_root_join_sysadmin','0101010000'),('f0771e6b-c597-11e6-9b11-d4bed967cdff','vertex_root_join_sysadmin','0105040000'),('f2e86103-07d2-11e7-95d9-a0c58951c8d5','vertex_root_join_sysadmin','0104010100'),('f6a653e9-04a3-11e7-9b60-a0c58951c8d5','vertex_root_join_sysadmin','0404000000'),('f87aad5f-0991-11e7-952f-a0c58951c8d5','vertex_root_join_sysadmin','1101010000'),('fb945e39-0246-11e7-9b60-a0c58951c8d5','vertex_root_join_sysadmin','0201010000'),('fb9787a0-07e1-11e7-952f-a0c58951c8d5','vertex_root_join_sysadmin','0103030300');
/*!40000 ALTER TABLE `sys_role_resource_relat` ENABLE KEYS */;
UNLOCK TABLES;

--
-- Table structure for table `sys_role_status_attr`
--

DROP TABLE IF EXISTS `sys_role_status_attr`;
/*!40101 SET @saved_cs_client     = @@character_set_client */;
/*!40101 SET character_set_client = utf8 */;
CREATE TABLE `sys_role_status_attr` (
  `role_status_id` char(1) NOT NULL,
  `role_status_desc` varchar(300) DEFAULT NULL,
  PRIMARY KEY (`role_status_id`)
) ENGINE=InnoDB DEFAULT CHARSET=utf8;
/*!40101 SET character_set_client = @saved_cs_client */;

--
-- Dumping data for table `sys_role_status_attr`
--

LOCK TABLES `sys_role_status_attr` WRITE;
/*!40000 ALTER TABLE `sys_role_status_attr` DISABLE KEYS */;
INSERT INTO `sys_role_status_attr` VALUES ('0','正常'),('1','锁定'),('2','失效');
/*!40000 ALTER TABLE `sys_role_status_attr` ENABLE KEYS */;
UNLOCK TABLES;

--
-- Table structure for table `sys_role_user_relation`
--

DROP TABLE IF EXISTS `sys_role_user_relation`;
/*!40101 SET @saved_cs_client     = @@character_set_client */;
/*!40101 SET character_set_client = utf8 */;
CREATE TABLE `sys_role_user_relation` (
  `uuid` varchar(60) NOT NULL,
  `role_id` varchar(66) DEFAULT NULL,
  `user_id` varchar(30) DEFAULT NULL,
  `maintance_date` date DEFAULT NULL,
  `maintance_user` varchar(30) DEFAULT NULL,
  PRIMARY KEY (`uuid`),
  KEY `fk_sys_idx_03` (`user_id`),
  KEY `fk_sys_role_user_01_idx` (`role_id`),
  CONSTRAINT `fk_sys_idx_03` FOREIGN KEY (`user_id`) REFERENCES `sys_user_info` (`user_id`) ON DELETE CASCADE ON UPDATE CASCADE,
  CONSTRAINT `fk_sys_role_user_01` FOREIGN KEY (`role_id`) REFERENCES `sys_role_info` (`role_id`) ON DELETE CASCADE ON UPDATE CASCADE
) ENGINE=InnoDB DEFAULT CHARSET=utf8;
/*!40101 SET character_set_client = @saved_cs_client */;

--
-- Dumping data for table `sys_role_user_relation`
--

LOCK TABLES `sys_role_user_relation` WRITE;
/*!40000 ALTER TABLE `sys_role_user_relation` DISABLE KEYS */;
INSERT INTO `sys_role_user_relation` VALUES ('19890228hzwy23','vertex_root_join_sysadmin','admin','2000-01-01','hzwy23'),('3b82e786-0ba4-11e7-9649-a0c58951c8d5','mas_join_cademo','test1','2017-03-18','admin'),('585a0307-02df-11e7-9b60-a0c58951c8d5','mas_join_cademo','yangpanhong','2017-03-07','admin'),('6198fb70-0ba4-11e7-9649-a0c58951c8d5','mas_join_ftpdemo','test1','2017-03-18','admin'),('adaced2e-0ba4-11e7-9649-a0c58951c8d5','mas_join_cademo','caadmin','2017-03-18','admin'),('b0190d77-0ba4-11e7-9649-a0c58951c8d5','mas_join_ftpdemo','caadmin','2017-03-18','admin'),('c9261d69-0881-11e7-952f-a0c58951c8d5','mas_join_masadmin','demo','2017-03-14','admin');
/*!40000 ALTER TABLE `sys_role_user_relation` ENABLE KEYS */;
UNLOCK TABLES;

--
-- Table structure for table `sys_sec_user`
--

DROP TABLE IF EXISTS `sys_sec_user`;
/*!40101 SET @saved_cs_client     = @@character_set_client */;
/*!40101 SET character_set_client = utf8 */;
CREATE TABLE `sys_sec_user` (
  `user_id` varchar(30) NOT NULL,
  `user_passwd` varchar(30) DEFAULT NULL,
  `status_id` char(1) DEFAULT NULL,
  `continue_error_cnt` int(11) DEFAULT NULL,
  PRIMARY KEY (`user_id`),
  KEY `fk_sys_idx_02` (`status_id`),
  CONSTRAINT `fk_sys_idx_01` FOREIGN KEY (`user_id`) REFERENCES `sys_user_info` (`user_id`) ON DELETE CASCADE ON UPDATE CASCADE,
  CONSTRAINT `fk_sys_idx_02` FOREIGN KEY (`status_id`) REFERENCES `sys_user_status_attr` (`status_id`)
) ENGINE=InnoDB DEFAULT CHARSET=utf8;
/*!40101 SET character_set_client = @saved_cs_client */;

--
-- Dumping data for table `sys_sec_user`
--

LOCK TABLES `sys_sec_user` WRITE;
/*!40000 ALTER TABLE `sys_sec_user` DISABLE KEYS */;
INSERT INTO `sys_sec_user` VALUES ('admin','CsKFRtqSE85hYo8NIZGdoQ==','0',0),('caadmin','CguSVgQY2Df4LxG0UT/xwA==','0',0),('demo','CguSVgQY2Df4LxG0UT/xwA==','0',0),('test1','CguSVgQY2Df4LxG0UT/xwA==','0',0),('test10','CguSVgQY2Df4LxG0UT/xwA==','0',NULL),('test11','CguSVgQY2Df4LxG0UT/xwA==','0',NULL),('test12','CguSVgQY2Df4LxG0UT/xwA==','0',NULL),('test13','CguSVgQY2Df4LxG0UT/xwA==','0',NULL),('test14','CguSVgQY2Df4LxG0UT/xwA==','0',NULL),('test2','CguSVgQY2Df4LxG0UT/xwA==','0',NULL),('test3','CguSVgQY2Df4LxG0UT/xwA==','0',NULL),('test4','CguSVgQY2Df4LxG0UT/xwA==','0',NULL),('test5','CguSVgQY2Df4LxG0UT/xwA==','0',NULL),('test6','CguSVgQY2Df4LxG0UT/xwA==','0',NULL),('test7','CguSVgQY2Df4LxG0UT/xwA==','0',NULL),('test8','CguSVgQY2Df4LxG0UT/xwA==','0',NULL),('test9','CguSVgQY2Df4LxG0UT/xwA==','0',NULL),('yangpanhong','CguSVgQY2Df4LxG0UT/xwA==','0',0);
/*!40000 ALTER TABLE `sys_sec_user` ENABLE KEYS */;
UNLOCK TABLES;

--
-- Table structure for table `sys_theme_info`
--

DROP TABLE IF EXISTS `sys_theme_info`;
/*!40101 SET @saved_cs_client     = @@character_set_client */;
/*!40101 SET character_set_client = utf8 */;
CREATE TABLE `sys_theme_info` (
  `theme_id` varchar(30) NOT NULL,
  `theme_desc` varchar(120) DEFAULT NULL
) ENGINE=InnoDB DEFAULT CHARSET=utf8;
/*!40101 SET character_set_client = @saved_cs_client */;

--
-- Dumping data for table `sys_theme_info`
--

LOCK TABLES `sys_theme_info` WRITE;
/*!40000 ALTER TABLE `sys_theme_info` DISABLE KEYS */;
INSERT INTO `sys_theme_info` VALUES ('1001','活泼型'),('1002','稳重型'),('1003','果粉'),('1004','传统');
/*!40000 ALTER TABLE `sys_theme_info` ENABLE KEYS */;
UNLOCK TABLES;

--
-- Table structure for table `sys_theme_value`
--

DROP TABLE IF EXISTS `sys_theme_value`;
/*!40101 SET @saved_cs_client     = @@character_set_client */;
/*!40101 SET character_set_client = utf8 */;
CREATE TABLE `sys_theme_value` (
  `uuid` varchar(60) NOT NULL,
  `theme_id` varchar(30) DEFAULT NULL,
  `res_id` varchar(30) DEFAULT NULL,
  `res_url` varchar(120) DEFAULT NULL,
  `res_type` varchar(5) DEFAULT NULL,
  `res_bg_color` varchar(30) DEFAULT NULL,
  `res_class` varchar(90) DEFAULT NULL,
  `group_id` char(1) DEFAULT NULL,
  `res_img` varchar(200) DEFAULT NULL,
  `sort_id` decimal(10,0) DEFAULT NULL,
  KEY `pk_sys_theme_value_01` (`uuid`)
) ENGINE=InnoDB DEFAULT CHARSET=utf8;
/*!40101 SET character_set_client = @saved_cs_client */;

--
-- Dumping data for table `sys_theme_value`
--

LOCK TABLES `sys_theme_value` WRITE;
/*!40000 ALTER TABLE `sys_theme_value` DISABLE KEYS */;
INSERT INTO `sys_theme_value` VALUES ('1001-0101010000','1001','0101010000','/v1/auth/HandleLogsPage','1','#336699','tile tile-large','3','/static/theme/default/img/logs_shen.png',1),('1001-0103010000','1001','0103010000','/v1/auth/resource/page','1','#666699','tile','1','/static/theme/default/img/menus.png',3),('1001-0104010000','1001','0104010000','/v1/auth/domain/page','1','#0099CC','tile tile-wide','1','/static/theme/default/img/domain.png',1),('1001-0105010000','1001','0105010000','/v1/auth/user/page','1','#CC6600','tile tile-wide','2','/static/theme/default/img/user_manager.png',1),('1001-0105020000','1001','0105020000','/v1/auth/role/page','1','#FFCC33','tile','2','/static/theme/default/img/role_manager.png',2),('1001-0100000000','1001','0100000000','./views/hauth/theme/default/sysconfig.tpl','0','#FF6600','tile tile-wide','1','/static/theme/default/img/system.png',1),('1001-0105040000','1001','0105040000','/v1/auth/batch/page','1','#339999','tile','2','/static/theme/default/img/grant.png',4),('1001-0103020000','1001','0103020000','/v1/auth/resource/org/page','1','#FF6666','tile','1','/static/theme/default/img/org.png',2),('54786c62-0246-11e7-9b60-a0c58951c8d5','1001','0200000000','./views/ca/ca.tpl','0','#666699','tile tile-wide','2','/static/theme/default/img/grant.png',1),('fb944b0a-0246-11e7-9b60-a0c58951c8d5','1001','0201010000','/v1/ca/responsibility/page','1','#6fc07c','tile tile-wide','1','/static/images/ca_icon/org_info.png',1),('5046d07a-0247-11e7-9b60-a0c58951c8d5','1001','0201030000','/v1/ca/cost/direction/page','1','#6faccd','tile','1','/static/images/ca_icon/cost_direction.png',3),('7929aa2b-0247-11e7-9b60-a0c58951c8d5','1001','0201040000','/v1/ca/driver/page','1','#b4d39e','tile','1','/static/images/ca_icon/driver_info.png',4),('c93c4e93-0247-11e7-9b60-a0c58951c8d5','1001','0201060000','/v1/ca/cost/page','1','#e4d690','tile tile-wide','1','/static/images/ca_icon/cost_pool.png',6),('f02a3b32-0247-11e7-9b60-a0c58951c8d5','1001','0202010000','/v1/ca/static/radio/page','1','#92cdd2','tile tile-wide','2','/static/images/ca_icon/static_rules.png',1),('19c73fba-0248-11e7-9b60-a0c58951c8d5','1001','0202020000','/v1/ca/amart/rules/page','1','#58c0b3','tile tile-wide','2','/static/images/ca_icon/amart_rules.png',2),('66e55e26-0248-11e7-9b60-a0c58951c8d5','1001','0202040000','/v1/ca/amart/group/page','1','#ded1b0','tile tile-wide','2','/static/images/ca_icon/group_rules.png',4),('8a180b66-0248-11e7-9b60-a0c58951c8d5','1001','0203010000','/v1/ca/dispatch/page','1','#ed9f86','tile tile-wide','3','/static/images/ca_icon/dispatch_manage.png',1),('a831ec58-0248-11e7-9b60-a0c58951c8d5','1001','0203020000','/v1/ca/dispatch/history/page','1','#b4d7de','tile','3','/static/images/ca_icon/dispatch_history.png',2),('c35ca15a-0248-11e7-9b60-a0c58951c8d5','1001','0203030000','/v1/ca/amart/ascend/page','1','#c3b7ce','tile','3','/static/images/ca_icon/amart_query.png',3),('dd815000-0248-11e7-9b60-a0c58951c8d5','1001','0203040000','/v1/ca/cost/manage/page','1','#f2cbaf','tile','3','/static/images/ca_icon/cost_query.png',4),('ba1a252f-0249-11e7-9b60-a0c58951c8d5','1001','0300000000','./views/ftp/ftp.tpl','0','#009999','tile tile-wide','2','/static/theme/default/img/org.png',2),('948f67dc-024a-11e7-9b60-a0c58951c8d5','1001','1100000000','./views/help/default/syshelp.tpl','0','#0099CC','tile tile-wide','1','/static/theme/default/img/org.png',2),('b687a0e9-024a-11e7-9b60-a0c58951c8d5','1001','0301020000','/v1/ftp/curve/manage/page','1','#336699','tile','1','/static/theme/default/img/org.png',2),('5c60abdd-024b-11e7-9b60-a0c58951c8d5','1001','0301050000','/v1/ftp/rules/manage/page','1','#99CC33','tile tile-wide','1','/static/theme/default/img/org.png',3),('83792fdb-024b-11e7-9b60-a0c58951c8d5','1001','0302010000','/v1/ftp/adjust/inner/page','1','#0099CC','tile','2','/static/theme/default/img/org.png',2),('9e79b725-024b-11e7-9b60-a0c58951c8d5','1001','0302020000','/v1/ftp/adjust/outer/page','1','#CC6600','tile','2','/static/theme/default/img/org.png',3),('c864e93c-024b-11e7-9b60-a0c58951c8d5','1001','0303010000','/v1/ftp/single/calc/page','1','#FF6666','tile tile-wide','3','/static/theme/default/img/org.png',1),('ecfe0b20-024b-11e7-9b60-a0c58951c8d5','1001','0303020000','/v1/ftp/dispatch/manage/page','1','#009933','tile','3','/static/theme/default/img/org.png',2),('1797ac80-024c-11e7-9b60-a0c58951c8d5','1001','0303030000','/v1/ftp/dispatch/history/page','1','#009999','tile','3','/static/theme/default/img/org.png',3),('53c3813f-024c-11e7-9b60-a0c58951c8d5','1001','0302030000','/v1/ftp/filter/define/page','1','#FFCC33','tile tile-wide','2','/static/theme/default/img/org.png',1),('624b90c0-0278-11e7-9b60-a0c58951c8d5','1002','0101010000','/v1/auth/HandleLogsPage','1','#339999','tile tile-wide','3','/static/theme/default/img/logs_shen.png',1),('824c0d97-04a3-11e7-9b60-a0c58951c8d5','1001','0400000000','./views/common/dimension.tpl','0','#FFCC33','tile tile-large','3','/static/theme/default/img/system.png',1),('b2561d1e-04a3-11e7-9b60-a0c58951c8d5','1001','0401000000','/v1/auth/resource/org/page','1','#6fc07c','tile tile-wide','1','/static/images/common_icon/department.png',1),('cb4afcc4-04a3-11e7-9b60-a0c58951c8d5','1001','0402000000','/v1/auth/resource/org/page','1','#92cdd2','tile tile-wide','2','/static/images/common_icon/product.png',1),('e6191fef-04a3-11e7-9b60-a0c58951c8d5','1001','0403000000','/v1/auth/resource/org/page','1','#ed9f86','tile tile-wide','3','/static/images/common_icon/gl_account.png',1),('f6a6448b-04a3-11e7-9b60-a0c58951c8d5','1001','0404000000','/v1/auth/resource/org/page','1','#67accd','tile tile-wide','1','/static/images/common_icon/iso_currency.png',2),('48fb4303-04a4-11e7-9b60-a0c58951c8d5','1001','0301010000','/v1/ftp/curve/define/page','1','#666699','tile','1','/static/theme/default/img/org.png',1),('f2e81083-07d2-11e7-95d9-a0c58951c8d5','1001','0104010100','/v1/auth/domain/get','2','','','','',0),('946658e9-07d5-11e7-952f-a0c58951c8d5','1001','0104010200','/v1/auth/domain/share/page','2','','','','',0),('8024ac09-07d8-11e7-952f-a0c58951c8d5','1001','0104010300','/v1/auth/domain/update','2','','','','',0),('9705437b-07d8-11e7-952f-a0c58951c8d5','1001','0104010400','/v1/auth/domain/delete','2','','','','',0),('ad3e295c-07d8-11e7-952f-a0c58951c8d5','1001','0104010500','/v1/auth/domain/post','2','','','','',0),('c1174621-07e1-11e7-952f-a0c58951c8d5','1001','0103030100','/v1/auth/domain/share/get','2','','','','',0),('d8fccbcb-07e1-11e7-952f-a0c58951c8d5','1001','0103030200','/v1/auth/domain/share/post','2','','','','',0),('fb975107-07e1-11e7-952f-a0c58951c8d5','1001','0103030300','/v1/auth/domain/share/delete','2','','','','',0),('1c30f988-07e2-11e7-952f-a0c58951c8d5','1001','0103030400','/v1/auth/domain/share/put','2','','','','',0),('76e895cd-07e5-11e7-952f-a0c58951c8d5','1001','0101010100','/v1/auth/handle/logs','2','','','','',0),('8ca386d8-07e5-11e7-952f-a0c58951c8d5','1001','0101010200','/v1/auth/handle/logs/download','2','','','','',0),('a29fba3f-07e5-11e7-952f-a0c58951c8d5','1001','0101010300','/v1/auth/handle/logs/search','2','','','','',0),('daadf91b-07e6-11e7-952f-a0c58951c8d5','1001','0103020100','/v1/auth/resource/org/get','2','','','','',0),('ee765e9a-07e6-11e7-952f-a0c58951c8d5','1001','0103020200','/v1/auth/resource/org/insert','2','','','','',0),('0574add7-07e7-11e7-952f-a0c58951c8d5','1001','0103020300','/v1/auth/resource/org/update','2','','','','',0),('1bf270aa-07e7-11e7-952f-a0c58951c8d5','1001','0103020400','/v1/auth/resource/org/delete','2','','','','',0),('3d237ba7-07e7-11e7-952f-a0c58951c8d5','1001','0103020500','/v1/auth/resource/org/download','2','','','','',0),('1bde8991-07e9-11e7-952f-a0c58951c8d5','1001','0103010100','/v1/auth/resource/get','2','','','','',0),('33b9cb0c-07e9-11e7-952f-a0c58951c8d5','1001','0103010200','/v1/auth/resource/post','2','','','','',0),('48460086-07e9-11e7-952f-a0c58951c8d5','1001','0103010300','/v1/auth/resource/update','2','','','','',0),('6bb7b2c8-07e9-11e7-952f-a0c58951c8d5','1001','0103010400','/v1/auth/resource/delete','2','','','','',0),('b8df0cd7-07e9-11e7-952f-a0c58951c8d5','1001','0103010500','/v1/auth/resource/config/theme','2','','','','',0),('7d73058c-07ec-11e7-952f-a0c58951c8d5','1001','0105010100','/v1/auth/user/get','2','','','','',0),('974ce1fd-07ec-11e7-952f-a0c58951c8d5','1001','0105010200','/v1/auth/user/post','2','','','','',0),('b58002f6-07ec-11e7-952f-a0c58951c8d5','1001','0105010300','/v1/auth/user/put','2','','','','',0),('c988bb89-07ec-11e7-952f-a0c58951c8d5','1001','0105010400','/v1/auth/user/delete','2','','','','',0),('ec5cb33a-07ec-11e7-952f-a0c58951c8d5','1001','0105010500','/v1/auth/user/modify/passwd','2','','','','',0),('00714873-07ed-11e7-952f-a0c58951c8d5','1001','0105010600','/v1/auth/user/modify/status','2','','','','',0),('a265597d-07ed-11e7-952f-a0c58951c8d5','1001','0105020100','/v1/auth/role/get','2','','','','',0),('bd264fd7-07ed-11e7-952f-a0c58951c8d5','1001','0105020200','/v1/auth/role/post','2','','','','',0),('d517aab8-07ed-11e7-952f-a0c58951c8d5','1001','0105020300','/v1/auth/role/update','2','','','','',0),('ea237b6a-07ed-11e7-952f-a0c58951c8d5','1001','0105020400','/v1/auth/role/delete','2','','','','',0),('c3bad47b-07ee-11e7-952f-a0c58951c8d5','1001','0105020500','/v1/auth/role/resource/details','2','','','','',0),('43ad2a9a-07f1-11e7-952f-a0c58951c8d5','1001','0105020510','/v1/auth/role/resource/get','2','','','','',0),('5a7d8dbf-07f1-11e7-952f-a0c58951c8d5','1001','0105020520','/v1/auth/role/resource/rights','2','','','','',0),('0f9303e2-07f2-11e7-952f-a0c58951c8d5','1001','0105040100','/v1/auth/user/roles/auth','2','','','','',0),('25165700-07f2-11e7-952f-a0c58951c8d5','1001','0105040200','/v1/auth/user/roles/revoke','2','','','','',0),('0e9aec3f-094c-11e7-952f-a0c58951c8d5','1001','0203050000','/v1/ca/driver/manage/page','1','#6caeb3','tile','3','/static/images/ca_icon/driver_query.png',5),('f87a9123-0991-11e7-952f-a0c58951c8d5','1001','1101010000','/v1/help/system/help','1','#339999','tile tile-large','1','/static/theme/default/img/org.png',1),('991641c3-0d55-11e7-964b-a0c58951c8d5','1004','0101010000','/v1/auth/HandleLogsPage','1','#336699','tile tile-large','3','/static/theme/default/img/logs_shen.png',1),('99164f5c-0d55-11e7-964b-a0c58951c8d5','1004','0103010000','/v1/auth/resource/page','1','#666699','tile','1','/static/theme/default/img/menus.png',3),('9916502d-0d55-11e7-964b-a0c58951c8d5','1004','0104010000','/v1/auth/domain/page','1','#0099CC','tile tile-wide','1','/static/theme/default/img/domain.png',1),('991650a9-0d55-11e7-964b-a0c58951c8d5','1004','0105010000','/v1/auth/user/page','1','#CC6600','tile tile-wide','2','/static/theme/default/img/user_manager.png',1),('9916512d-0d55-11e7-964b-a0c58951c8d5','1004','0105020000','/v1/auth/role/page','1','#FFCC33','tile','2','/static/theme/default/img/role_manager.png',2),('9916519c-0d55-11e7-964b-a0c58951c8d5','1004','0100000000','./views/hauth/theme/cyan/sysconfig.tpl','0','#FF6600','tile tile-wide','1','/static/theme/default/img/system.png',1),('99165203-0d55-11e7-964b-a0c58951c8d5','1004','0105040000','/v1/auth/batch/page','1','#339999','tile','2','/static/theme/default/img/grant.png',4),('9916525c-0d55-11e7-964b-a0c58951c8d5','1004','0103020000','/v1/auth/resource/org/page','1','#FF6666','tile','1','/static/theme/default/img/org.png',2),('991652b2-0d55-11e7-964b-a0c58951c8d5','1004','0200000000','./views/ca/ca.tpl','0','#666699','tile tile-wide','2','/static/theme/default/img/grant.png',1),('9916534b-0d55-11e7-964b-a0c58951c8d5','1004','0201010000','/v1/ca/responsibility/page','1','#6fc07c','tile tile-wide','1','/static/images/ca_icon/org_info.png',1),('9916545c-0d55-11e7-964b-a0c58951c8d5','1004','0201030000','/v1/ca/cost/direction/page','1','#6faccd','tile','1','/static/images/ca_icon/cost_direction.png',3),('991654be-0d55-11e7-964b-a0c58951c8d5','1004','0201040000','/v1/ca/driver/page','1','#b4d39e','tile','1','/static/images/ca_icon/driver_info.png',4),('991657d4-0d55-11e7-964b-a0c58951c8d5','1004','0201060000','/v1/ca/cost/page','1','#e4d690','tile tile-wide','1','/static/images/ca_icon/cost_pool.png',6),('9916933a-0d55-11e7-964b-a0c58951c8d5','1004','0202010000','/v1/ca/static/radio/page','1','#92cdd2','tile tile-wide','2','/static/images/ca_icon/static_rules.png',1),('9917f369-0d55-11e7-964b-a0c58951c8d5','1004','0202020000','/v1/ca/amart/rules/page','1','#58c0b3','tile tile-wide','2','/static/images/ca_icon/amart_rules.png',2),('9917f42d-0d55-11e7-964b-a0c58951c8d5','1004','0202040000','/v1/ca/amart/group/page','1','#ded1b0','tile tile-wide','2','/static/images/ca_icon/group_rules.png',4),('9917f48b-0d55-11e7-964b-a0c58951c8d5','1004','0203010000','/v1/ca/dispatch/page','1','#ed9f86','tile tile-wide','3','/static/images/ca_icon/dispatch_manage.png',1),('9917f4cb-0d55-11e7-964b-a0c58951c8d5','1004','0203020000','/v1/ca/dispatch/history/page','1','#b4d7de','tile','3','/static/images/ca_icon/dispatch_history.png',2),('9917f532-0d55-11e7-964b-a0c58951c8d5','1004','0203030000','/v1/ca/amart/ascend/page','1','#c3b7ce','tile','3','/static/images/ca_icon/amart_query.png',3),('9917f598-0d55-11e7-964b-a0c58951c8d5','1004','0203040000','/v1/ca/cost/manage/page','1','#f2cbaf','tile','3','/static/images/ca_icon/cost_query.png',4),('9917f676-0d55-11e7-964b-a0c58951c8d5','1004','0300000000','./views/ftp/ftp.tpl','0','#009999','tile tile-wide','2','/static/theme/default/img/org.png',2),('9917f6e5-0d55-11e7-964b-a0c58951c8d5','1004','1100000000','./views/help/cyan/syshelp.tpl','0','#0099CC','tile tile-wide','1','/static/theme/default/img/org.png',2),('9917f743-0d55-11e7-964b-a0c58951c8d5','1004','0301020000','/v1/ftp/curve/manage/page','1','#336699','tile','1','/static/theme/default/img/org.png',2),('9917f7ba-0d55-11e7-964b-a0c58951c8d5','1004','0301050000','/v1/ftp/rules/manage/page','1','#99CC33','tile tile-wide','1','/static/theme/default/img/org.png',3),('9917f818-0d55-11e7-964b-a0c58951c8d5','1004','0302010000','/v1/ftp/adjust/inner/page','1','#0099CC','tile','2','/static/theme/default/img/org.png',2),('9917f869-0d55-11e7-964b-a0c58951c8d5','1004','0302020000','/v1/ftp/adjust/outer/page','1','#CC6600','tile','2','/static/theme/default/img/org.png',3),('9917f8b6-0d55-11e7-964b-a0c58951c8d5','1004','0303010000','/v1/ftp/single/calc/page','1','#FF6666','tile tile-wide','3','/static/theme/default/img/org.png',1),('99180aad-0d55-11e7-964b-a0c58951c8d5','1004','0303020000','/v1/ftp/dispatch/manage/page','1','#009933','tile','3','/static/theme/default/img/org.png',2),('99180b3a-0d55-11e7-964b-a0c58951c8d5','1004','0303030000','/v1/ftp/dispatch/history/page','1','#009999','tile','3','/static/theme/default/img/org.png',3),('99180b7a-0d55-11e7-964b-a0c58951c8d5','1004','0302030000','/v1/ftp/filter/define/page','1','#FFCC33','tile tile-wide','2','/static/theme/default/img/org.png',1),('99180bfa-0d55-11e7-964b-a0c58951c8d5','1004','0400000000','./views/common/dimension.tpl','0','#FFCC33','tile tile-large','3','/static/theme/default/img/system.png',1),('99180c36-0d55-11e7-964b-a0c58951c8d5','1004','0401000000','/v1/auth/resource/org/page','1','#6fc07c','tile tile-wide','1','/static/images/common_icon/department.png',1),('99180c72-0d55-11e7-964b-a0c58951c8d5','1004','0402000000','/v1/auth/resource/org/page','1','#92cdd2','tile tile-wide','2','/static/images/common_icon/product.png',1),('99180ca9-0d55-11e7-964b-a0c58951c8d5','1004','0403000000','/v1/auth/resource/org/page','1','#ed9f86','tile tile-wide','3','/static/images/common_icon/gl_account.png',1),('99180ced-0d55-11e7-964b-a0c58951c8d5','1004','0404000000','/v1/auth/resource/org/page','1','#67accd','tile tile-wide','1','/static/images/common_icon/iso_currency.png',2),('99180d2d-0d55-11e7-964b-a0c58951c8d5','1004','0301010000','/v1/ftp/curve/define/page','1','#666699','tile','1','/static/theme/default/img/org.png',1),('99180d65-0d55-11e7-964b-a0c58951c8d5','1004','0104010100','/v1/auth/domain/get','2','','','','',0),('99180da1-0d55-11e7-964b-a0c58951c8d5','1004','0104010200','/v1/auth/domain/share/page','2','','','','',0),('99180ddc-0d55-11e7-964b-a0c58951c8d5','1004','0104010300','/v1/auth/domain/update','2','','','','',0),('99180e14-0d55-11e7-964b-a0c58951c8d5','1004','0104010400','/v1/auth/domain/delete','2','','','','',0),('99180e4f-0d55-11e7-964b-a0c58951c8d5','1004','0104010500','/v1/auth/domain/post','2','','','','',0),('99180e87-0d55-11e7-964b-a0c58951c8d5','1004','0103030100','/v1/auth/domain/share/get','2','','','','',0),('99180ec3-0d55-11e7-964b-a0c58951c8d5','1004','0103030200','/v1/auth/domain/share/post','2','','','','',0),('99180efa-0d55-11e7-964b-a0c58951c8d5','1004','0103030300','/v1/auth/domain/share/delete','2','','','','',0),('99180f32-0d55-11e7-964b-a0c58951c8d5','1004','0103030400','/v1/auth/domain/share/put','2','','','','',0),('99180f69-0d55-11e7-964b-a0c58951c8d5','1004','0101010100','/v1/auth/handle/logs','2','','','','',0),('99180fa1-0d55-11e7-964b-a0c58951c8d5','1004','0101010200','/v1/auth/handle/logs/download','2','','','','',0),('99180fdc-0d55-11e7-964b-a0c58951c8d5','1004','0101010300','/v1/auth/handle/logs/search','2','','','','',0),('99181014-0d55-11e7-964b-a0c58951c8d5','1004','0103020100','/v1/auth/resource/org/get','2','','','','',0),('9918104b-0d55-11e7-964b-a0c58951c8d5','1004','0103020200','/v1/auth/resource/org/insert','2','','','','',0),('99181087-0d55-11e7-964b-a0c58951c8d5','1004','0103020300','/v1/auth/resource/org/update','2','','','','',0),('991810be-0d55-11e7-964b-a0c58951c8d5','1004','0103020400','/v1/auth/resource/org/delete','2','','','','',0),('991810fe-0d55-11e7-964b-a0c58951c8d5','1004','0103020500','/v1/auth/resource/org/download','2','','','','',0),('9918113a-0d55-11e7-964b-a0c58951c8d5','1004','0103010100','/v1/auth/resource/get','2','','','','',0),('99181176-0d55-11e7-964b-a0c58951c8d5','1004','0103010200','/v1/auth/resource/post','2','','','','',0),('991811ad-0d55-11e7-964b-a0c58951c8d5','1004','0103010300','/v1/auth/resource/update','2','','','','',0),('991811e1-0d55-11e7-964b-a0c58951c8d5','1004','0103010400','/v1/auth/resource/delete','2','','','','',0),('99181218-0d55-11e7-964b-a0c58951c8d5','1004','0103010500','/v1/auth/resource/config/theme','2','','','','',0),('9918124f-0d55-11e7-964b-a0c58951c8d5','1004','0105010100','/v1/auth/user/get','2','','','','',0),('9918128b-0d55-11e7-964b-a0c58951c8d5','1004','0105010200','/v1/auth/user/post','2','','','','',0),('991812c3-0d55-11e7-964b-a0c58951c8d5','1004','0105010300','/v1/auth/user/put','2','','','','',0),('991812fa-0d55-11e7-964b-a0c58951c8d5','1004','0105010400','/v1/auth/user/delete','2','','','','',0),('99181332-0d55-11e7-964b-a0c58951c8d5','1004','0105010500','/v1/auth/user/modify/passwd','2','','','','',0),('99181365-0d55-11e7-964b-a0c58951c8d5','1004','0105010600','/v1/auth/user/modify/status','2','','','','',0),('9918139c-0d55-11e7-964b-a0c58951c8d5','1004','0105020100','/v1/auth/role/get','2','','','','',0),('991813d4-0d55-11e7-964b-a0c58951c8d5','1004','0105020200','/v1/auth/role/post','2','','','','',0),('9918140b-0d55-11e7-964b-a0c58951c8d5','1004','0105020300','/v1/auth/role/update','2','','','','',0),('99181443-0d55-11e7-964b-a0c58951c8d5','1004','0105020400','/v1/auth/role/delete','2','','','','',0),('99181476-0d55-11e7-964b-a0c58951c8d5','1004','0105020500','/v1/auth/role/resource/details','2','','','','',0),('991814ad-0d55-11e7-964b-a0c58951c8d5','1004','0105020510','/v1/auth/role/resource/get','2','','','','',0),('991814f2-0d55-11e7-964b-a0c58951c8d5','1004','0105020520','/v1/auth/role/resource/rights','2','','','','',0),('9918152d-0d55-11e7-964b-a0c58951c8d5','1004','0105040100','/v1/auth/user/roles/auth','2','','','','',0),('99181569-0d55-11e7-964b-a0c58951c8d5','1004','0105040200','/v1/auth/user/roles/revoke','2','','','','',0),('991815a1-0d55-11e7-964b-a0c58951c8d5','1004','0203050000','/v1/ca/driver/manage/page','1','#6caeb3','tile','3','/static/images/ca_icon/driver_query.png',5),('991815e1-0d55-11e7-964b-a0c58951c8d5','1004','1101010000','/v1/help/system/help','1','#339999','tile tile-large','1','/static/theme/default/img/org.png',1);
/*!40000 ALTER TABLE `sys_theme_value` ENABLE KEYS */;
UNLOCK TABLES;

--
-- Table structure for table `sys_user_info`
--

DROP TABLE IF EXISTS `sys_user_info`;
/*!40101 SET @saved_cs_client     = @@character_set_client */;
/*!40101 SET character_set_client = utf8 */;
CREATE TABLE `sys_user_info` (
  `user_id` varchar(30) NOT NULL,
  `user_name` varchar(300) DEFAULT NULL,
  `user_create_date` datetime DEFAULT NULL,
  `user_owner` varchar(30) DEFAULT NULL,
  `user_email` varchar(30) DEFAULT NULL,
  `user_phone` decimal(15,0) DEFAULT NULL,
  `org_unit_id` varchar(66) DEFAULT NULL,
  `user_maintance_date` datetime DEFAULT NULL,
  `user_maintance_user` varchar(30) DEFAULT NULL,
  PRIMARY KEY (`user_id`),
  KEY `fk_sys_user_org_idx` (`org_unit_id`),
  CONSTRAINT `fk_sys_user_org` FOREIGN KEY (`org_unit_id`) REFERENCES `sys_org_info` (`org_unit_id`)
) ENGINE=InnoDB DEFAULT CHARSET=utf8;
/*!40101 SET character_set_client = @saved_cs_client */;

--
-- Dumping data for table `sys_user_info`
--

LOCK TABLES `sys_user_info` WRITE;
/*!40000 ALTER TABLE `sys_user_info` DISABLE KEYS */;
INSERT INTO `sys_user_info` VALUES ('admin','超级管理员','2016-01-01 00:00:00','sys','hzwy23@163.com',18986110550,'vertex_root_join_vertex_root','2016-12-19 13:34:32','sys'),('caadmin','CA业务管理员','2017-03-18 14:32:22','admin','hzwy23@163.com',18986110550,'mas_join_34124','2017-03-18 14:32:22','admin'),('demo','演示用户','2017-03-01 21:21:38','admin','hzwy23@163.com',18986110550,'mas_join_34124','2017-03-07 09:58:54','demo'),('test1','测试用户','2017-03-14 11:04:45','admin','hzwy23@163.com',18986110550,'mas_join_512345423','2017-03-14 11:04:45','admin'),('test10','测试用户','2017-03-14 11:07:14','admin','hzwy23@163.com',18986110550,'mas_join_512345423','2017-03-14 11:07:14','admin'),('test11','测试用户','2017-03-14 11:07:29','admin','hzwy23@163.com',18986110550,'mas_join_512345423','2017-03-14 11:07:29','admin'),('test12','测试用户','2017-03-14 11:07:55','admin','hzwy23@163.com',18986110550,'mas_join_34124','2017-03-14 11:07:55','admin'),('test13','测试用户','2017-03-14 11:08:13','admin','hzwy23@163.com',18986110550,'mas_join_34124','2017-03-14 11:08:13','admin'),('test14','测试用户','2017-03-14 11:08:28','admin','hzwy23@163.com',18986110550,'mas_join_34124','2017-03-14 11:08:28','admin'),('test2','测试用户','2017-03-14 11:05:10','admin','hzwy23@163.com',18986110550,'mas_join_45246543','2017-03-14 11:05:10','admin'),('test3','测试用户','2017-03-14 11:05:26','admin','hzwy23@163.com',18986110550,'mas_join_4542346','2017-03-14 11:05:26','admin'),('test4','测试用户','2017-03-14 11:05:41','admin','hzwy23@163.com',18986110550,'mas_join_4542346','2017-03-14 11:05:41','admin'),('test5','测试用户','2017-03-14 11:05:54','admin','hzwy23@163.com',18986110550,'mas_join_4542346','2017-03-14 11:05:54','admin'),('test6','测试用户','2017-03-14 11:06:12','admin','hzwy23@163.com',18986110550,'mas_join_45246543','2017-03-14 11:06:12','admin'),('test7','测试用户','2017-03-14 11:06:25','admin','hzwy23@163.com',18986110550,'mas_join_45246543','2017-03-14 11:06:25','admin'),('test8','测试用户','2017-03-14 11:06:39','admin','hzwy23@163.com',18986110550,'mas_join_512345423','2017-03-14 11:06:39','admin'),('test9','测试用户','2017-03-14 11:06:58','admin','hzwy23@163.com',18986110550,'mas_join_45246543','2017-03-14 11:06:58','admin'),('yangpanhong','测试','2017-03-07 10:31:35','demo','hzwy23@163.com',18986110550,'mas_join_34124','2017-03-07 10:31:35','demo');
/*!40000 ALTER TABLE `sys_user_info` ENABLE KEYS */;
UNLOCK TABLES;

--
-- Table structure for table `sys_user_status_attr`
--

DROP TABLE IF EXISTS `sys_user_status_attr`;
/*!40101 SET @saved_cs_client     = @@character_set_client */;
/*!40101 SET character_set_client = utf8 */;
CREATE TABLE `sys_user_status_attr` (
  `status_id` char(1) NOT NULL,
  `status_desc` varchar(60) DEFAULT NULL,
  PRIMARY KEY (`status_id`)
) ENGINE=InnoDB DEFAULT CHARSET=utf8;
/*!40101 SET character_set_client = @saved_cs_client */;

--
-- Dumping data for table `sys_user_status_attr`
--

LOCK TABLES `sys_user_status_attr` WRITE;
/*!40000 ALTER TABLE `sys_user_status_attr` DISABLE KEYS */;
INSERT INTO `sys_user_status_attr` VALUES ('0','正常'),('1','锁定'),('2','失效');
/*!40000 ALTER TABLE `sys_user_status_attr` ENABLE KEYS */;
UNLOCK TABLES;

--
-- Table structure for table `sys_user_theme`
--

DROP TABLE IF EXISTS `sys_user_theme`;
/*!40101 SET @saved_cs_client     = @@character_set_client */;
/*!40101 SET character_set_client = utf8 */;
CREATE TABLE `sys_user_theme` (
  `user_id` varchar(30) NOT NULL,
  `theme_id` varchar(30) DEFAULT NULL,
  PRIMARY KEY (`user_id`),
  CONSTRAINT `pk_sys_user_theme_01` FOREIGN KEY (`user_id`) REFERENCES `sys_user_info` (`user_id`) ON DELETE CASCADE ON UPDATE CASCADE
) ENGINE=InnoDB DEFAULT CHARSET=utf8;
/*!40101 SET character_set_client = @saved_cs_client */;

--
-- Dumping data for table `sys_user_theme`
--

LOCK TABLES `sys_user_theme` WRITE;
/*!40000 ALTER TABLE `sys_user_theme` DISABLE KEYS */;
INSERT INTO `sys_user_theme` VALUES ('admin','1004'),('caadmin','1004'),('demo','1004'),('test1','1001'),('test10','1001'),('test11','1001'),('test12','1001'),('test13','1001'),('test14','1001'),('test2','1001'),('test3','1001'),('test4','1001'),('test5','1001'),('test6','1001'),('test7','1001'),('test8','1001'),('test9','1001'),('yangpanhong','1001');
/*!40000 ALTER TABLE `sys_user_theme` ENABLE KEYS */;
UNLOCK TABLES;

--
-- Dumping routines for database 'test'
--
/*!50003 DROP FUNCTION IF EXISTS `getChildDomainList` */;
/*!50003 SET @saved_cs_client      = @@character_set_client */ ;
/*!50003 SET @saved_cs_results     = @@character_set_results */ ;
/*!50003 SET @saved_col_connection = @@collation_connection */ ;
/*!50003 SET character_set_client  = utf8 */ ;
/*!50003 SET character_set_results = utf8 */ ;
/*!50003 SET collation_connection  = utf8_general_ci */ ;
/*!50003 SET @saved_sql_mode       = @@sql_mode */ ;
/*!50003 SET sql_mode              = 'STRICT_TRANS_TABLES,NO_ENGINE_SUBSTITUTION' */ ;
DELIMITER ;;
CREATE DEFINER=`root`@`localhost` FUNCTION `getChildDomainList`(rootId varchar(60)) RETURNS varchar(4000) CHARSET utf8
BEGIN
DECLARE sTemp VARCHAR(4000);
DECLARE sTempChd VARCHAR(4000);

SET sTemp = '$';
SET sTempChd = cast(rootId as char);

WHILE sTempChd is not NULL DO
SET sTemp = CONCAT(sTemp,',',sTempChd);
SELECT group_concat(domain_id) INTO sTempChd FROM sys_domain_info where FIND_IN_SET(domain_up_id,sTempChd) > 0;
END WHILE;
return sTemp;
END ;;
DELIMITER ;
/*!50003 SET sql_mode              = @saved_sql_mode */ ;
/*!50003 SET character_set_client  = @saved_cs_client */ ;
/*!50003 SET character_set_results = @saved_cs_results */ ;
/*!50003 SET collation_connection  = @saved_col_connection */ ;
/*!50003 DROP FUNCTION IF EXISTS `getChildList` */;
/*!50003 SET @saved_cs_client      = @@character_set_client */ ;
/*!50003 SET @saved_cs_results     = @@character_set_results */ ;
/*!50003 SET @saved_col_connection = @@collation_connection */ ;
/*!50003 SET character_set_client  = utf8 */ ;
/*!50003 SET character_set_results = utf8 */ ;
/*!50003 SET collation_connection  = utf8_general_ci */ ;
/*!50003 SET @saved_sql_mode       = @@sql_mode */ ;
/*!50003 SET sql_mode              = 'STRICT_TRANS_TABLES,NO_ENGINE_SUBSTITUTION' */ ;
DELIMITER ;;
CREATE DEFINER=`root`@`localhost` FUNCTION `getChildList`(rootId varchar(60)) RETURNS varchar(4000) CHARSET utf8
BEGIN
DECLARE sTemp VARCHAR(4000);
DECLARE sTempChd VARCHAR(4000);

SET sTemp = '$';
SET sTempChd = cast(rootId as char);

WHILE sTempChd is not NULL DO
SET sTemp = CONCAT(sTemp,',',sTempChd);
SELECT group_concat(res_id) INTO sTempChd FROM sys_resource_info where FIND_IN_SET(res_up_id,sTempChd) > 0;
END WHILE;
return sTemp;
END ;;
DELIMITER ;
/*!50003 SET sql_mode              = @saved_sql_mode */ ;
/*!50003 SET character_set_client  = @saved_cs_client */ ;
/*!50003 SET character_set_results = @saved_cs_results */ ;
/*!50003 SET collation_connection  = @saved_col_connection */ ;
/*!50003 DROP FUNCTION IF EXISTS `getChildOrgList` */;
/*!50003 SET @saved_cs_client      = @@character_set_client */ ;
/*!50003 SET @saved_cs_results     = @@character_set_results */ ;
/*!50003 SET @saved_col_connection = @@collation_connection */ ;
/*!50003 SET character_set_client  = utf8 */ ;
/*!50003 SET character_set_results = utf8 */ ;
/*!50003 SET collation_connection  = utf8_general_ci */ ;
/*!50003 SET @saved_sql_mode       = @@sql_mode */ ;
/*!50003 SET sql_mode              = 'STRICT_TRANS_TABLES,NO_ENGINE_SUBSTITUTION' */ ;
DELIMITER ;;
CREATE DEFINER=`root`@`localhost` FUNCTION `getChildOrgList`(rootId varchar(60)) RETURNS varchar(4000) CHARSET utf8
BEGIN
DECLARE sTemp VARCHAR(4000);
DECLARE sTempChd VARCHAR(4000);

SET sTemp = '$';
SET sTempChd = cast(rootId as char);

WHILE sTempChd is not NULL DO
SET sTemp = CONCAT(sTemp,',',sTempChd);
SELECT group_concat(org_unit_id) INTO sTempChd FROM sys_org_info where FIND_IN_SET(up_org_id,sTempChd) > 0;
END WHILE;
return sTemp;
END ;;
DELIMITER ;
/*!50003 SET sql_mode              = @saved_sql_mode */ ;
/*!50003 SET character_set_client  = @saved_cs_client */ ;
/*!50003 SET character_set_results = @saved_cs_results */ ;
/*!50003 SET collation_connection  = @saved_col_connection */ ;
/*!50003 DROP FUNCTION IF EXISTS `getParentAndChindDomainList` */;
/*!50003 SET @saved_cs_client      = @@character_set_client */ ;
/*!50003 SET @saved_cs_results     = @@character_set_results */ ;
/*!50003 SET @saved_col_connection = @@collation_connection */ ;
/*!50003 SET character_set_client  = utf8 */ ;
/*!50003 SET character_set_results = utf8 */ ;
/*!50003 SET collation_connection  = utf8_general_ci */ ;
/*!50003 SET @saved_sql_mode       = @@sql_mode */ ;
/*!50003 SET sql_mode              = 'STRICT_TRANS_TABLES,NO_ENGINE_SUBSTITUTION' */ ;
DELIMITER ;;
CREATE DEFINER=`root`@`localhost` FUNCTION `getParentAndChindDomainList`(
	rootId varchar(90)
) RETURNS varchar(4000) CHARSET utf8
BEGIN
	DECLARE sTemp VARCHAR(4000);
	DECLARE sTempChd VARCHAR(4000);
	DECLARE curDomain VARCHAR(90);

	SET sTemp = '$';
	SET curDomain = cast(rootId as char);
	SET sTempChd = curDomain;
	
	WHILE sTempChd <> '-1' DO

		SELECT domain_up_id into sTempChd from sys_domain_info where domain_id = curDomain;
		
        if sTempChd <> '-1' then
			SET sTemp = CONCAT(sTemp,',',sTempChd);
        end if;

		SET curDomain = sTempChd;

	END WHILE;
    
    SET sTempChd = cast(rootId as char);
    
    WHILE sTempChd is not NULL DO
    
		SET sTemp = CONCAT(sTemp,',',sTempChd);
        
		SELECT group_concat(domain_id) INTO sTempChd FROM sys_domain_info where FIND_IN_SET(domain_up_id,sTempChd) > 0;
	
    END WHILE;
    
	return sTemp;

END ;;
DELIMITER ;
/*!50003 SET sql_mode              = @saved_sql_mode */ ;
/*!50003 SET character_set_client  = @saved_cs_client */ ;
/*!50003 SET character_set_results = @saved_cs_results */ ;
/*!50003 SET collation_connection  = @saved_col_connection */ ;
/*!50003 DROP FUNCTION IF EXISTS `getParentDomainList` */;
/*!50003 SET @saved_cs_client      = @@character_set_client */ ;
/*!50003 SET @saved_cs_results     = @@character_set_results */ ;
/*!50003 SET @saved_col_connection = @@collation_connection */ ;
/*!50003 SET character_set_client  = utf8 */ ;
/*!50003 SET character_set_results = utf8 */ ;
/*!50003 SET collation_connection  = utf8_general_ci */ ;
/*!50003 SET @saved_sql_mode       = @@sql_mode */ ;
/*!50003 SET sql_mode              = 'STRICT_TRANS_TABLES,NO_ENGINE_SUBSTITUTION' */ ;
DELIMITER ;;
CREATE DEFINER=`root`@`localhost` FUNCTION `getParentDomainList`(
	rootId varchar(90)
) RETURNS varchar(4000) CHARSET utf8
BEGIN
	DECLARE sTemp VARCHAR(4000);
	DECLARE sTempChd VARCHAR(4000);
	DECLARE curDomain VARCHAR(90);

	SET sTemp = '$';
	SET curDomain = cast(rootId as char);
	SET sTempChd = curDomain;
	
	WHILE sTempChd <> '-1' DO

		SELECT domain_up_id into sTempChd from sys_domain_info where domain_id = curDomain;
		
        if sTempChd <> '-1' then
			SET sTemp = CONCAT(sTemp,',',sTempChd);
        end if;

		SET curDomain = sTempChd;

	END WHILE;
    
	return sTemp;

END ;;
DELIMITER ;
/*!50003 SET sql_mode              = @saved_sql_mode */ ;
/*!50003 SET character_set_client  = @saved_cs_client */ ;
/*!50003 SET character_set_results = @saved_cs_results */ ;
/*!50003 SET collation_connection  = @saved_col_connection */ ;
/*!40103 SET TIME_ZONE=@OLD_TIME_ZONE */;

/*!40101 SET SQL_MODE=@OLD_SQL_MODE */;
/*!40014 SET FOREIGN_KEY_CHECKS=@OLD_FOREIGN_KEY_CHECKS */;
/*!40014 SET UNIQUE_CHECKS=@OLD_UNIQUE_CHECKS */;
/*!40101 SET CHARACTER_SET_CLIENT=@OLD_CHARACTER_SET_CLIENT */;
/*!40101 SET CHARACTER_SET_RESULTS=@OLD_CHARACTER_SET_RESULTS */;
/*!40101 SET COLLATION_CONNECTION=@OLD_COLLATION_CONNECTION */;
/*!40111 SET SQL_NOTES=@OLD_SQL_NOTES */;

-- Dump completed on 2017-03-20 21:23:11
